order_id,sku,quantity,order_date,unit_product_price,demand
ORD192102,JLQ,2,2025-08-21,23.0,High
ORD166002,OZB,10,2025-09-02,19.0,High
ORD185234,LNZ,1,2026-05-06,12.0,Medium
ORD105717,LPS,4,2026-05-03,25.0,High
ORD178396,WOW,4,2026-02-11,15.0,High
ORD144535,RCW,5,2025-12-01,23.0,High
ORD141348,OZB,4,2026-04-26,19.0,High
ORD103886,OQN,3,2026-01-22,18.0,High
ORD166402,CWA,3,2025-10-03,20.0,High
ORD181326,CEG,1,2025-08-23,15.0,High
ORD159378,RRI,3,2026-02-05,11.0,Medium
ORD106151,SPV,4,2025-07-26,6.0,High
ORD103190,ARU,4,2025-12-11,21.0,Medium
ORD176122,BES,5,2026-04-06,15.0,High
ORD160094,YZD,4,2025-09-19,15.0,High
ORD166742,OZB,4,2026-04-17,19.0,High
ORD126049,VKI,9,2026-05-12,6.0,Medium
ORD182732,WOW,2,2025-10-02,15.0,High
ORD119685,LAU,3,2025-12-20,5.0,High
ORD134912,NRZ,2,2026-05-29,18.0,High
ORD113975,MDN,5,2026-05-10,14.0,High
ORD160881,CGW,2,2025-12-31,11.0,Medium
ORD162845,CQO,2,2025-08-18,5.0,High
ORD186538,RNL,3,2026-01-21,19.0,High
ORD119563,LMQ,4,2025-06-18,20.0,High
ORD133655,RBX,8,2025-12-06,21.0,High
ORD190516,ZQH,4,2025-12-23,9.0,High
ORD183106,FLH,1,2025-10-17,10.0,High
ORD161199,FLH,3,2026-05-12,10.0,High
ORD142735,FKQ,7,2025-09-03,13.0,High
ORD175796,LER,8,2025-10-23,20.0,High
ORD100690,WAN,6,2026-03-05,25.0,Medium
ORD190181,FLH,4,2026-02-08,10.0,High
ORD134656,NRZ,4,2025-09-30,18.0,High
ORD135558,LAU,1,2025-07-16,5.0,High
ORD139975,JVR,6,2026-05-11,17.0,Medium
ORD193685,NRZ,2,2026-01-24,18.0,High
ORD175388,OQN,4,2026-05-05,18.0,High
ORD141381,HSD,2,2025-10-27,10.0,High
ORD175295,HSD,4,2026-01-10,10.0,High
ORD185160,QAG,4,2025-08-26,18.0,High
ORD154580,DXB,7,2026-01-26,8.0,High
ORD194352,RYE,3,2025-06-25,16.0,High
ORD174995,CQO,4,2026-03-29,5.0,High
ORD121668,WOW,2,2025-10-01,15.0,High
ORD179188,WXE,3,2026-02-02,12.0,High
ORD115783,KCJ,2,2025-09-23,10.0,High
ORD194031,JLQ,3,2025-12-31,23.0,High
ORD103744,OQN,1,2025-06-15,18.0,High
ORD138699,ARU,3,2025-12-17,21.0,Medium
ORD169555,TRB,9,2025-06-11,12.0,Medium
ORD168952,GWD,3,2025-12-06,24.0,High
ORD103874,MZV,2,2025-07-13,8.0,Medium
ORD119620,IGP,7,2025-09-20,9.0,High
ORD193967,CBB,3,2026-02-26,20.0,High
ORD149018,CBB,3,2025-12-04,20.0,High
ORD145608,CEG,7,2026-01-22,15.0,High
ORD108221,KRU,4,2025-09-29,16.0,Low
ORD172387,ZDV,3,2026-04-18,25.0,Medium
ORD171253,DRD,2,2025-06-02,17.0,Low
ORD167001,MYU,1,2025-12-06,11.0,Low
ORD117935,DXB,1,2026-05-29,8.0,High
ORD171543,NUD,6,2025-11-15,11.0,High
ORD129369,CEG,7,2025-06-16,15.0,High
ORD117200,OQN,2,2025-11-11,18.0,High
ORD119817,FKQ,10,2025-09-28,13.0,High
ORD109626,CEG,3,2026-01-27,15.0,High
ORD194194,SCN,1,2025-09-20,20.0,High
ORD106142,FCY,10,2026-05-23,18.0,High
ORD178656,OBP,3,2025-11-07,5.0,Low
ORD167480,RYE,10,2025-06-10,16.0,High
ORD137368,WRS,2,2026-03-09,18.0,High
ORD150290,LMQ,8,2025-10-07,20.0,High
ORD146469,RYE,2,2026-05-25,16.0,High
ORD172184,GWD,3,2025-08-22,24.0,High
ORD145983,WXE,6,2025-11-21,12.0,High
ORD118767,UPP,5,2025-09-03,10.0,Medium
ORD167008,RNL,2,2025-06-24,19.0,High
ORD155976,NRP,3,2025-10-07,15.0,High
ORD127564,PSJ,4,2025-06-07,7.0,High
ORD145491,FKQ,1,2025-12-01,13.0,High
ORD157940,CAT,3,2025-08-24,12.0,Low
ORD108680,ZUW,2,2025-08-24,22.0,Medium
ORD166917,OZB,4,2025-06-27,19.0,High
ORD109652,XIM,9,2026-01-31,12.0,Medium
ORD108270,KCJ,4,2026-05-09,10.0,High
ORD184545,ZGM,6,2026-05-31,17.0,High
ORD199014,FLH,3,2026-04-02,10.0,High
ORD196557,HSD,1,2025-12-13,10.0,High
ORD158258,ADM,6,2026-04-01,20.0,High
ORD123659,RRI,1,2025-07-09,11.0,Medium
ORD131416,WRS,10,2026-04-16,18.0,High
ORD183546,CQO,1,2025-07-16,5.0,High
ORD111171,XVX,3,2026-04-30,23.0,High
ORD118397,CWA,10,2025-11-07,20.0,High
ORD197690,CWA,8,2025-12-29,20.0,High
ORD120508,OZB,4,2025-10-02,19.0,High
ORD197894,LRX,2,2026-05-04,18.0,Low
ORD164227,JVR,3,2026-02-28,17.0,Medium
ORD106134,JZT,3,2026-03-07,17.0,High
ORD120333,OZB,5,2026-02-10,19.0,High
ORD157495,GXL,3,2025-07-21,11.0,Medium
ORD143975,LER,3,2026-03-08,20.0,High
ORD197344,UYZ,10,2026-03-01,22.0,Low
ORD172987,AFY,2,2025-06-18,16.0,Low
ORD176153,FKQ,8,2026-04-26,13.0,High
ORD138044,WAN,1,2025-08-19,25.0,Medium
ORD152800,MGY,3,2025-08-11,9.0,Low
ORD142659,LQT,1,2025-09-03,20.0,Medium
ORD186974,LPS,10,2025-09-30,25.0,High
ORD132017,NRZ,8,2025-11-14,18.0,High
ORD103024,SPV,6,2026-01-09,6.0,High
ORD139393,WRS,5,2025-06-08,18.0,High
ORD124534,OYF,3,2025-08-24,6.0,High
ORD115007,DIY,2,2026-01-23,12.0,Low
ORD130224,GXL,3,2025-06-23,11.0,Medium
ORD126550,EVW,9,2025-12-22,7.0,High
ORD153360,BES,6,2026-04-21,15.0,High
ORD181498,WOW,2,2025-11-05,15.0,High
ORD163581,OZB,3,2025-12-25,19.0,High
ORD101500,SNC,7,2025-12-07,12.0,High
ORD127520,NUD,2,2026-05-21,11.0,High
ORD124051,JLQ,1,2025-08-13,23.0,High
ORD131598,IGP,10,2025-07-21,9.0,High
ORD158009,WFV,8,2026-05-21,6.0,High
ORD120987,XVX,2,2025-12-17,23.0,High
ORD123135,WFV,4,2025-07-23,6.0,High
ORD153770,LAU,7,2026-03-22,5.0,High
ORD178672,IPE,3,2026-05-02,20.0,Medium
ORD128184,QAG,1,2025-11-13,18.0,High
ORD149621,KCJ,4,2026-03-18,10.0,High
ORD141871,YZD,6,2025-09-17,15.0,High
ORD148437,RYE,3,2025-07-20,16.0,High
ORD101732,DXB,1,2025-06-17,8.0,High
ORD152334,QEU,10,2025-10-31,23.0,Medium
ORD126249,KCJ,4,2025-10-01,10.0,High
ORD134313,ZGM,1,2025-09-08,17.0,High
ORD182501,MDN,1,2025-06-09,14.0,High
ORD184334,WRS,8,2026-04-25,18.0,High
ORD116485,PKF,4,2025-11-26,16.0,Medium
ORD148563,CBB,6,2025-06-28,20.0,High
ORD153027,OIT,5,2025-12-07,20.0,Medium
ORD137403,FLH,3,2026-04-21,10.0,High
ORD131895,JZT,3,2025-11-04,17.0,High
ORD145565,RNL,4,2026-04-01,19.0,High
ORD173229,CSM,1,2025-06-12,14.0,Medium
ORD158906,FLH,9,2025-07-25,10.0,High
ORD150577,FCY,4,2026-01-06,18.0,High
ORD181437,MDN,10,2026-02-04,14.0,High
ORD105345,ZQH,8,2025-12-26,9.0,High
ORD126756,PSJ,4,2025-06-27,7.0,High
ORD113601,NFQ,4,2026-01-29,10.0,High
ORD198798,YYO,4,2026-01-11,13.0,High
ORD154988,RCW,9,2026-03-13,23.0,High
ORD112133,QAG,5,2025-12-03,18.0,High
ORD103756,CQK,3,2025-11-25,7.0,Medium
ORD195643,RBX,10,2026-03-21,21.0,High
ORD189704,WXE,2,2025-09-06,12.0,High
ORD107643,GRT,4,2025-07-04,8.0,Medium
ORD190382,GIJ,4,2025-07-31,18.0,Low
ORD162412,EVW,10,2026-02-21,7.0,High
ORD142448,LRX,1,2025-11-19,18.0,Low
ORD187568,WFV,3,2025-07-21,6.0,High
ORD179158,EVW,6,2026-04-06,7.0,High
ORD195623,SCN,4,2025-06-16,20.0,High
ORD109810,KCJ,4,2026-03-24,10.0,High
ORD141753,JPK,9,2025-10-09,19.0,Medium
ORD162235,FKQ,4,2025-12-19,13.0,High
ORD125845,WXE,2,2026-02-11,12.0,High
ORD150033,BES,4,2026-04-09,15.0,High
ORD186721,KCJ,2,2026-04-13,10.0,High
ORD130413,CXQ,3,2026-05-22,17.0,High
ORD165682,MJP,2,2025-06-15,22.0,Low
ORD129815,WRS,4,2026-05-28,18.0,High
ORD165140,GWD,3,2025-07-31,24.0,High
ORD152802,WRS,7,2025-06-25,18.0,High
ORD137943,CGW,7,2025-10-25,11.0,Medium
ORD102277,PKF,1,2026-01-13,16.0,Medium
ORD136651,JZT,10,2026-02-19,17.0,High
ORD196449,FKQ,1,2025-07-21,13.0,High
ORD176440,FFE,1,2025-06-03,5.0,Medium
ORD170071,CEG,2,2026-02-03,15.0,High
ORD136120,OQN,2,2025-06-06,18.0,High
ORD180784,OQN,10,2025-08-29,18.0,High
ORD153599,ADM,10,2025-11-20,20.0,High
ORD183242,CXQ,2,2025-06-03,17.0,High
ORD193941,DXB,8,2026-01-16,8.0,High
ORD137854,SCN,2,2026-05-28,20.0,High
ORD147655,CZS,1,2025-06-23,6.0,Medium
ORD152996,RCW,1,2025-09-29,23.0,High
ORD105649,XVX,1,2026-04-19,23.0,High
ORD128772,TAW,3,2026-05-19,17.0,Medium
ORD158498,YBM,1,2025-12-02,5.0,Low
ORD148432,JUG,4,2026-05-21,17.0,High
ORD123193,WFV,7,2025-10-18,6.0,High
ORD117779,LER,3,2025-07-21,20.0,High
ORD124424,OVY,4,2026-02-15,8.0,Medium
ORD181194,WXE,4,2026-01-11,12.0,High
ORD138483,WAN,4,2026-03-20,25.0,Medium
ORD118243,VMG,6,2026-01-31,22.0,Medium
ORD132219,MDN,1,2025-06-12,14.0,High
ORD121365,LPS,2,2026-03-06,25.0,High
ORD191697,RCW,4,2025-11-03,23.0,High
ORD183422,FFE,2,2025-08-29,5.0,Medium
ORD159834,RNL,7,2025-11-28,19.0,High
ORD186155,WOW,9,2025-10-30,15.0,High
ORD131866,BES,6,2026-03-04,15.0,High
ORD192921,NRZ,2,2026-01-03,18.0,High
ORD149125,OYF,3,2025-12-02,6.0,High
ORD141320,SCN,6,2025-06-12,20.0,High
ORD161472,FLH,2,2025-10-12,10.0,High
ORD103420,MDN,3,2026-02-21,14.0,High
ORD195158,PSJ,2,2025-12-06,7.0,High
ORD138840,ZUW,6,2026-03-03,22.0,Medium
ORD182988,RRI,4,2025-08-22,11.0,Medium
ORD170740,WOW,4,2025-09-25,15.0,High
ORD158983,SNC,1,2026-03-07,12.0,High
ORD138535,CAT,5,2026-02-25,12.0,Low
ORD193224,UYZ,4,2025-07-15,22.0,Low
ORD127253,SPC,1,2026-04-30,7.0,High
ORD168414,WRS,6,2025-06-06,18.0,High
ORD187835,JLQ,3,2025-07-17,23.0,High
ORD142442,LRX,3,2026-04-28,18.0,Low
ORD158931,RCW,2,2025-12-11,23.0,High
ORD157620,NUD,3,2025-12-31,11.0,High
ORD120234,EVW,2,2025-08-25,7.0,High
ORD181307,LQT,2,2025-12-18,20.0,Medium
ORD191997,QMW,3,2026-05-09,25.0,High
ORD145359,JLQ,4,2025-09-30,23.0,High
ORD185176,FJZ,6,2025-10-21,12.0,Medium
ORD179863,OJI,1,2025-06-04,12.0,Medium
ORD157202,WOW,3,2025-07-07,15.0,High
ORD145932,FCY,10,2025-12-07,18.0,High
ORD170223,XJB,3,2025-10-31,8.0,Low
ORD149298,RBX,9,2025-10-10,21.0,High
ORD108676,XMO,3,2026-05-17,24.0,Medium
ORD127786,JZT,1,2026-03-10,17.0,High
ORD105869,JUG,2,2025-09-03,17.0,High
ORD186708,CEG,8,2025-09-28,15.0,High
ORD182497,LRX,6,2025-09-10,18.0,Low
ORD150651,RBX,1,2026-05-23,21.0,High
ORD149472,XJB,6,2025-10-01,8.0,Low
ORD120972,LNZ,10,2025-08-18,12.0,Medium
ORD153517,RNL,1,2026-05-23,19.0,High
ORD170181,WRS,4,2025-11-28,18.0,High
ORD130677,ARU,2,2025-11-14,21.0,Medium
ORD198243,OIT,10,2026-05-12,20.0,Medium
ORD112311,MJP,1,2026-03-07,22.0,Low
ORD195465,ZQH,8,2026-05-11,9.0,High
ORD177730,WRS,8,2026-01-04,18.0,High
ORD102561,EVW,4,2026-01-04,7.0,High
ORD137700,OQN,3,2026-03-16,18.0,High
ORD127159,NRZ,7,2025-09-15,18.0,High
ORD162428,OJI,1,2025-11-08,12.0,Medium
ORD170400,ESQ,1,2025-10-10,13.0,Low
ORD146305,BES,3,2026-01-08,15.0,High
ORD127674,MBW,3,2025-11-05,9.0,Medium
ORD105090,QMW,8,2025-10-01,25.0,High
ORD134198,VJG,4,2025-08-20,10.0,High
ORD127761,NFQ,6,2026-02-09,10.0,High
ORD180253,CWA,1,2026-01-20,20.0,High
ORD129452,ZGM,7,2025-11-08,17.0,High
ORD187200,QEU,4,2026-03-10,23.0,Medium
ORD119648,JUG,8,2025-09-01,17.0,High
ORD152268,QMW,1,2025-08-13,25.0,High
ORD186815,RIJ,8,2026-03-03,12.0,Low
ORD135967,RNL,3,2025-06-27,19.0,High
ORD186212,CEG,6,2026-05-08,15.0,High
ORD178269,JUC,4,2026-02-25,10.0,Medium
ORD170373,INT,2,2025-08-13,18.0,Low
ORD111699,ZGM,3,2026-02-08,17.0,High
ORD120785,MGM,2,2026-02-21,12.0,Low
ORD177915,FJZ,3,2025-10-31,12.0,Medium
ORD114218,OQN,1,2026-04-11,18.0,High
ORD139858,SPC,2,2025-10-11,7.0,High
ORD121245,JUG,7,2026-05-06,17.0,High
ORD145949,RNL,2,2026-02-09,19.0,High
ORD101704,LER,3,2026-03-24,20.0,High
ORD128894,FLH,2,2026-01-26,10.0,High
ORD174427,VQB,4,2026-03-08,14.0,Low
ORD115707,ZQH,9,2026-03-07,9.0,High
ORD150281,CWA,3,2025-07-04,20.0,High
ORD110528,RYE,7,2025-12-17,16.0,High
ORD187870,KCJ,5,2026-02-23,10.0,High
ORD112475,EVW,1,2026-02-04,7.0,High
ORD129090,WOW,1,2026-04-30,15.0,High
ORD153381,XMO,5,2026-05-04,24.0,Medium
ORD189712,CWA,3,2026-04-26,20.0,High
ORD128646,WFV,2,2026-04-29,6.0,High
ORD183414,FJZ,2,2026-01-08,12.0,Medium
ORD177613,KCJ,4,2026-04-02,10.0,High
ORD199937,SMS,1,2025-08-15,23.0,Medium
ORD155027,SPC,4,2025-11-19,7.0,High
ORD136917,SCN,10,2025-09-15,20.0,High
ORD100281,FLH,4,2026-05-21,10.0,High
ORD151913,RYE,4,2025-08-01,16.0,High
ORD175684,PSJ,4,2025-07-29,7.0,High
ORD123373,XRZ,1,2025-06-15,23.0,Medium
ORD112408,BRX,2,2025-09-01,15.0,Low
ORD102421,OQN,4,2026-02-04,18.0,High
ORD109918,FKQ,6,2026-02-28,13.0,High
ORD148917,RNL,4,2025-07-09,19.0,High
ORD160563,YYO,4,2025-09-14,13.0,High
ORD116421,OZB,2,2025-12-02,19.0,High
ORD145356,YZD,1,2026-01-31,15.0,High
ORD147555,NFQ,3,2026-03-12,10.0,High
ORD199854,VKI,1,2025-09-10,6.0,Medium
ORD117832,ZSI,1,2026-04-01,18.0,Low
ORD139211,YZD,2,2025-06-14,15.0,High
ORD114337,IGP,2,2025-12-25,9.0,High
ORD133782,RNL,7,2025-11-03,19.0,High
ORD186569,PSJ,1,2026-03-16,7.0,High
ORD196481,IGP,1,2025-09-12,9.0,High
ORD163742,CWA,3,2026-03-04,20.0,High
ORD133881,ADM,3,2026-04-24,20.0,High
ORD172793,YZD,3,2026-02-18,15.0,High
ORD113537,ADM,4,2025-12-05,20.0,High
ORD199844,VGB,2,2026-01-07,6.0,Low
ORD172866,JPK,2,2025-09-18,19.0,Medium
ORD187643,WXE,10,2025-08-28,12.0,High
ORD173620,JUG,1,2025-12-17,17.0,High
ORD140870,NMS,2,2025-09-23,16.0,Low
ORD189660,JLQ,3,2025-12-06,23.0,High
ORD123830,SCN,8,2026-03-05,20.0,High
ORD112294,NRZ,4,2026-05-22,18.0,High
ORD129035,CEG,8,2025-06-30,15.0,High
ORD160767,JUG,2,2026-03-09,17.0,High
ORD159991,JUG,2,2026-02-14,17.0,High
ORD162143,YOK,8,2025-12-18,14.0,Medium
ORD188796,CQO,1,2026-05-03,5.0,High
ORD160267,OZB,2,2025-06-19,19.0,High
ORD157909,OBP,2,2025-07-18,5.0,Low
ORD165926,WRS,2,2025-10-18,18.0,High
ORD180968,RRI,4,2025-09-15,11.0,Medium
ORD132381,CXQ,2,2025-08-06,17.0,High
ORD195353,FCY,7,2026-01-12,18.0,High
ORD113614,YZD,6,2025-10-31,15.0,High
ORD196416,NUD,3,2025-12-02,11.0,High
ORD116906,BRX,9,2026-03-18,15.0,Low
ORD101851,FKQ,3,2025-11-27,13.0,High
ORD155351,SCN,3,2025-06-18,20.0,High
ORD185038,WFV,3,2026-04-03,6.0,High
ORD157246,OZB,3,2026-01-19,19.0,High
ORD186612,XMO,9,2025-07-19,24.0,Medium
ORD197107,NRZ,9,2025-06-06,18.0,High
ORD185291,JUG,3,2026-01-19,17.0,High
ORD168558,SCN,1,2025-11-23,20.0,High
ORD116891,LPS,5,2026-02-10,25.0,High
ORD165963,LER,4,2026-03-24,20.0,High
ORD158494,PSJ,1,2025-09-06,7.0,High
ORD127048,WFV,1,2026-03-19,6.0,High
ORD181586,OVY,2,2025-09-21,8.0,Medium
ORD185425,IFG,3,2025-07-03,23.0,High
ORD193889,RBX,9,2025-12-28,21.0,High
ORD146108,JUG,6,2025-06-10,17.0,High
ORD110346,NNV,3,2026-03-04,12.0,Low
ORD110742,OYF,1,2025-07-28,6.0,High
ORD109413,ZUW,3,2025-07-02,22.0,Medium
ORD110109,WXE,1,2025-11-24,12.0,High
ORD175426,NRZ,2,2025-12-17,18.0,High
ORD149605,CZS,5,2026-03-15,6.0,Medium
ORD171623,EGB,8,2026-05-04,13.0,Low
ORD185892,RCW,6,2026-05-08,23.0,High
ORD150988,FJZ,8,2025-12-24,12.0,Medium
ORD128300,FCY,5,2025-11-12,18.0,High
ORD132384,LPS,7,2026-01-28,25.0,High
ORD184680,LMQ,4,2025-09-18,20.0,High
ORD177037,CGW,1,2025-11-21,11.0,Medium
ORD129741,FCY,1,2026-05-07,18.0,High
ORD174401,YBM,5,2025-11-03,5.0,Low
ORD199426,OQN,4,2026-03-12,18.0,High
ORD166075,CWA,9,2025-06-08,20.0,High
ORD121726,CWA,2,2025-12-14,20.0,High
ORD111392,FLH,7,2025-12-01,10.0,High
ORD199653,WRS,1,2025-09-19,18.0,High
ORD112464,IGP,8,2026-03-24,9.0,High
ORD106511,MZV,7,2026-04-03,8.0,Medium
ORD182845,SNY,3,2025-09-16,15.0,Medium
ORD121322,JUG,10,2025-12-19,17.0,High
ORD172495,ARU,4,2025-08-02,21.0,Medium
ORD170202,MWM,1,2025-08-03,14.0,Medium
ORD103281,ADM,1,2025-08-30,20.0,High
ORD112122,FJZ,10,2026-05-26,12.0,Medium
ORD146912,GRT,2,2025-11-22,8.0,Medium
ORD159354,JZT,3,2026-04-23,17.0,High
ORD129937,WFV,1,2025-11-24,6.0,High
ORD127122,RYE,1,2026-02-13,16.0,High
ORD107384,CQO,7,2026-03-04,5.0,High
ORD112891,NRP,2,2026-01-15,15.0,High
ORD119053,NRZ,4,2026-03-02,18.0,High
ORD163698,QAG,10,2025-07-07,18.0,High
ORD188084,KCJ,4,2025-10-20,10.0,High
ORD132326,XMO,3,2025-12-24,24.0,Medium
ORD121118,FJZ,1,2026-03-08,12.0,Medium
ORD174237,EVW,6,2025-10-02,7.0,High
ORD190835,ZQH,4,2025-11-26,9.0,High
ORD192974,FKQ,2,2025-08-05,13.0,High
ORD163241,ZDV,2,2025-07-25,25.0,Medium
ORD176541,WRS,3,2026-04-27,18.0,High
ORD136484,DXB,2,2025-11-10,8.0,High
ORD138437,FLH,3,2026-05-04,10.0,High
ORD188783,ADM,7,2025-08-07,20.0,High
ORD117104,VKI,1,2026-03-22,6.0,Medium
ORD169808,SPC,6,2025-10-23,7.0,High
ORD178546,IGP,6,2026-04-05,9.0,High
ORD169026,NFQ,9,2026-02-07,10.0,High
ORD157513,MDN,9,2025-06-19,14.0,High
ORD161807,FLH,3,2026-01-26,10.0,High
ORD112577,NFQ,4,2025-12-20,10.0,High
ORD105089,CBB,2,2025-10-19,20.0,High
ORD178077,RYE,4,2025-12-31,16.0,High
ORD143940,WXE,1,2025-11-12,12.0,High
ORD176607,OZB,7,2026-01-10,19.0,High
ORD140222,OQN,10,2026-01-12,18.0,High
ORD166911,YZD,9,2026-03-12,15.0,High
ORD114540,THQ,8,2025-08-17,5.0,Low
ORD164301,RNL,2,2026-02-04,19.0,High
ORD133353,RBX,9,2025-06-30,21.0,High
ORD172663,MDN,3,2026-01-10,14.0,High
ORD183889,JUG,7,2026-02-17,17.0,High
ORD186717,JUG,3,2025-11-17,17.0,High
ORD115778,CEG,3,2026-02-15,15.0,High
ORD121706,NFQ,2,2026-02-22,10.0,High
ORD195554,ZQH,3,2025-07-23,9.0,High
ORD160366,QJK,4,2026-01-12,23.0,Low
ORD197938,DXB,8,2025-09-17,8.0,High
ORD116982,LMQ,4,2026-03-05,20.0,High
ORD176049,KCJ,2,2025-12-11,10.0,High
ORD111556,ZQH,3,2026-05-12,9.0,High
ORD147210,YYO,4,2025-11-21,13.0,High
ORD123831,JLQ,1,2025-11-30,23.0,High
ORD145338,LNZ,10,2026-03-16,12.0,Medium
ORD133729,JLQ,2,2026-03-14,23.0,High
ORD161150,NRP,3,2025-07-18,15.0,High
ORD153789,JVR,1,2025-08-17,17.0,Medium
ORD110395,VMG,4,2025-10-23,22.0,Medium
ORD113597,FKQ,2,2025-11-04,13.0,High
ORD185796,NRP,4,2025-10-10,15.0,High
ORD160188,JVR,5,2026-01-20,17.0,Medium
ORD154306,KYB,3,2025-06-11,18.0,Medium
ORD158194,LAU,4,2025-06-18,5.0,High
ORD156244,ROB,8,2025-06-14,15.0,Low
ORD171036,FJZ,10,2025-11-11,12.0,Medium
ORD158443,CWA,1,2025-08-06,20.0,High
ORD160148,CBB,3,2025-11-04,20.0,High
ORD102498,DRD,4,2025-12-14,17.0,Low
ORD121372,NRZ,4,2026-03-01,18.0,High
ORD183773,RCW,3,2025-11-26,23.0,High
ORD194069,CEG,7,2025-10-13,15.0,High
ORD108901,PKF,2,2026-02-18,16.0,Medium
ORD121162,RNZ,2,2026-03-22,10.0,Medium
ORD124725,CXQ,5,2026-02-11,17.0,High
ORD117984,IFG,2,2026-01-31,23.0,High
ORD158525,JZT,9,2026-05-13,17.0,High
ORD178153,CXQ,3,2026-02-15,17.0,High
ORD163109,YZD,4,2026-01-18,15.0,High
ORD170134,FFE,9,2025-09-16,5.0,Medium
ORD121126,WFV,1,2026-01-30,6.0,High
ORD105601,RBX,3,2026-05-01,21.0,High
ORD156216,CBB,3,2026-01-02,20.0,High
ORD112421,RCW,6,2025-06-12,23.0,High
ORD147990,RCW,4,2026-04-27,23.0,High
ORD112356,NRP,6,2025-10-03,15.0,High
ORD141749,NRP,8,2025-08-04,15.0,High
ORD110252,CAT,2,2025-07-14,12.0,Low
ORD147255,GXL,2,2025-10-23,11.0,Medium
ORD100448,IGP,7,2025-07-07,9.0,High
ORD197103,WFV,1,2026-03-05,6.0,High
ORD112364,ZDV,4,2025-12-24,25.0,Medium
ORD104955,YZD,7,2026-03-09,15.0,High
ORD187710,XVX,2,2026-03-11,23.0,High
ORD120075,VGB,5,2026-01-16,6.0,Low
ORD156652,BES,10,2025-07-01,15.0,High
ORD193824,MBW,6,2026-04-26,9.0,Medium
ORD109613,OZB,3,2025-11-11,19.0,High
ORD102738,EVW,8,2026-05-16,7.0,High
ORD134751,OQN,1,2025-06-08,18.0,High
ORD134278,IFG,1,2026-03-01,23.0,High
ORD174678,KRU,1,2026-03-30,16.0,Low
ORD165640,EGB,1,2025-11-12,13.0,Low
ORD158645,RYE,3,2026-05-16,16.0,High
ORD119898,RYE,5,2025-06-18,16.0,High
ORD172928,IFG,9,2026-03-25,23.0,High
ORD148244,OZB,1,2026-04-19,19.0,High
ORD106061,ESQ,3,2026-04-29,13.0,Low
ORD127703,IGP,8,2025-10-18,9.0,High
ORD162597,EVW,7,2026-02-14,7.0,High
ORD127333,DEW,1,2025-08-07,19.0,Low
ORD164275,FNU,4,2025-10-12,8.0,Low
ORD145023,JVR,8,2025-07-26,17.0,Medium
ORD132921,RNL,1,2026-01-31,19.0,High
ORD166112,JZT,1,2026-03-13,17.0,High
ORD138455,OZB,3,2026-03-14,19.0,High
ORD130931,NRP,4,2025-11-02,15.0,High
ORD182267,RNL,1,2025-12-25,19.0,High
ORD123259,NUD,8,2025-06-04,11.0,High
ORD123891,GWD,2,2025-12-17,24.0,High
ORD183578,XRZ,1,2025-11-19,23.0,Medium
ORD131481,SPG,4,2026-04-09,25.0,Medium
ORD169047,NFQ,1,2026-04-16,10.0,High
ORD144547,RYE,7,2025-11-18,16.0,High
ORD154335,WXE,7,2026-05-18,12.0,High
ORD106776,LER,1,2026-03-13,20.0,High
ORD186588,WFV,4,2026-03-04,6.0,High
ORD198662,KCJ,1,2026-03-17,10.0,High
ORD182353,BES,2,2026-02-03,15.0,High
ORD161701,WOW,7,2026-01-21,15.0,High
ORD191818,GWD,2,2026-05-08,24.0,High
ORD126807,SPV,1,2025-11-09,6.0,High
ORD166406,SNC,9,2026-03-25,12.0,High
ORD167174,DXB,5,2026-02-09,8.0,High
ORD145913,KYB,9,2026-02-05,18.0,Medium
ORD139386,MZV,4,2026-05-24,8.0,Medium
ORD156367,YYO,4,2025-12-20,13.0,High
ORD148494,VJG,5,2026-03-22,10.0,High
ORD161729,JUG,9,2026-05-20,17.0,High
ORD122016,IGP,10,2025-11-11,9.0,High
ORD130515,CXQ,2,2026-03-07,17.0,High
ORD148897,FLH,8,2025-07-25,10.0,High
ORD113860,JZT,4,2026-04-29,17.0,High
ORD126279,JZT,5,2025-07-10,17.0,High
ORD198777,LPS,4,2025-07-23,25.0,High
ORD107356,OJI,9,2025-08-31,12.0,Medium
ORD114774,RNL,7,2026-04-25,19.0,High
ORD154465,OVY,4,2026-01-27,8.0,Medium
ORD198255,SCN,2,2026-05-09,20.0,High
ORD108428,CAT,1,2025-10-26,12.0,Low
ORD177578,DXB,2,2026-05-31,8.0,High
ORD161377,WRS,1,2026-05-29,18.0,High
ORD140850,PKF,2,2025-09-03,16.0,Medium
ORD131462,RIJ,4,2026-05-02,12.0,Low
ORD137117,FLH,1,2026-01-01,10.0,High
ORD163621,QEU,1,2025-08-04,23.0,Medium
ORD135020,GWD,5,2026-01-01,24.0,High
ORD108063,EJV,1,2025-10-01,17.0,Low
ORD141630,SPC,1,2025-12-04,7.0,High
ORD119167,JZT,1,2025-12-06,17.0,High
ORD192598,OIT,1,2025-07-20,20.0,Medium
ORD107211,KCJ,3,2026-03-30,10.0,High
ORD122820,ILE,4,2026-04-21,14.0,Medium
ORD192317,EVW,4,2025-06-24,7.0,High
ORD161746,IGP,2,2025-09-15,9.0,High
ORD139502,SPG,5,2026-02-11,25.0,Medium
ORD161890,GWD,3,2026-04-05,24.0,High
ORD124152,YZD,2,2025-06-03,15.0,High
ORD188308,CXQ,4,2026-01-29,17.0,High
ORD196580,LPS,7,2026-03-25,25.0,High
ORD103059,NFQ,6,2025-06-06,10.0,High
ORD188993,LPS,8,2026-03-30,25.0,High
ORD198423,NRZ,4,2026-03-26,18.0,High
ORD112443,HSD,4,2025-12-08,10.0,High
ORD123101,YZD,4,2026-06-01,15.0,High
ORD150695,FJZ,4,2025-06-28,12.0,Medium
ORD147590,VKI,10,2025-11-11,6.0,Medium
ORD108778,JUG,1,2025-11-05,17.0,High
ORD148379,MGY,1,2025-06-16,9.0,Low
ORD159770,CWA,1,2026-01-04,20.0,High
ORD121076,ZQH,9,2025-08-15,9.0,High
ORD117681,IGP,9,2025-09-16,9.0,High
ORD173400,JUC,9,2026-01-10,10.0,Medium
ORD138661,PSJ,6,2025-08-22,7.0,High
ORD107887,QEU,7,2025-06-06,23.0,Medium
ORD131098,SPC,4,2026-01-13,7.0,High
ORD183898,LYE,2,2025-07-21,19.0,Low
ORD104684,MDN,6,2026-03-06,14.0,High
ORD126963,WRS,6,2026-06-01,18.0,High
ORD115072,PBM,4,2025-12-31,19.0,Medium
ORD102475,NRP,4,2026-02-28,15.0,High
ORD187888,QIE,5,2026-03-19,7.0,Low
ORD197840,JPK,9,2026-03-07,19.0,Medium
ORD183815,WOW,3,2026-01-09,15.0,High
ORD126358,KCJ,3,2026-03-02,10.0,High
ORD168763,WXE,4,2025-07-12,12.0,High
ORD174773,WFV,7,2025-07-31,6.0,High
ORD160063,YZD,2,2025-08-30,15.0,High
ORD160599,UHR,4,2025-12-18,9.0,Low
ORD179391,KCJ,4,2026-03-19,10.0,High
ORD150759,PSJ,1,2025-11-21,7.0,High
ORD145039,SNC,1,2025-11-30,12.0,High
ORD139037,WOW,1,2026-02-28,15.0,High
ORD191925,BES,8,2025-07-05,15.0,High
ORD185712,CQO,1,2026-01-13,5.0,High
ORD195963,FCY,10,2025-06-03,18.0,High
ORD144935,GWD,2,2026-02-12,24.0,High
ORD171027,DXB,3,2026-01-02,8.0,High
ORD182187,SNC,3,2025-06-01,12.0,High
ORD134263,CXQ,2,2026-03-09,17.0,High
ORD145089,ZGM,1,2025-10-03,17.0,High
ORD142334,NRP,3,2026-01-03,15.0,High
ORD157347,QMW,10,2025-10-18,25.0,High
ORD198790,LAU,3,2026-02-17,5.0,High
ORD168320,OBP,9,2026-01-30,5.0,Low
ORD150400,CBB,1,2025-12-16,20.0,High
ORD182045,QIE,10,2025-10-27,7.0,Low
ORD161372,IGP,4,2026-02-27,9.0,High
ORD134213,LPS,4,2026-02-20,25.0,High
ORD180461,LRX,2,2025-07-13,18.0,Low
ORD141891,NUD,1,2025-08-13,11.0,High
ORD136719,SCN,3,2025-07-16,20.0,High
ORD160995,CEG,10,2025-06-14,15.0,High
ORD152463,KCJ,3,2026-01-07,10.0,High
ORD180599,EOS,4,2026-05-12,25.0,Low
ORD176609,NRZ,10,2025-12-31,18.0,High
ORD188311,ADM,3,2025-12-19,20.0,High
ORD164712,NRP,3,2025-11-16,15.0,High
ORD151051,UYZ,3,2026-05-14,22.0,Low
ORD150535,NUD,2,2025-12-27,11.0,High
ORD185973,OZB,3,2026-04-04,19.0,High
ORD176693,BES,7,2026-03-17,15.0,High
ORD194469,OZB,8,2025-06-07,19.0,High
ORD147772,CBB,4,2025-11-20,20.0,High
ORD195859,LAU,1,2025-06-09,5.0,High
ORD184709,RNL,5,2026-04-05,19.0,High
ORD151737,HFC,4,2025-07-13,13.0,Medium
ORD176348,NRP,2,2025-08-28,15.0,High
ORD126456,CXQ,2,2026-02-06,17.0,High
ORD133715,RBX,6,2026-02-26,21.0,High
ORD145128,JUG,4,2025-08-31,17.0,High
ORD121944,CBB,2,2026-04-15,20.0,High
ORD184394,CXQ,1,2026-05-08,17.0,High
ORD152331,LQT,1,2025-07-20,20.0,Medium
ORD178203,OYF,9,2026-04-21,6.0,High
ORD134964,WRS,1,2025-09-29,18.0,High
ORD163914,NMS,3,2026-05-20,16.0,Low
ORD154290,FJZ,5,2026-04-19,12.0,Medium
ORD185913,QAG,2,2025-10-17,18.0,High
ORD121223,QMW,4,2025-10-27,25.0,High
ORD155338,HSD,2,2025-09-06,10.0,High
ORD102009,DXB,2,2026-04-04,8.0,High
ORD178379,SCN,6,2026-05-15,20.0,High
ORD181143,IGP,5,2025-08-26,9.0,High
ORD143632,ZQH,3,2025-08-25,9.0,High
ORD113652,CQO,1,2025-11-04,5.0,High
ORD177128,GXL,3,2026-02-19,11.0,Medium
ORD140537,GWD,1,2026-05-03,24.0,High
ORD155792,RNL,1,2025-11-27,19.0,High
ORD178976,IFG,4,2025-08-10,23.0,High
ORD139833,LER,4,2026-02-05,20.0,High
ORD169212,PSJ,4,2026-02-04,7.0,High
ORD178418,ILE,8,2026-05-27,14.0,Medium
ORD123856,RNZ,2,2025-08-20,10.0,Medium
ORD146984,SPV,8,2025-07-21,6.0,High
ORD113606,MBW,3,2026-03-20,9.0,Medium
ORD124045,VMG,1,2025-12-27,22.0,Medium
ORD194242,IGP,5,2026-02-22,9.0,High
ORD141062,FFE,8,2026-02-20,5.0,Medium
ORD127329,RBX,4,2025-07-11,21.0,High
ORD191400,NRZ,8,2025-06-12,18.0,High
ORD126692,SPG,8,2026-05-23,25.0,Medium
ORD128422,RNL,4,2026-04-18,19.0,High
ORD105323,LFP,8,2025-10-29,15.0,Low
ORD189987,QAG,1,2026-01-24,18.0,High
ORD185454,WXE,2,2026-05-17,12.0,High
ORD172871,LAU,3,2025-06-13,5.0,High
ORD185246,LNZ,1,2026-03-15,12.0,Medium
ORD161587,OYF,1,2026-02-06,6.0,High
ORD179532,LER,1,2025-10-05,20.0,High
ORD182082,DXB,3,2025-11-03,8.0,High
ORD191332,MDN,6,2026-03-23,14.0,High
ORD184237,UPP,3,2025-10-18,10.0,Medium
ORD130467,BES,1,2026-03-25,15.0,High
ORD150936,SPG,3,2026-04-26,25.0,Medium
ORD108762,RCW,3,2025-11-20,23.0,High
ORD183445,SYF,6,2026-04-19,11.0,Low
ORD174966,HGC,6,2025-12-22,14.0,Low
ORD100529,CQO,1,2026-05-23,5.0,High
ORD159563,VJG,4,2025-11-12,10.0,High
ORD169086,OYF,3,2025-08-19,6.0,High
ORD141079,NUD,1,2025-12-10,11.0,High
ORD111616,WFV,2,2026-01-08,6.0,High
ORD134123,OZB,5,2025-09-01,19.0,High
ORD129410,CWE,3,2025-11-14,24.0,Low
ORD117136,NUD,3,2025-08-22,11.0,High
ORD126777,OYF,1,2025-08-16,6.0,High
ORD101969,KCJ,4,2026-04-24,10.0,High
ORD198407,SPG,2,2026-04-01,25.0,Medium
ORD198796,JLQ,1,2025-12-22,23.0,High
ORD168244,CWA,3,2026-01-02,20.0,High
ORD198315,RNL,4,2026-01-12,19.0,High
ORD101364,OQN,2,2025-08-24,18.0,High
ORD168954,NRZ,4,2025-12-11,18.0,High
ORD153768,JUG,3,2025-07-14,17.0,High
ORD123395,LMQ,7,2025-12-20,20.0,High
ORD116869,OZB,8,2026-02-25,19.0,High
ORD174720,LMQ,1,2025-12-01,20.0,High
ORD104609,IPE,3,2025-10-03,20.0,Medium
ORD113210,SCN,2,2025-12-10,20.0,High
ORD116030,LER,3,2026-03-11,20.0,High
ORD175624,LER,3,2025-11-16,20.0,High
ORD153198,OQN,9,2026-01-19,18.0,High
ORD121108,CEG,1,2025-08-11,15.0,High
ORD111840,YYO,2,2026-04-10,13.0,High
ORD139255,BES,9,2025-11-30,15.0,High
ORD108391,WFV,5,2025-08-17,6.0,High
ORD119653,MGY,5,2026-05-20,9.0,Low
ORD131448,FCY,10,2026-05-24,18.0,High
ORD138766,OZB,2,2025-06-17,19.0,High
ORD168224,SCN,4,2025-06-16,20.0,High
ORD157873,FCY,5,2025-12-16,18.0,High
ORD143346,ZQH,7,2026-02-19,9.0,High
ORD149372,IGP,7,2026-05-07,9.0,High
ORD151015,QEU,4,2026-04-21,23.0,Medium
ORD147729,QMW,2,2025-11-21,25.0,High
ORD161503,ZGM,4,2025-07-30,17.0,High
ORD172173,VMG,7,2026-05-28,22.0,Medium
ORD117911,FKQ,1,2026-04-08,13.0,High
ORD120956,OQN,3,2026-01-03,18.0,High
ORD129872,JUG,3,2025-11-17,17.0,High
ORD192390,OQN,2,2025-12-04,18.0,High
ORD119024,SCN,4,2026-03-01,20.0,High
ORD168547,RNL,2,2026-03-17,19.0,High
ORD166004,BKE,8,2026-04-20,20.0,Medium
ORD199877,ARU,2,2025-06-08,21.0,Medium
ORD116705,GRT,1,2025-09-21,8.0,Medium
ORD182429,LER,9,2025-08-21,20.0,High
ORD134736,QJK,4,2026-05-26,23.0,Low
ORD136671,IGP,2,2025-06-14,9.0,High
ORD104143,RCW,7,2025-07-29,23.0,High
ORD161392,WOW,7,2026-02-27,15.0,High
ORD114572,PSJ,8,2026-04-10,7.0,High
ORD131015,ZQH,1,2025-09-21,9.0,High
ORD191421,BES,3,2025-06-29,15.0,High
ORD195744,LER,3,2026-02-08,20.0,High
ORD183555,YOK,2,2025-07-15,14.0,Medium
ORD184396,BKE,1,2025-07-10,20.0,Medium
ORD140128,JLQ,1,2025-06-06,23.0,High
ORD113077,GBF,1,2026-03-03,24.0,Low
ORD103209,TAW,6,2025-11-14,17.0,Medium
ORD163158,HSD,5,2026-05-18,10.0,High
ORD153300,SPG,7,2025-06-20,25.0,Medium
ORD138566,XVX,4,2026-03-02,23.0,High
ORD151574,JUC,1,2026-03-28,10.0,Medium
ORD179966,IGP,1,2025-12-24,9.0,High
ORD104891,ZGM,6,2025-08-29,17.0,High
ORD101725,MZV,8,2025-07-10,8.0,Medium
ORD132829,WXE,3,2025-07-28,12.0,High
ORD159576,GYW,9,2025-10-21,24.0,Low
ORD160013,NRZ,1,2025-12-21,18.0,High
ORD155510,OZB,6,2026-03-27,19.0,High
ORD122783,GRT,2,2025-10-06,8.0,Medium
ORD160947,NRP,4,2025-11-30,15.0,High
ORD182821,MWM,9,2025-12-02,14.0,Medium
ORD189510,INT,10,2026-03-01,18.0,Low
ORD138041,VJG,2,2025-12-05,10.0,High
ORD177049,QMW,9,2025-12-26,25.0,High
ORD183877,LPS,1,2025-06-09,25.0,High
ORD181295,IGP,4,2025-09-19,9.0,High
ORD158514,FLH,3,2026-01-23,10.0,High
ORD161418,CXQ,4,2026-02-19,17.0,High
ORD125955,LAU,1,2026-02-26,5.0,High
ORD188190,JUG,3,2026-04-19,17.0,High
ORD106193,VMG,2,2025-12-07,22.0,Medium
ORD173520,GWD,6,2025-07-18,24.0,High
ORD187086,JZT,4,2025-07-04,17.0,High
ORD157081,CWE,7,2025-06-21,24.0,Low
ORD185419,LER,3,2026-03-06,20.0,High
ORD119431,JLQ,4,2025-06-02,23.0,High
ORD104360,JUG,7,2025-10-10,17.0,High
ORD148980,YBM,9,2025-10-11,5.0,Low
ORD131767,FKQ,4,2025-10-19,13.0,High
ORD165589,ADM,2,2025-11-28,20.0,High
ORD129318,BES,1,2025-12-20,15.0,High
ORD103648,LPS,3,2025-08-24,25.0,High
ORD134433,LMQ,3,2025-10-22,20.0,High
ORD174496,NRZ,7,2025-12-16,18.0,High
ORD161375,TAW,2,2026-05-08,17.0,Medium
ORD162969,BES,1,2025-08-13,15.0,High
ORD104296,FLH,3,2026-05-06,10.0,High
ORD118628,OIT,9,2026-03-19,20.0,Medium
ORD187614,WFV,4,2025-06-03,6.0,High
ORD179718,ZUW,2,2026-03-23,22.0,Medium
ORD103616,MDN,3,2026-03-23,14.0,High
ORD124727,OZB,6,2025-10-26,19.0,High
ORD167720,WXE,9,2025-07-15,12.0,High
ORD190869,MYU,1,2026-03-16,11.0,Low
ORD121486,ZQH,3,2025-06-12,9.0,High
ORD166753,HFC,2,2025-09-30,13.0,Medium
ORD113981,MWM,3,2025-11-07,14.0,Medium
ORD153616,WXE,9,2026-04-14,12.0,High
ORD123863,NUD,7,2025-09-15,11.0,High
ORD149422,CEG,1,2025-12-06,15.0,High
ORD148039,RNL,7,2025-11-14,19.0,High
ORD188542,IFG,1,2025-12-17,23.0,High
ORD102263,WFV,3,2025-12-09,6.0,High
ORD118233,CXQ,4,2026-03-26,17.0,High
ORD114016,RNZ,4,2026-05-22,10.0,Medium
ORD163595,DEW,4,2026-01-24,19.0,Low
ORD171739,SNC,1,2026-03-27,12.0,High
ORD133014,BES,1,2026-05-27,15.0,High
ORD142148,JUG,2,2026-04-30,17.0,High
ORD119140,CWA,3,2026-01-12,20.0,High
ORD111377,ZGM,2,2026-04-16,17.0,High
ORD171422,KYB,6,2026-05-26,18.0,Medium
ORD175485,RBX,1,2026-05-22,21.0,High
ORD131911,QAG,3,2025-11-25,18.0,High
ORD199284,LPS,2,2025-10-08,25.0,High
ORD139326,SNC,7,2025-11-04,12.0,High
ORD113808,ARU,8,2025-06-21,21.0,Medium
ORD140090,LNZ,2,2025-09-30,12.0,Medium
ORD164060,ZQH,1,2025-08-04,9.0,High
ORD171746,CXQ,4,2026-01-17,17.0,High
ORD172988,CWA,1,2026-01-23,20.0,High
ORD111558,WFV,1,2025-11-14,6.0,High
ORD146011,NRP,3,2025-11-29,15.0,High
ORD171261,MJP,2,2026-05-30,22.0,Low
ORD191464,WFV,10,2025-11-05,6.0,High
ORD144298,CWA,3,2025-08-01,20.0,High
ORD109280,RCW,3,2026-03-17,23.0,High
ORD138706,WFV,3,2025-11-02,6.0,High
ORD197619,CBB,5,2025-10-14,20.0,High
ORD194607,WXE,3,2025-07-05,12.0,High
ORD138325,WXE,10,2026-04-05,12.0,High
ORD103367,XVX,2,2025-11-11,23.0,High
ORD106254,MWM,3,2026-04-09,14.0,Medium
ORD156107,WEK,3,2025-10-15,14.0,Medium
ORD153738,XRZ,2,2025-08-11,23.0,Medium
ORD137528,QAG,2,2026-03-09,18.0,High
ORD117756,RYE,1,2026-01-24,16.0,High
ORD115076,CEG,2,2025-10-12,15.0,High
ORD181073,OVY,1,2025-09-22,8.0,Medium
ORD170204,ADM,1,2026-03-04,20.0,High
ORD172968,CXQ,1,2025-06-09,17.0,High
ORD178219,CAT,2,2026-05-05,12.0,Low
ORD134547,JZT,3,2025-07-15,17.0,High
ORD147765,GXL,1,2025-08-08,11.0,Medium
ORD146236,ZDV,2,2025-06-01,25.0,Medium
ORD104951,DXB,2,2026-01-06,8.0,High
ORD179293,NRZ,1,2025-08-02,18.0,High
ORD162939,VJG,4,2025-06-12,10.0,High
ORD172002,QMW,4,2025-11-08,25.0,High
ORD147525,ZQH,2,2025-07-28,9.0,High
ORD186135,IGP,5,2025-07-28,9.0,High
ORD100363,RNZ,4,2026-04-23,10.0,Medium
ORD116192,CWA,9,2025-12-16,20.0,High
ORD161949,WXE,8,2025-12-10,12.0,High
ORD192684,SCN,4,2026-04-19,20.0,High
ORD169040,ZQH,3,2025-06-28,9.0,High
ORD183417,MYU,3,2025-10-25,11.0,Low
ORD184661,QMW,3,2025-07-18,25.0,High
ORD190437,XVX,4,2025-12-10,23.0,High
ORD115826,GZE,10,2025-11-13,15.0,Medium
ORD197738,JLQ,1,2025-11-27,23.0,High
ORD189526,YZD,4,2025-09-15,15.0,High
ORD124432,CQO,8,2025-10-05,5.0,High
ORD103828,BKE,7,2025-11-11,20.0,Medium
ORD142602,WFV,7,2025-09-30,6.0,High
ORD108204,FKQ,4,2025-09-07,13.0,High
ORD131438,CQO,1,2026-02-09,5.0,High
ORD128680,DXB,2,2026-05-31,8.0,High
ORD171937,CBB,4,2026-04-10,20.0,High
ORD189496,QMW,4,2025-09-21,25.0,High
ORD112997,RYE,3,2026-04-25,16.0,High
ORD115387,KCJ,3,2025-11-18,10.0,High
ORD164404,EVW,2,2025-06-08,7.0,High
ORD101914,GWD,4,2026-03-20,24.0,High
ORD128118,RIJ,3,2025-10-06,12.0,Low
ORD126688,JUG,1,2025-09-06,17.0,High
ORD125233,OYF,2,2026-05-03,6.0,High
ORD197245,OIT,3,2026-02-16,20.0,Medium
ORD188490,OZB,3,2026-01-12,19.0,High
ORD141193,FCY,6,2025-12-05,18.0,High
ORD165633,IGP,5,2026-01-12,9.0,High
ORD145293,NRP,2,2025-10-31,15.0,High
ORD105883,IGP,3,2026-01-04,9.0,High
ORD174675,LMQ,4,2026-04-24,20.0,High
ORD168977,RNL,1,2025-08-11,19.0,High
ORD190235,FCY,6,2026-01-10,18.0,High
ORD140751,RCW,9,2025-10-29,23.0,High
ORD198726,LYE,4,2026-01-21,19.0,Low
ORD138351,FKQ,4,2025-11-11,13.0,High
ORD189160,NRP,3,2026-05-23,15.0,High
ORD186306,WRS,5,2026-01-28,18.0,High
ORD132632,LAU,4,2025-11-13,5.0,High
ORD100978,WFV,7,2025-09-28,6.0,High
ORD162761,SPC,4,2025-08-12,7.0,High
ORD160228,GRT,4,2026-01-10,8.0,Medium
ORD168744,CBB,3,2026-03-07,20.0,High
ORD160147,VKI,3,2025-12-27,6.0,Medium
ORD122721,EVW,9,2025-12-13,7.0,High
ORD174505,RCW,3,2025-12-29,23.0,High
ORD129529,LPS,9,2026-03-25,25.0,High
ORD147208,JUG,9,2025-08-20,17.0,High
ORD100395,CBB,2,2026-02-14,20.0,High
ORD173012,BES,3,2025-12-27,15.0,High
ORD125282,OZB,7,2025-10-25,19.0,High
ORD179088,NRP,8,2026-03-25,15.0,High
ORD173844,RIJ,6,2026-02-12,12.0,Low
ORD101928,RCW,4,2025-11-13,23.0,High
ORD123136,CEG,10,2025-08-11,15.0,High
ORD161908,TRB,1,2025-07-16,12.0,Medium
ORD149031,LPS,1,2026-01-10,25.0,High
ORD102463,RNL,10,2026-03-14,19.0,High
ORD156298,MGY,5,2026-01-03,9.0,Low
ORD181099,WOW,1,2026-04-21,15.0,High
ORD199863,JLQ,2,2026-04-07,23.0,High
ORD196767,HFC,4,2025-11-13,13.0,Medium
ORD178165,PBM,1,2025-06-10,19.0,Medium
ORD147228,OQN,1,2025-10-17,18.0,High
ORD183886,BRX,4,2025-12-09,15.0,Low
ORD120225,SPC,3,2026-03-11,7.0,High
ORD151215,HQD,7,2026-05-09,11.0,Low
ORD116371,CWA,5,2026-01-08,20.0,High
ORD119753,GWD,3,2025-07-06,24.0,High
ORD160830,CXQ,2,2025-08-27,17.0,High
ORD114886,KCJ,9,2026-03-07,10.0,High
ORD104120,WRS,5,2026-03-12,18.0,High
ORD128555,FLH,2,2025-11-16,10.0,High
ORD121463,NTQ,4,2025-12-09,10.0,Low
ORD199358,JLQ,3,2026-04-07,23.0,High
ORD190970,MZV,6,2025-09-29,8.0,Medium
ORD104704,QMW,2,2026-01-31,25.0,High
ORD196905,CQO,9,2025-09-18,5.0,High
ORD105857,NRP,2,2025-09-05,15.0,High
ORD148995,QAG,6,2026-03-14,18.0,High
ORD174962,RNZ,10,2025-12-07,10.0,Medium
ORD176519,ZGM,5,2026-04-20,17.0,High
ORD128939,XVX,3,2026-02-18,23.0,High
ORD133820,FKQ,1,2026-04-08,13.0,High
ORD130357,RYE,5,2025-07-22,16.0,High
ORD162142,YZD,8,2025-11-10,15.0,High
ORD118903,SPV,10,2026-03-26,6.0,High
ORD157190,CWA,1,2025-11-25,20.0,High
ORD153647,LAU,4,2026-04-24,5.0,High
ORD145247,IPE,2,2026-03-16,20.0,Medium
ORD101035,QMW,8,2025-12-30,25.0,High
ORD157539,NRP,2,2026-05-10,15.0,High
ORD150049,SPV,5,2026-03-26,6.0,High
ORD105418,ZDV,5,2026-04-26,25.0,Medium
ORD191699,RYE,3,2026-04-27,16.0,High
ORD129844,LER,4,2026-05-19,20.0,High
ORD131561,MGM,2,2025-07-17,12.0,Low
ORD122315,LPS,3,2025-08-26,25.0,High
ORD181114,JZT,3,2025-07-07,17.0,High
ORD106681,DEW,1,2025-11-28,19.0,Low
ORD186829,IFG,9,2025-12-17,23.0,High
ORD193098,ZQH,2,2025-11-05,9.0,High
ORD183128,GWD,6,2026-05-25,24.0,High
ORD138543,EGB,9,2025-10-08,13.0,Low
ORD160196,IGP,2,2026-01-26,9.0,High
ORD118389,RCW,1,2025-07-09,23.0,High
ORD171874,CXQ,1,2025-09-12,17.0,High
ORD115182,GWD,7,2025-07-18,24.0,High
ORD103156,SPC,1,2025-10-21,7.0,High
ORD119882,FKQ,8,2025-07-05,13.0,High
ORD163935,ADM,4,2025-10-27,20.0,High
ORD116066,SPV,4,2026-02-10,6.0,High
ORD139499,SCN,2,2026-01-24,20.0,High
ORD112376,BDV,3,2026-04-08,14.0,Low
ORD161904,ZQH,2,2025-11-05,9.0,High
ORD193439,CBB,9,2026-03-04,20.0,High
ORD178394,RBX,1,2025-11-30,21.0,High
ORD148455,UYZ,4,2025-07-01,22.0,Low
ORD118097,VJG,4,2026-01-22,10.0,High
ORD174817,FFE,7,2025-07-11,5.0,Medium
ORD128976,VMG,2,2026-02-24,22.0,Medium
ORD114590,SPG,1,2025-12-26,25.0,Medium
ORD152595,OYF,3,2025-09-29,6.0,High
ORD142890,XVX,2,2026-04-26,23.0,High
ORD110820,CVO,10,2026-04-21,20.0,Low
ORD162736,NRP,4,2025-08-05,15.0,High
ORD118808,BES,10,2025-10-10,15.0,High
ORD112623,FCY,6,2026-02-15,18.0,High
ORD189280,WOW,3,2026-04-30,15.0,High
ORD167965,MDN,8,2025-09-15,14.0,High
ORD114237,RNZ,5,2026-01-11,10.0,Medium
ORD129837,GWD,2,2026-05-08,24.0,High
ORD124058,FLH,2,2026-03-20,10.0,High
ORD114654,NFQ,1,2025-07-17,10.0,High
ORD107202,FLH,3,2025-06-09,10.0,High
ORD116167,RNL,4,2026-04-21,19.0,High
ORD106037,CBB,3,2026-03-28,20.0,High
ORD102048,MGY,4,2025-11-30,9.0,Low
ORD188452,LAU,5,2025-12-11,5.0,High
ORD145896,GRT,1,2025-08-21,8.0,Medium
ORD191285,YYO,4,2025-07-02,13.0,High
ORD140534,MGM,5,2026-03-03,12.0,Low
ORD115511,OQN,2,2026-02-06,18.0,High
ORD185105,CZS,3,2025-11-07,6.0,Medium
ORD196327,WFV,4,2026-01-16,6.0,High
ORD145693,RNZ,2,2026-02-08,10.0,Medium
ORD143494,EVW,8,2026-04-03,7.0,High
ORD107109,FLH,4,2025-10-03,10.0,High
ORD150794,NFQ,7,2025-06-21,10.0,High
ORD195953,WXE,10,2025-12-09,12.0,High
ORD158407,RNL,10,2026-01-08,19.0,High
ORD170011,MWM,3,2025-12-26,14.0,Medium
ORD140703,WFV,2,2025-09-04,6.0,High
ORD164271,FKQ,1,2026-05-06,13.0,High
ORD170038,RBX,4,2026-04-05,21.0,High
ORD165921,VJG,6,2026-05-04,10.0,High
ORD143462,IGP,6,2025-11-28,9.0,High
ORD165170,WFV,3,2025-11-15,6.0,High
ORD162680,KCJ,3,2025-08-25,10.0,High
ORD161091,YBM,5,2025-11-14,5.0,Low
ORD120934,OVY,3,2025-07-29,8.0,Medium
ORD175580,EVW,1,2026-04-25,7.0,High
ORD115308,FFE,10,2026-01-12,5.0,Medium
ORD173627,FLH,2,2026-02-19,10.0,High
ORD117789,FCY,2,2025-07-04,18.0,High
ORD117298,LMQ,2,2025-07-19,20.0,High
ORD119098,BES,5,2025-06-25,15.0,High
ORD143917,ZQH,3,2025-10-14,9.0,High
ORD158521,RCW,2,2026-03-07,23.0,High
ORD176912,EVW,4,2026-02-20,7.0,High
ORD135903,VGB,3,2026-01-20,6.0,Low
ORD158594,WRS,1,2025-08-16,18.0,High
ORD176196,OVY,4,2025-06-11,8.0,Medium
ORD112369,ADM,3,2025-12-05,20.0,High
ORD137503,CXQ,9,2026-01-21,17.0,High
ORD129615,IGP,4,2026-02-26,9.0,High
ORD153114,QEU,8,2026-06-01,23.0,Medium
ORD144529,CAT,3,2026-02-10,12.0,Low
ORD102308,ZGM,1,2025-06-21,17.0,High
ORD126025,HSD,2,2026-05-25,10.0,High
ORD193488,LER,4,2026-05-18,20.0,High
ORD183010,JZT,10,2025-10-26,17.0,High
ORD113574,XVX,7,2025-07-28,23.0,High
ORD122531,CEG,1,2026-04-03,15.0,High
ORD116174,BES,4,2026-02-05,15.0,High
ORD183793,VKI,4,2026-04-22,6.0,Medium
ORD176974,BES,4,2025-08-05,15.0,High
ORD187075,WAN,4,2025-06-09,25.0,Medium
ORD122303,SNY,4,2026-05-29,15.0,Medium
ORD189179,ZQH,2,2025-08-16,9.0,High
ORD198556,CXQ,1,2025-06-17,17.0,High
ORD152612,LFP,4,2026-05-26,15.0,Low
ORD175282,CBB,1,2026-02-01,20.0,High
ORD146781,VJG,7,2025-10-09,10.0,High
ORD106055,JUG,7,2025-07-08,17.0,High
ORD107707,WOW,7,2025-12-26,15.0,High
ORD169308,GWD,4,2025-10-06,24.0,High
ORD199781,IGP,4,2026-01-15,9.0,High
ORD187439,NRZ,8,2026-01-03,18.0,High
ORD140518,HFC,4,2026-05-12,13.0,Medium
ORD163463,BES,1,2025-09-10,15.0,High
ORD119616,JZT,1,2025-07-24,17.0,High
ORD196784,LER,8,2026-04-13,20.0,High
ORD179940,RCW,4,2026-03-23,23.0,High
ORD176020,NRP,7,2025-10-19,15.0,High
ORD148400,LER,4,2025-11-15,20.0,High
ORD112803,LMQ,2,2025-07-19,20.0,High
ORD197430,ZQH,4,2026-04-04,9.0,High
ORD121004,LER,1,2025-11-22,20.0,High
ORD166898,OIT,1,2025-07-15,20.0,Medium
ORD168497,EVW,1,2026-03-26,7.0,High
ORD121529,CWA,6,2025-07-28,20.0,High
ORD147977,VJG,8,2025-10-03,10.0,High
ORD125108,EVW,3,2026-05-07,7.0,High
ORD144190,LAU,3,2026-01-18,5.0,High
ORD160756,QAG,4,2025-10-28,18.0,High
ORD114842,NRZ,6,2026-01-09,18.0,High
ORD123548,XRZ,6,2026-03-31,23.0,Medium
ORD141847,QAG,5,2025-12-20,18.0,High
ORD180257,KCJ,1,2025-11-25,10.0,High
ORD172049,LER,5,2025-11-16,20.0,High
ORD167792,ZGM,1,2025-06-01,17.0,High
ORD158793,WFV,1,2026-05-23,6.0,High
ORD196395,NRP,1,2025-09-20,15.0,High
ORD193927,MZV,7,2025-07-28,8.0,Medium
ORD104085,QAG,9,2025-11-24,18.0,High
ORD120848,JLQ,1,2025-06-14,23.0,High
ORD188066,KCJ,6,2026-04-25,10.0,High
ORD123862,RYE,9,2026-02-26,16.0,High
ORD132063,SNC,7,2025-06-22,12.0,High
ORD179741,CQK,2,2025-08-30,7.0,Medium
ORD185634,WRS,10,2025-12-20,18.0,High
ORD107492,JVR,2,2025-06-12,17.0,Medium
ORD129281,BES,3,2025-12-01,15.0,High
ORD187354,QMW,1,2026-04-26,25.0,High
ORD114550,WRS,4,2025-09-04,18.0,High
ORD176154,EVW,2,2025-12-08,7.0,High
ORD183077,ZGM,10,2025-11-07,17.0,High
ORD177762,QMW,4,2025-08-22,25.0,High
ORD164634,YYO,9,2025-11-01,13.0,High
ORD107463,YZD,8,2025-11-21,15.0,High
ORD139855,IGP,8,2026-01-25,9.0,High
ORD138824,YYO,2,2026-02-06,13.0,High
ORD162923,CQK,1,2025-12-19,7.0,Medium
ORD122936,SPC,10,2025-11-11,7.0,High
ORD177071,SMS,5,2025-06-16,23.0,Medium
ORD179484,CEG,2,2025-11-28,15.0,High
ORD162658,GRT,9,2025-06-30,8.0,Medium
ORD165786,JZT,2,2026-01-10,17.0,High
ORD159358,KCJ,4,2025-10-10,10.0,High
ORD127017,YYO,3,2025-08-27,13.0,High
ORD131248,NUD,8,2026-05-11,11.0,High
ORD170467,ZGM,2,2025-11-19,17.0,High
ORD153787,HQD,2,2026-05-12,11.0,Low
ORD130753,LNZ,7,2026-03-06,12.0,Medium
ORD169438,LER,5,2025-09-18,20.0,High
ORD133160,FLH,1,2026-05-27,10.0,High
ORD179540,SNC,1,2025-12-11,12.0,High
ORD189764,FFE,3,2026-03-24,5.0,Medium
ORD145254,XIM,5,2025-08-21,12.0,Medium
ORD140195,CWA,4,2026-05-17,20.0,High
ORD152880,WXE,7,2026-05-17,12.0,High
ORD118651,RBX,1,2026-04-05,21.0,High
ORD174898,HGC,1,2026-03-21,14.0,Low
ORD146223,MYU,3,2026-03-25,11.0,Low
ORD122463,NRZ,4,2025-06-28,18.0,High
ORD113452,QMW,9,2025-12-07,25.0,High
ORD144600,NRZ,7,2025-12-26,18.0,High
ORD143269,WXE,4,2025-10-26,12.0,High
ORD134769,WFV,9,2025-11-18,6.0,High
ORD105504,DXB,3,2025-12-16,8.0,High
ORD178459,EVW,3,2026-02-26,7.0,High
ORD137266,NRP,1,2025-12-14,15.0,High
ORD132386,YYO,7,2025-09-02,13.0,High
ORD111561,GWD,1,2026-03-10,24.0,High
ORD150862,GWD,2,2025-11-12,24.0,High
ORD123449,YZD,2,2026-01-24,15.0,High
ORD135437,FKQ,2,2026-03-16,13.0,High
ORD191461,FCY,4,2026-02-14,18.0,High
ORD160422,XRZ,3,2025-07-11,23.0,Medium
ORD190789,JZT,3,2025-08-14,17.0,High
ORD147497,DXB,10,2025-08-08,8.0,High
ORD107858,TIJ,6,2025-09-28,23.0,Low
ORD164810,ADM,2,2026-02-07,20.0,High
ORD179858,BES,1,2025-06-30,15.0,High
ORD163686,MDN,5,2025-10-03,14.0,High
ORD151682,KCJ,10,2025-06-15,10.0,High
ORD174575,MDN,3,2025-09-12,14.0,High
ORD147817,GIJ,1,2026-05-26,18.0,Low
ORD102144,VKI,4,2026-03-17,6.0,Medium
ORD168933,ROB,3,2026-03-11,15.0,Low
ORD135542,OIT,2,2025-06-18,20.0,Medium
ORD126496,YZD,9,2025-09-02,15.0,High
ORD101240,ZSI,1,2025-12-04,18.0,Low
ORD199788,LER,1,2025-12-30,20.0,High
ORD140854,FCF,2,2025-12-13,5.0,Low
ORD132176,SCN,7,2026-01-19,20.0,High
ORD156407,OYF,3,2025-12-05,6.0,High
ORD122962,ARU,4,2026-01-13,21.0,Medium
ORD122134,KCJ,4,2026-02-25,10.0,High
ORD183739,HSD,1,2026-04-01,10.0,High
ORD108249,RNL,8,2025-11-17,19.0,High
ORD116209,ILE,4,2025-07-30,14.0,Medium
ORD110441,PSJ,4,2025-09-20,7.0,High
ORD179875,SYF,4,2025-06-09,11.0,Low
ORD142747,OVY,10,2026-05-31,8.0,Medium
ORD147080,OZB,2,2025-11-07,19.0,High
ORD139780,VQB,3,2026-04-08,14.0,Low
ORD127516,RBX,4,2026-01-05,21.0,High
ORD163693,OZB,9,2025-10-05,19.0,High
ORD192159,OQN,3,2026-01-23,18.0,High
ORD137771,WAN,1,2025-08-21,25.0,Medium
ORD141954,OZB,4,2026-02-19,19.0,High
ORD123483,MBW,3,2026-01-14,9.0,Medium
ORD162184,VJG,5,2026-01-24,10.0,High
ORD168072,WXE,3,2025-07-11,12.0,High
ORD102977,DRD,1,2025-07-02,17.0,Low
ORD198599,ADM,9,2026-04-26,20.0,High
ORD164907,RYE,7,2025-10-21,16.0,High
ORD124923,ADM,3,2025-08-04,20.0,High
ORD195398,ZQH,2,2026-01-21,9.0,High
ORD181568,TAW,5,2026-01-03,17.0,Medium
ORD149485,RYE,1,2026-03-30,16.0,High
ORD110353,OYF,2,2025-10-28,6.0,High
ORD179431,QEU,7,2026-04-08,23.0,Medium
ORD109516,FFE,2,2025-07-08,5.0,Medium
ORD113174,ADM,9,2026-01-20,20.0,High
ORD161077,JZT,1,2026-05-07,17.0,High
ORD101439,VJG,9,2026-05-11,10.0,High
ORD122010,MDN,3,2026-05-20,14.0,High
ORD118404,XVX,4,2025-08-27,23.0,High
ORD129621,LAU,2,2025-12-27,5.0,High
ORD162552,IPE,8,2026-01-17,20.0,Medium
ORD198417,NMS,4,2026-01-31,16.0,Low
ORD153061,OQN,6,2025-08-21,18.0,High
ORD117434,PKF,8,2025-08-21,16.0,Medium
ORD139131,JZT,3,2025-08-23,17.0,High
ORD147515,NMS,4,2025-12-11,16.0,Low
ORD175786,NRZ,2,2026-05-31,18.0,High
ORD110219,WFV,4,2025-07-14,6.0,High
ORD179494,JLQ,10,2025-08-14,23.0,High
ORD131456,QMW,4,2026-03-02,25.0,High
ORD111733,SNC,3,2026-02-19,12.0,High
ORD181041,RNL,4,2026-04-12,19.0,High
ORD165932,JZT,3,2026-05-14,17.0,High
ORD172587,KYB,3,2025-09-22,18.0,Medium
ORD149733,RBX,9,2025-06-27,21.0,High
ORD136508,FKQ,8,2026-05-16,13.0,High
ORD185922,LMQ,3,2025-08-14,20.0,High
ORD184346,SCN,3,2025-07-27,20.0,High
ORD112562,QMW,7,2025-10-12,25.0,High
ORD192489,JUG,2,2026-01-27,17.0,High
ORD129762,HSD,4,2025-06-26,10.0,High
ORD142007,DXB,5,2025-08-13,8.0,High
ORD192659,MYU,8,2026-02-06,11.0,Low
ORD170978,WFV,1,2025-10-20,6.0,High
ORD115719,FKQ,1,2025-06-04,13.0,High
ORD132480,CQO,5,2026-02-11,5.0,High
ORD157802,ADM,4,2025-10-09,20.0,High
ORD114380,OVY,4,2026-02-23,8.0,Medium
ORD157484,TIJ,10,2026-02-26,23.0,Low
ORD172095,VKI,9,2026-03-23,6.0,Medium
ORD143584,HSD,4,2026-01-13,10.0,High
ORD101535,QMW,1,2025-07-20,25.0,High
ORD179485,NRZ,10,2025-08-18,18.0,High
ORD167100,FJZ,1,2026-01-22,12.0,Medium
ORD164832,EVW,3,2025-11-18,7.0,High
ORD175883,CQK,4,2026-01-15,7.0,Medium
ORD121973,JUG,9,2025-12-03,17.0,High
ORD171821,OZB,5,2025-12-17,19.0,High
ORD105535,FLH,5,2025-06-06,10.0,High
ORD130902,TIJ,4,2025-07-12,23.0,Low
ORD148297,XRZ,3,2025-08-30,23.0,Medium
ORD103129,PBM,6,2025-06-06,19.0,Medium
ORD125908,RYE,4,2025-11-06,16.0,High
ORD134820,OIT,4,2025-11-25,20.0,Medium
ORD112206,IGP,2,2026-03-17,9.0,High
ORD149427,CBB,1,2025-07-07,20.0,High
ORD178423,FKQ,3,2025-12-10,13.0,High
ORD130398,CEG,6,2026-05-11,15.0,High
ORD175765,NFQ,7,2026-03-22,10.0,High
ORD145772,FKQ,3,2026-04-22,13.0,High
ORD137851,VJG,3,2025-06-03,10.0,High
ORD164497,VMG,2,2025-08-03,22.0,Medium
ORD155683,LQT,2,2026-03-10,20.0,Medium
ORD141443,FLH,8,2025-06-26,10.0,High
ORD110770,CWA,2,2025-10-25,20.0,High
ORD161087,CQO,2,2025-07-26,5.0,High
ORD137746,IPE,10,2026-05-31,20.0,Medium
ORD172320,WRS,3,2025-10-18,18.0,High
ORD121735,CSM,9,2025-07-24,14.0,Medium
ORD109055,XVX,1,2026-03-01,23.0,High
ORD153615,BKE,2,2026-05-31,20.0,Medium
ORD178956,OVY,9,2026-01-15,8.0,Medium
ORD143163,SNC,4,2026-04-14,12.0,High
ORD193497,JLQ,2,2026-05-13,23.0,High
ORD168199,SCN,1,2025-11-05,20.0,High
ORD101267,CGW,4,2025-12-10,11.0,Medium
ORD146079,NRZ,4,2025-11-11,18.0,High
ORD195210,ADM,4,2026-01-01,20.0,High
ORD128188,IPE,3,2026-02-19,20.0,Medium
ORD107802,IGP,2,2026-02-07,9.0,High
ORD135688,MDN,2,2026-03-14,14.0,High
ORD117447,JUG,8,2025-07-25,17.0,High
ORD143669,HFC,2,2026-05-24,13.0,Medium
ORD165537,NFQ,2,2026-01-27,10.0,High
ORD155678,MBW,2,2025-10-27,9.0,Medium
ORD133861,LPS,1,2025-10-18,25.0,High
ORD140843,OQN,1,2025-09-15,18.0,High
ORD112831,NNV,4,2026-01-16,12.0,Low
ORD132177,FKQ,7,2025-11-04,13.0,High
ORD143505,SNC,1,2026-02-01,12.0,High
ORD143276,QMW,4,2025-08-04,25.0,High
ORD133529,CEG,4,2025-11-29,15.0,High
ORD147332,OZB,1,2025-12-22,19.0,High
ORD145602,SPC,8,2025-06-13,7.0,High
ORD147093,GZE,6,2025-11-18,15.0,Medium
ORD149357,LRX,2,2026-04-23,18.0,Low
ORD173122,ADM,4,2026-04-30,20.0,High
ORD194261,LAU,2,2026-02-24,5.0,High
ORD111796,WXE,1,2025-10-10,12.0,High
ORD199956,CXQ,4,2025-10-29,17.0,High
ORD114067,LMQ,4,2026-05-11,20.0,High
ORD152922,LER,4,2025-11-11,20.0,High
ORD106593,WFV,10,2025-11-21,6.0,High
ORD117129,WOW,4,2025-08-15,15.0,High
ORD169961,GWD,3,2025-06-14,24.0,High
ORD147940,CWA,2,2026-02-19,20.0,High
ORD141238,LNZ,3,2026-02-09,12.0,Medium
ORD135151,JUG,4,2026-02-19,17.0,High
ORD138898,YYO,2,2026-03-11,13.0,High
ORD142175,LMQ,4,2025-12-21,20.0,High
ORD193157,GXL,1,2025-06-28,11.0,Medium
ORD198244,SMS,5,2025-08-01,23.0,Medium
ORD113750,XMO,1,2026-05-28,24.0,Medium
ORD119758,TIJ,2,2026-03-09,23.0,Low
ORD180385,IGP,8,2026-05-01,9.0,High
ORD173901,JLQ,9,2026-03-19,23.0,High
ORD167475,UAX,4,2025-12-01,16.0,Medium
ORD115546,XVX,10,2025-12-18,23.0,High
ORD173208,CEG,1,2025-09-27,15.0,High
ORD143720,FLH,9,2025-08-11,10.0,High
ORD147164,MDN,5,2026-02-19,14.0,High
ORD198168,ILE,10,2025-11-18,14.0,Medium
ORD105401,CBB,1,2026-04-09,20.0,High
ORD189862,ZGM,4,2026-03-30,17.0,High
ORD123616,ADM,4,2026-05-10,20.0,High
ORD100850,HSD,3,2026-04-01,10.0,High
ORD109865,JZT,4,2025-06-09,17.0,High
ORD137581,YZD,8,2025-10-20,15.0,High
ORD167224,LER,10,2026-04-12,20.0,High
ORD189969,TAW,1,2025-08-05,17.0,Medium
ORD163426,DEW,6,2025-10-22,19.0,Low
ORD188222,LAU,1,2025-07-04,5.0,High
ORD144769,JLQ,7,2025-10-02,23.0,High
ORD129183,NUD,2,2025-07-15,11.0,High
ORD147651,CXQ,5,2025-07-10,17.0,High
ORD121128,LER,3,2025-08-14,20.0,High
ORD199376,OQN,3,2025-11-23,18.0,High
ORD166101,WOW,5,2026-02-25,15.0,High
ORD149109,OJI,5,2025-10-26,12.0,Medium
ORD152684,ZQH,10,2025-12-13,9.0,High
ORD197265,SNC,9,2025-10-21,12.0,High
ORD153559,RRI,4,2025-12-31,11.0,Medium
ORD196856,KRU,1,2026-02-26,16.0,Low
ORD129128,HSD,1,2025-06-11,10.0,High
ORD183285,LAU,4,2025-08-20,5.0,High
ORD164129,MDN,8,2026-05-06,14.0,High
ORD160790,GWD,1,2025-08-01,24.0,High
ORD177240,HGC,5,2026-02-07,14.0,Low
ORD174857,WOW,7,2026-03-24,15.0,High
ORD153147,LPS,4,2025-11-09,25.0,High
ORD179650,LER,9,2026-02-03,20.0,High
ORD129310,SPG,2,2026-05-05,25.0,Medium
ORD148377,CXQ,8,2025-11-19,17.0,High
ORD184487,FLH,1,2025-10-14,10.0,High
ORD115553,LQT,10,2026-02-19,20.0,Medium
ORD189676,ILE,4,2025-12-11,14.0,Medium
ORD124583,FKQ,3,2026-03-31,13.0,High
ORD187254,ZDV,2,2026-02-26,25.0,Medium
ORD133947,OQN,2,2025-10-24,18.0,High
ORD106711,WXE,7,2026-02-12,12.0,High
ORD184175,CEG,6,2026-02-18,15.0,High
ORD172797,SNC,4,2025-07-11,12.0,High
ORD125115,KCJ,8,2026-01-21,10.0,High
ORD147411,TAW,2,2025-10-01,17.0,Medium
ORD126372,RCW,2,2026-01-18,23.0,High
ORD112111,HFC,4,2025-07-15,13.0,Medium
ORD154674,JUG,2,2026-03-10,17.0,High
ORD177221,WRS,3,2025-09-09,18.0,High
ORD141056,MWM,1,2025-06-02,14.0,Medium
ORD122287,IFG,3,2025-06-29,23.0,High
ORD174481,NFQ,3,2026-01-22,10.0,High
ORD101446,SNY,2,2025-10-02,15.0,Medium
ORD185152,QAG,3,2025-08-09,18.0,High
ORD168104,CXQ,5,2026-04-20,17.0,High
ORD116849,CXQ,4,2026-05-02,17.0,High
ORD138636,IPE,1,2026-02-21,20.0,Medium
ORD122032,CEG,2,2026-05-20,15.0,High
ORD186119,UYZ,3,2025-12-17,22.0,Low
ORD135275,BKE,1,2025-10-31,20.0,Medium
ORD160051,LER,1,2025-06-19,20.0,High
ORD175026,RBX,3,2026-01-20,21.0,High
ORD156443,EVW,4,2026-05-01,7.0,High
ORD189810,UAX,4,2025-10-19,16.0,Medium
ORD140824,EVW,2,2025-06-07,7.0,High
ORD170953,NRP,2,2025-07-14,15.0,High
ORD194255,OYF,6,2026-02-20,6.0,High
ORD191537,DXB,2,2026-04-01,8.0,High
ORD131198,RBX,2,2026-01-10,21.0,High
ORD180358,LER,2,2025-12-21,20.0,High
ORD162118,LPS,4,2026-05-18,25.0,High
ORD167948,WXE,4,2026-03-31,12.0,High
ORD103394,FCY,4,2025-07-17,18.0,High
ORD159355,QMW,1,2025-10-12,25.0,High
ORD132153,NRP,1,2025-08-27,15.0,High
ORD159577,CEG,1,2025-11-24,15.0,High
ORD190757,RNL,10,2026-04-04,19.0,High
ORD137525,XVX,3,2026-01-18,23.0,High
ORD191372,QAG,1,2025-10-09,18.0,High
ORD108244,XVX,3,2026-04-21,23.0,High
ORD175828,NRZ,6,2025-11-28,18.0,High
ORD157297,JVR,5,2025-09-03,17.0,Medium
ORD138401,XVX,3,2025-11-22,23.0,High
ORD190936,DEW,4,2026-03-17,19.0,Low
ORD173711,CQO,9,2026-04-20,5.0,High
ORD167320,XRZ,4,2025-07-18,23.0,Medium
ORD159580,RNL,3,2026-02-27,19.0,High
ORD190392,LYE,3,2025-09-04,19.0,Low
ORD108056,RCW,6,2025-11-17,23.0,High
ORD136903,QJK,6,2026-04-27,23.0,Low
ORD135250,EVW,4,2026-03-21,7.0,High
ORD172995,GWD,3,2026-05-25,24.0,High
ORD112973,CXQ,4,2025-08-05,17.0,High
ORD187507,WEK,1,2025-11-13,14.0,Medium
ORD192428,TAW,3,2026-01-21,17.0,Medium
ORD175953,OIT,4,2025-12-13,20.0,Medium
ORD198929,YYO,3,2025-07-02,13.0,High
ORD112291,JZT,3,2025-10-29,17.0,High
ORD110308,LER,9,2026-02-04,20.0,High
ORD195111,SNC,5,2025-12-12,12.0,High
ORD112328,WRS,1,2025-06-07,18.0,High
ORD181569,OZB,3,2025-07-23,19.0,High
ORD136516,NRZ,6,2026-05-31,18.0,High
ORD181509,FLH,2,2025-07-01,10.0,High
ORD173719,YYO,4,2025-06-07,13.0,High
ORD170116,BES,4,2025-07-03,15.0,High
ORD182234,RBX,5,2026-05-03,21.0,High
ORD124444,FNU,3,2026-01-15,8.0,Low
ORD135982,WOW,7,2025-08-18,15.0,High
ORD159000,DXB,3,2026-04-04,8.0,High
ORD159136,NRZ,2,2025-08-02,18.0,High
ORD155990,CWA,3,2026-04-27,20.0,High
ORD189628,WOW,6,2025-09-18,15.0,High
ORD127027,FCY,4,2025-11-04,18.0,High
ORD124343,WXE,2,2026-02-06,12.0,High
ORD146712,WFV,4,2026-01-13,6.0,High
ORD162797,CEG,9,2025-07-06,15.0,High
ORD143275,NRP,3,2026-01-23,15.0,High
ORD139431,NUD,3,2025-12-05,11.0,High
ORD141659,XIM,6,2026-05-01,12.0,Medium
ORD124558,QMW,2,2025-11-25,25.0,High
ORD102659,SPV,9,2025-12-29,6.0,High
ORD158222,WXE,1,2025-07-01,12.0,High
ORD142625,PBM,3,2025-09-16,19.0,Medium
ORD115597,BES,3,2026-05-25,15.0,High
ORD178304,PKF,4,2026-05-21,16.0,Medium
ORD100585,MZV,5,2025-11-04,8.0,Medium
ORD139062,CEG,4,2025-12-07,15.0,High
ORD153618,ZQH,7,2025-10-13,9.0,High
ORD113749,MDN,3,2026-04-28,14.0,High
ORD180046,CBB,2,2025-07-24,20.0,High
ORD101506,FLH,2,2025-12-16,10.0,High
ORD108910,QAG,10,2025-10-02,18.0,High
ORD100342,HSD,1,2025-12-25,10.0,High
ORD154197,XJB,8,2026-01-13,8.0,Low
ORD182405,RNL,9,2025-12-21,19.0,High
ORD174594,ZUW,3,2025-06-28,22.0,Medium
ORD150705,ZQH,9,2026-01-29,9.0,High
ORD126859,JLQ,5,2025-07-07,23.0,High
ORD103849,CWA,8,2025-09-29,20.0,High
ORD147131,IFG,6,2025-11-08,23.0,High
ORD156765,WFV,2,2025-09-14,6.0,High
ORD131225,RCW,4,2026-02-17,23.0,High
ORD183867,NRZ,1,2025-06-20,18.0,High
ORD173465,CQK,4,2026-02-28,7.0,Medium
ORD151807,LPS,5,2026-04-08,25.0,High
ORD108829,QMW,6,2025-06-20,25.0,High
ORD138055,SMS,9,2026-03-24,23.0,Medium
ORD137268,HSD,3,2025-09-03,10.0,High
ORD101481,JUG,6,2025-06-20,17.0,High
ORD166715,WRS,2,2025-10-14,18.0,High
ORD139174,CQK,1,2026-04-13,7.0,Medium
ORD151771,YOK,6,2025-08-22,14.0,Medium
ORD194997,JLQ,3,2025-08-02,23.0,High
ORD195512,WOW,3,2026-01-18,15.0,High
ORD196087,JZT,4,2025-08-01,17.0,High
ORD148768,MZV,4,2026-02-24,8.0,Medium
ORD164203,LMQ,9,2025-08-19,20.0,High
ORD197184,LAU,1,2025-06-26,5.0,High
ORD174089,XJB,4,2026-01-15,8.0,Low
ORD130765,FKQ,1,2025-11-07,13.0,High
ORD113221,HFC,3,2025-06-14,13.0,Medium
ORD148925,CQO,8,2026-05-10,5.0,High
ORD144025,NRZ,3,2026-04-12,18.0,High
ORD194793,HSD,5,2026-01-26,10.0,High
ORD132696,DXB,6,2025-06-06,8.0,High
ORD110369,CBB,4,2025-09-02,20.0,High
ORD146373,LER,1,2026-03-24,20.0,High
ORD107805,WFV,2,2026-02-23,6.0,High
ORD107902,EVW,2,2025-09-15,7.0,High
ORD159890,OQN,4,2025-12-09,18.0,High
ORD170192,ZSI,4,2025-07-01,18.0,Low
ORD146653,GRT,3,2025-11-10,8.0,Medium
ORD199691,HFC,4,2026-03-29,13.0,Medium
ORD117875,YYO,1,2026-04-22,13.0,High
ORD171566,JPK,4,2025-11-03,19.0,Medium
ORD121939,GWD,6,2025-12-17,24.0,High
ORD195658,RBX,9,2026-03-26,21.0,High
ORD112556,JUG,2,2025-10-05,17.0,High
ORD136325,YZD,7,2026-05-12,15.0,High
ORD144568,ZGM,6,2025-12-15,17.0,High
ORD159108,RNL,2,2026-05-04,19.0,High
ORD176319,AFY,1,2025-10-12,16.0,Low
ORD135777,SPC,2,2026-05-08,7.0,High
ORD126642,NUD,1,2025-10-01,11.0,High
ORD177872,SCN,5,2026-02-27,20.0,High
ORD198181,ADM,9,2025-06-14,20.0,High
ORD187279,DXB,6,2025-06-26,8.0,High
ORD196843,OYF,4,2026-04-24,6.0,High
ORD134861,INT,4,2025-09-05,18.0,Low
ORD166209,ILE,4,2026-05-13,14.0,Medium
ORD151849,NFQ,1,2025-07-05,10.0,High
ORD186640,MBW,2,2026-02-20,9.0,Medium
ORD101727,LPS,4,2025-12-28,25.0,High
ORD100160,VJG,1,2025-07-02,10.0,High
ORD125340,HSD,9,2026-01-03,10.0,High
ORD139797,BKE,5,2025-12-02,20.0,Medium
ORD129662,OQN,1,2025-07-18,18.0,High
ORD180092,CEG,3,2025-06-07,15.0,High
ORD100488,NRP,4,2025-06-13,15.0,High
ORD173782,HSD,4,2026-05-21,10.0,High
ORD172115,VJG,4,2025-10-22,10.0,High
ORD120063,CWE,1,2025-07-17,24.0,Low
ORD115045,WFV,3,2026-01-30,6.0,High
ORD185194,FCY,3,2025-06-25,18.0,High
ORD150604,RNL,3,2026-05-12,19.0,High
ORD136190,QAG,1,2026-01-23,18.0,High
ORD152645,LPS,2,2026-02-19,25.0,High
ORD128962,LAU,4,2025-10-03,5.0,High
ORD102030,PSJ,3,2026-04-14,7.0,High
ORD124569,FLH,3,2025-08-15,10.0,High
ORD140277,CQK,4,2026-01-29,7.0,Medium
ORD173887,PKF,2,2025-08-06,16.0,Medium
ORD190636,RIJ,2,2026-03-13,12.0,Low
ORD195598,DEW,7,2025-09-22,19.0,Low
ORD189452,OQN,3,2025-10-04,18.0,High
ORD150214,NRZ,10,2026-04-08,18.0,High
ORD194080,OZB,2,2026-05-08,19.0,High
ORD167379,PKF,3,2025-10-11,16.0,Medium
ORD155398,LFP,10,2026-05-05,15.0,Low
ORD106967,RRI,1,2025-10-19,11.0,Medium
ORD183145,PSJ,7,2025-06-15,7.0,High
ORD132051,CWA,10,2025-09-08,20.0,High
ORD141272,OIT,3,2026-02-02,20.0,Medium
ORD105191,FKQ,1,2025-10-30,13.0,High
ORD186668,SNY,2,2025-08-25,15.0,Medium
ORD106755,JLQ,3,2026-05-29,23.0,High
ORD167977,HFC,4,2026-01-29,13.0,Medium
ORD157542,LMQ,9,2026-01-22,20.0,High
ORD176193,XVX,3,2026-03-04,23.0,High
ORD161099,FLH,9,2026-05-30,10.0,High
ORD166369,QJK,3,2025-12-23,23.0,Low
ORD162999,NRP,5,2026-03-12,15.0,High
ORD126509,PSJ,3,2025-08-14,7.0,High
ORD144221,BES,10,2025-08-16,15.0,High
ORD122527,HQD,2,2025-09-06,11.0,Low
ORD142363,ROB,10,2026-04-02,15.0,Low
ORD185979,WOW,6,2025-12-25,15.0,High
ORD159989,NRP,4,2025-06-17,15.0,High
ORD103245,FKQ,4,2026-04-25,13.0,High
ORD118675,NRP,1,2025-07-07,15.0,High
ORD168178,NRZ,3,2026-01-19,18.0,High
ORD122959,MJP,3,2026-04-14,22.0,Low
ORD142556,CBB,4,2026-04-17,20.0,High
ORD149652,GRT,1,2025-09-21,8.0,Medium
ORD119813,LMQ,1,2026-04-21,20.0,High
ORD116687,WFV,1,2026-03-10,6.0,High
ORD116715,VJG,4,2026-01-01,10.0,High
ORD163516,DIY,4,2026-05-31,12.0,Low
ORD190611,MZV,10,2026-03-24,8.0,Medium
ORD115934,RRI,4,2026-05-12,11.0,Medium
ORD102893,WEK,7,2025-11-07,14.0,Medium
ORD175678,SPV,4,2026-01-13,6.0,High
ORD132508,OBP,9,2026-02-10,5.0,Low
ORD166134,THQ,2,2025-08-19,5.0,Low
ORD123869,PSJ,1,2025-10-06,7.0,High
ORD109914,OJI,3,2026-01-08,12.0,Medium
ORD124790,VJG,1,2026-05-26,10.0,High
ORD175190,MZV,2,2026-01-12,8.0,Medium
ORD190072,BES,7,2025-07-03,15.0,High
ORD165339,UHR,3,2026-01-03,9.0,Low
ORD146569,OVY,4,2025-07-23,8.0,Medium
ORD171237,CQO,4,2026-01-14,5.0,High
ORD197852,HSD,3,2025-09-02,10.0,High
ORD169094,RNL,1,2025-09-19,19.0,High
ORD115695,LPS,2,2025-10-16,25.0,High
ORD105218,CWE,2,2026-03-10,24.0,Low
ORD139705,NFQ,4,2026-02-11,10.0,High
ORD168608,WOW,1,2026-03-14,15.0,High
ORD164252,LAU,2,2026-04-06,5.0,High
ORD128251,SPC,2,2026-05-01,7.0,High
ORD197746,CQO,1,2025-10-17,5.0,High
ORD163771,XVX,1,2025-07-01,23.0,High
ORD150528,PBM,2,2025-08-12,19.0,Medium
ORD130298,MDN,2,2025-06-25,14.0,High
ORD100687,XRZ,2,2025-09-25,23.0,Medium
ORD151536,RNL,4,2026-01-06,19.0,High
ORD122690,YZD,6,2026-05-15,15.0,High
ORD113238,NFQ,9,2025-06-13,10.0,High
ORD142082,SCN,2,2025-07-26,20.0,High
ORD132960,IFG,3,2026-03-21,23.0,High
ORD195743,HSD,3,2026-05-21,10.0,High
ORD157905,UAX,6,2025-10-25,16.0,Medium
ORD153368,IFG,1,2025-07-22,23.0,High
ORD153712,KCJ,1,2026-05-11,10.0,High
ORD199441,OIT,7,2025-09-08,20.0,Medium
ORD157790,MDN,4,2025-06-25,14.0,High
ORD151043,EJV,2,2025-10-05,17.0,Low
ORD187799,WFV,2,2026-04-05,6.0,High
ORD188577,SNC,2,2026-03-19,12.0,High
ORD172791,XIM,5,2025-06-09,12.0,Medium
ORD103658,LPS,7,2025-09-18,25.0,High
ORD115435,OIT,4,2025-08-30,20.0,Medium
ORD163415,FKQ,2,2025-06-09,13.0,High
ORD113361,EJV,3,2025-09-13,17.0,Low
ORD172110,JLQ,1,2026-01-05,23.0,High
ORD161827,LMQ,2,2025-09-21,20.0,High
ORD151916,WFV,2,2025-07-22,6.0,High
ORD156905,NRP,9,2026-04-06,15.0,High
ORD179714,GWD,2,2026-02-01,24.0,High
ORD166131,BKE,8,2025-09-29,20.0,Medium
ORD193776,WXE,3,2025-09-17,12.0,High
ORD167525,NUD,4,2025-11-25,11.0,High
ORD113529,CXQ,4,2026-04-16,17.0,High
ORD137741,ZGM,4,2026-01-21,17.0,High
ORD100727,ESQ,3,2025-10-31,13.0,Low
ORD138023,EOS,2,2025-11-05,25.0,Low
ORD185882,FFE,3,2025-09-17,5.0,Medium
ORD138038,YOK,2,2026-05-18,14.0,Medium
ORD152272,RYE,8,2026-03-10,16.0,High
ORD199107,RNL,3,2025-07-15,19.0,High
ORD183607,DXB,6,2025-11-17,8.0,High
ORD109209,GWD,6,2025-10-02,24.0,High
ORD140946,RYE,3,2025-07-29,16.0,High
ORD171194,YBM,1,2025-11-09,5.0,Low
ORD168042,KCJ,4,2026-04-26,10.0,High
ORD142259,FJZ,6,2025-07-01,12.0,Medium
ORD135222,NTQ,4,2026-02-02,10.0,Low
ORD176737,YZD,4,2026-04-08,15.0,High
ORD180909,PSJ,2,2025-06-04,7.0,High
ORD140786,QMW,1,2026-03-25,25.0,High
ORD126027,ADM,3,2026-03-04,20.0,High
ORD128270,TRB,2,2026-05-08,12.0,Medium
ORD177807,YYO,10,2026-02-22,13.0,High
ORD172704,QMW,4,2025-06-29,25.0,High
ORD192472,RNL,1,2025-08-16,19.0,High
ORD165596,XIM,3,2026-04-30,12.0,Medium
ORD188130,RNL,1,2025-09-27,19.0,High
ORD154811,HQD,1,2025-12-28,11.0,Low
ORD137568,MYU,1,2026-03-02,11.0,Low
ORD153213,RCW,9,2026-05-17,23.0,High
ORD109668,NUD,2,2025-12-17,11.0,High
ORD164557,OYF,3,2025-08-23,6.0,High
ORD137119,MZV,1,2025-09-19,8.0,Medium
ORD191986,IFG,7,2025-09-18,23.0,High
ORD141914,PKF,7,2026-02-17,16.0,Medium
ORD110746,OZB,6,2026-02-22,19.0,High
ORD151966,BES,3,2025-10-30,15.0,High
ORD113323,KYB,2,2025-07-27,18.0,Medium
ORD129799,PBM,10,2026-05-28,19.0,Medium
ORD173872,INT,1,2025-11-13,18.0,Low
ORD140208,EJV,2,2025-08-18,17.0,Low
ORD103951,RNL,4,2026-03-28,19.0,High
ORD103162,NMS,10,2026-01-04,16.0,Low
ORD122744,RCW,3,2026-03-13,23.0,High
ORD187027,YZD,6,2026-01-16,15.0,High
ORD151178,RYE,4,2026-03-06,16.0,High
ORD193298,KCJ,8,2026-02-23,10.0,High
ORD199549,KCJ,2,2026-05-25,10.0,High
ORD106219,WFV,3,2026-05-02,6.0,High
ORD175045,SPC,6,2025-07-30,7.0,High
ORD104616,QAG,1,2026-01-25,18.0,High
ORD120438,CBB,6,2025-08-18,20.0,High
ORD122267,OYF,3,2025-08-10,6.0,High
ORD111701,RBX,4,2026-05-21,21.0,High
ORD178101,GXL,2,2026-03-08,11.0,Medium
ORD152887,VJG,8,2025-07-07,10.0,High
ORD168604,YZD,3,2025-09-16,15.0,High
ORD129218,FCF,1,2025-11-14,5.0,Low
ORD105405,CQK,6,2026-04-16,7.0,Medium
ORD115937,CWA,1,2026-01-13,20.0,High
ORD119367,LPS,1,2025-06-18,25.0,High
ORD111684,ARU,9,2026-02-23,21.0,Medium
ORD148167,UAX,2,2025-11-09,16.0,Medium
ORD198925,RBX,2,2025-12-21,21.0,High
ORD139703,CWA,4,2025-07-08,20.0,High
ORD198669,SPV,7,2026-01-15,6.0,High
ORD129351,OZB,4,2025-12-22,19.0,High
ORD165224,CEG,1,2025-07-30,15.0,High
ORD150222,OQN,2,2025-08-28,18.0,High
ORD103784,CEG,2,2025-09-11,15.0,High
ORD168486,QAG,1,2025-09-11,18.0,High
ORD190610,LFP,6,2025-08-29,15.0,Low
ORD146149,IPE,4,2026-01-25,20.0,Medium
ORD134155,CQO,4,2026-03-04,5.0,High
ORD128132,GXL,4,2025-08-11,11.0,Medium
ORD168759,IPE,3,2026-05-23,20.0,Medium
ORD145858,HGC,2,2025-11-07,14.0,Low
ORD102457,ADM,4,2025-07-07,20.0,High
ORD149344,HSD,4,2025-10-03,10.0,High
ORD199341,JUG,6,2025-10-17,17.0,High
ORD190265,YZD,9,2025-06-13,15.0,High
ORD198534,JVR,5,2025-10-07,17.0,Medium
ORD126936,QAG,2,2025-09-08,18.0,High
ORD111494,BES,6,2025-06-12,15.0,High
ORD154543,CQO,6,2026-01-18,5.0,High
ORD194907,WOW,1,2025-07-14,15.0,High
ORD105069,KCJ,1,2026-01-04,10.0,High
ORD100240,SNC,1,2025-08-24,12.0,High
ORD145633,QMW,3,2025-11-07,25.0,High
ORD103769,RCW,2,2026-05-09,23.0,High
ORD147664,VQB,3,2025-07-19,14.0,Low
ORD160482,JZT,1,2025-07-23,17.0,High
ORD144613,YZD,4,2025-12-22,15.0,High
ORD147439,UPP,3,2025-07-27,10.0,Medium
ORD167858,EVW,6,2026-06-01,7.0,High
ORD150876,CWA,9,2025-10-22,20.0,High
ORD193324,MYU,4,2025-07-01,11.0,Low
ORD154603,JZT,3,2026-03-08,17.0,High
ORD119186,DXB,10,2025-07-23,8.0,High
ORD106707,JPK,3,2026-03-18,19.0,Medium
ORD123438,NUD,3,2025-09-16,11.0,High
ORD117724,CQO,1,2025-11-02,5.0,High
ORD158533,UPP,1,2026-04-22,10.0,Medium
ORD136728,VJG,10,2025-07-16,10.0,High
ORD171365,VJG,4,2025-08-20,10.0,High
ORD130536,JZT,3,2025-09-02,17.0,High
ORD101414,OYF,2,2026-01-14,6.0,High
ORD110229,TIJ,1,2026-05-04,23.0,Low
ORD149622,UYZ,4,2025-09-06,22.0,Low
ORD189890,NUD,5,2025-09-05,11.0,High
ORD127238,RCW,8,2025-07-22,23.0,High
ORD169535,SMS,10,2025-09-17,23.0,Medium
ORD193760,JLQ,9,2026-04-12,23.0,High
ORD152108,CAT,3,2026-01-25,12.0,Low
ORD152072,XVX,4,2025-12-15,23.0,High
ORD110880,JZT,5,2025-07-23,17.0,High
ORD102165,JUC,9,2025-07-24,10.0,Medium
ORD110413,CEG,8,2025-10-02,15.0,High
ORD166891,FLH,1,2025-07-12,10.0,High
ORD171294,OVY,2,2025-12-02,8.0,Medium
ORD190952,PKF,2,2026-01-09,16.0,Medium
ORD145516,LFP,2,2025-08-14,15.0,Low
ORD119459,OIT,8,2026-03-21,20.0,Medium
ORD135023,OYF,3,2025-10-20,6.0,High
ORD108588,NRP,2,2025-11-17,15.0,High
ORD131851,QMW,10,2026-05-04,25.0,High
ORD121792,BRX,3,2025-08-05,15.0,Low
ORD145600,YZD,4,2025-07-20,15.0,High
ORD110931,LNZ,4,2025-06-17,12.0,Medium
ORD173271,ZQH,2,2026-01-31,9.0,High
ORD122067,VKI,6,2025-12-28,6.0,Medium
ORD161887,THQ,1,2026-02-25,5.0,Low
ORD189958,RNL,1,2026-02-14,19.0,High
ORD180231,WRS,2,2025-11-12,18.0,High
ORD164267,JUC,7,2026-03-20,10.0,Medium
ORD192155,SNY,2,2025-10-24,15.0,Medium
ORD131946,YYO,1,2026-01-24,13.0,High
ORD106823,HSD,2,2026-01-13,10.0,High
ORD180351,YZD,2,2026-05-05,15.0,High
ORD102902,JLQ,3,2025-07-06,23.0,High
ORD139998,CQK,8,2025-12-27,7.0,Medium
ORD149571,LER,4,2025-09-24,20.0,High
ORD181672,WOW,4,2026-04-04,15.0,High
ORD172544,MZV,5,2025-11-17,8.0,Medium
ORD127861,LPS,2,2026-01-05,25.0,High
ORD171168,IGP,4,2026-05-05,9.0,High
ORD197185,SPC,2,2025-11-05,7.0,High
ORD146248,EVW,4,2026-03-26,7.0,High
ORD171112,LPS,3,2026-05-31,25.0,High
ORD187030,JZT,1,2025-08-14,17.0,High
ORD143924,CBB,3,2025-06-14,20.0,High
ORD199500,CXQ,2,2025-12-04,17.0,High
ORD131450,LQT,7,2025-06-01,20.0,Medium
ORD192426,XVX,5,2025-11-03,23.0,High
ORD189562,SCN,4,2025-09-09,20.0,High
ORD128193,PKF,6,2026-04-10,16.0,Medium
ORD106791,ESQ,1,2025-06-02,13.0,Low
ORD146688,IGP,3,2026-04-23,9.0,High
ORD110555,CBB,4,2025-09-22,20.0,High
ORD122728,TRB,1,2025-07-30,12.0,Medium
ORD141713,OBP,4,2026-03-29,5.0,Low
ORD161192,GXL,2,2025-08-21,11.0,Medium
ORD145220,ZQH,6,2025-10-29,9.0,High
ORD186468,MDN,8,2025-08-02,14.0,High
ORD187966,ROB,6,2026-02-18,15.0,Low
ORD190740,CEG,2,2025-08-08,15.0,High
ORD180263,SCN,3,2025-11-11,20.0,High
ORD100720,CXQ,10,2025-10-15,17.0,High
ORD157994,PKF,3,2025-08-21,16.0,Medium
ORD141022,IGP,5,2025-10-29,9.0,High
ORD149438,LPS,3,2026-01-04,25.0,High
ORD152459,FCY,3,2025-06-28,18.0,High
ORD111208,ZDV,2,2025-08-30,25.0,Medium
ORD143770,JZT,3,2026-03-08,17.0,High
ORD174346,LPS,2,2025-07-03,25.0,High
ORD141284,MGM,2,2026-01-07,12.0,Low
ORD139596,WFV,6,2026-01-16,6.0,High
ORD169048,ADM,4,2025-11-19,20.0,High
ORD144543,OYF,10,2025-08-25,6.0,High
ORD192137,CBB,1,2026-04-26,20.0,High
ORD132281,JZT,4,2025-09-11,17.0,High
ORD144110,QIE,1,2026-02-19,7.0,Low
ORD166059,CSM,2,2025-07-10,14.0,Medium
ORD150884,VKI,2,2026-03-24,6.0,Medium
ORD165026,GRT,1,2025-12-03,8.0,Medium
ORD156685,HGC,4,2025-07-06,14.0,Low
ORD174875,RNL,6,2026-01-30,19.0,High
ORD159679,ZUW,1,2025-09-04,22.0,Medium
ORD172795,PSJ,2,2025-06-15,7.0,High
ORD189002,SPV,1,2025-08-08,6.0,High
ORD170819,VQB,4,2026-04-18,14.0,Low
ORD171483,RCW,10,2026-04-04,23.0,High
ORD135934,LER,8,2026-02-02,20.0,High
ORD120215,LPS,2,2025-07-20,25.0,High
ORD159583,CXQ,10,2025-08-01,17.0,High
ORD193059,LRX,2,2025-08-12,18.0,Low
ORD136206,SYF,3,2026-05-08,11.0,Low
ORD199582,QMW,9,2025-06-24,25.0,High
ORD186765,CXQ,2,2025-09-18,17.0,High
ORD138990,LPS,10,2025-08-24,25.0,High
ORD120725,CXQ,7,2025-09-21,17.0,High
ORD180014,FKQ,7,2026-02-11,13.0,High
ORD171970,RNL,3,2026-05-06,19.0,High
ORD138078,CZS,3,2026-05-02,6.0,Medium
ORD160266,RNL,2,2025-11-29,19.0,High
ORD183108,YYO,9,2025-07-27,13.0,High
ORD187347,FCF,3,2025-09-21,5.0,Low
ORD162332,WEK,4,2026-03-12,14.0,Medium
ORD194801,CQK,8,2026-02-12,7.0,Medium
ORD116318,LQT,1,2025-10-28,20.0,Medium
ORD104023,EVW,4,2026-04-07,7.0,High
ORD197424,RYE,1,2025-08-09,16.0,High
ORD131929,MBW,2,2026-02-28,9.0,Medium
ORD129984,BES,1,2026-04-24,15.0,High
ORD180203,IGP,3,2025-08-10,9.0,High
ORD196708,LNZ,1,2025-07-29,12.0,Medium
ORD183172,XVX,6,2025-08-21,23.0,High
ORD113001,NRP,2,2025-12-13,15.0,High
ORD146163,WOW,10,2026-05-09,15.0,High
ORD195523,ADM,3,2025-06-05,20.0,High
ORD158395,SNC,9,2025-10-01,12.0,High
ORD124101,SPV,8,2025-09-12,6.0,High
ORD119761,LFP,2,2025-11-12,15.0,Low
ORD162120,NUD,6,2025-10-23,11.0,High
ORD198002,CEG,3,2025-10-10,15.0,High
ORD160779,THQ,10,2026-04-16,5.0,Low
ORD121392,OIT,6,2025-09-18,20.0,Medium
ORD169529,BES,3,2025-11-19,15.0,High
ORD190995,WRS,1,2025-08-20,18.0,High
ORD157740,SPV,1,2025-08-23,6.0,High
ORD132010,JVR,10,2025-09-03,17.0,Medium
ORD182963,MZV,1,2026-05-07,8.0,Medium
ORD132869,CXQ,1,2025-10-22,17.0,High
ORD185566,CWE,1,2025-06-01,24.0,Low
ORD172733,SNC,1,2025-10-26,12.0,High
ORD189424,CXQ,4,2026-01-11,17.0,High
ORD182922,CEG,8,2026-02-25,15.0,High
ORD144490,CXQ,4,2025-07-29,17.0,High
ORD137205,IFG,3,2026-04-04,23.0,High
ORD103275,SNY,4,2025-10-05,15.0,Medium
ORD179211,ADM,10,2025-12-26,20.0,High
ORD113269,CBB,1,2026-05-25,20.0,High
ORD119724,LPS,9,2025-08-22,25.0,High
ORD150363,CEG,6,2026-03-04,15.0,High
ORD141177,JUG,2,2025-08-14,17.0,High
ORD184957,RRI,8,2025-08-01,11.0,Medium
ORD138018,ZGM,3,2025-10-09,17.0,High
ORD170490,LPS,9,2025-07-08,25.0,High
ORD195499,IGP,8,2025-09-06,9.0,High
ORD103402,JUC,5,2025-06-29,10.0,Medium
ORD166139,WAN,1,2026-01-22,25.0,Medium
ORD139957,EVW,1,2025-10-26,7.0,High
ORD122704,JZT,5,2025-12-16,17.0,High
ORD109195,BDV,3,2026-05-31,14.0,Low
ORD129765,QJK,6,2025-10-27,23.0,Low
ORD168318,GWD,6,2025-11-28,24.0,High
ORD152292,SPC,4,2025-09-05,7.0,High
ORD139781,JPK,3,2026-05-28,19.0,Medium
ORD171704,WOW,3,2026-04-03,15.0,High
ORD103680,RCW,3,2025-11-07,23.0,High
ORD135723,JUG,4,2025-08-25,17.0,High
ORD112428,JUG,4,2026-01-24,17.0,High
ORD143480,YZD,2,2026-01-25,15.0,High
ORD170761,RCW,3,2025-09-07,23.0,High
ORD143339,YZD,5,2025-06-27,15.0,High
ORD118358,BKE,4,2025-11-29,20.0,Medium
ORD194636,MDN,5,2026-04-14,14.0,High
ORD195918,TAW,4,2026-04-06,17.0,Medium
ORD148273,LPS,2,2026-02-05,25.0,High
ORD126896,OYF,2,2025-08-21,6.0,High
ORD120557,FCY,2,2026-01-05,18.0,High
ORD150924,CGW,3,2025-11-13,11.0,Medium
ORD108733,BKE,1,2025-07-14,20.0,Medium
ORD127634,NRZ,3,2026-02-27,18.0,High
ORD120697,KYB,2,2025-11-04,18.0,Medium
ORD114383,OZB,7,2025-09-07,19.0,High
ORD194247,ZQH,7,2026-03-18,9.0,High
ORD116698,YYO,3,2025-12-06,13.0,High
ORD105697,ESQ,1,2025-09-17,13.0,Low
ORD120851,LER,3,2025-06-25,20.0,High
ORD125392,WXE,2,2025-09-21,12.0,High
ORD127176,THQ,3,2026-02-14,5.0,Low
ORD180317,SPV,2,2026-03-21,6.0,High
ORD109591,QIE,6,2026-02-16,7.0,Low
ORD115042,LNZ,2,2025-06-19,12.0,Medium
ORD147530,FCY,10,2025-06-04,18.0,High
ORD141530,YZD,2,2026-04-21,15.0,High
ORD158711,LAU,2,2025-08-21,5.0,High
ORD183372,FJZ,10,2026-02-20,12.0,Medium
ORD120922,DRD,4,2026-03-01,17.0,Low
ORD137026,JUG,6,2026-04-18,17.0,High
ORD148613,JUG,1,2026-05-29,17.0,High
ORD100243,PSJ,2,2025-09-19,7.0,High
ORD113928,CQO,2,2025-10-06,5.0,High
ORD109179,SPC,8,2025-11-20,7.0,High
ORD177488,ZQH,1,2025-10-18,9.0,High
ORD102589,NRP,1,2025-12-29,15.0,High
ORD169754,ZGM,3,2025-06-20,17.0,High
ORD187272,WXE,10,2025-10-21,12.0,High
ORD178330,OIT,4,2025-10-29,20.0,Medium
ORD108020,DIY,1,2025-07-09,12.0,Low
ORD190555,SCN,4,2026-03-22,20.0,High
ORD183072,SCN,1,2026-03-13,20.0,High
ORD108373,KYB,10,2026-02-09,18.0,Medium
ORD131050,QIE,1,2025-06-26,7.0,Low
ORD176728,OZB,4,2026-01-30,19.0,High
ORD189062,UHR,4,2025-12-03,9.0,Low
ORD116163,NRP,2,2025-12-12,15.0,High
ORD144036,THQ,10,2025-12-08,5.0,Low
ORD124900,IFG,2,2025-12-26,23.0,High
ORD173639,FLH,2,2026-01-24,10.0,High
ORD117962,FCY,9,2025-10-06,18.0,High
ORD125483,OIT,3,2025-10-24,20.0,Medium
ORD151630,ZQH,4,2025-12-15,9.0,High
ORD172948,DXB,9,2025-10-08,8.0,High
ORD119664,CBB,4,2025-11-17,20.0,High
ORD181618,YZD,5,2025-09-09,15.0,High
ORD160253,BDV,4,2026-02-11,14.0,Low
ORD132406,DXB,5,2026-02-05,8.0,High
ORD186663,FCY,4,2026-01-24,18.0,High
ORD198780,MDN,10,2025-10-27,14.0,High
ORD163378,NRP,3,2026-03-23,15.0,High
ORD141148,QEU,2,2025-10-17,23.0,Medium
ORD104491,FKQ,2,2025-11-27,13.0,High
ORD115602,JUG,9,2025-09-16,17.0,High
ORD199179,CWA,2,2026-03-15,20.0,High
ORD100586,HSD,3,2026-02-12,10.0,High
ORD123335,RCW,4,2025-07-29,23.0,High
ORD176702,LAU,7,2025-10-19,5.0,High
ORD152411,OZB,4,2026-03-04,19.0,High
ORD152314,ARU,2,2026-01-30,21.0,Medium
ORD121442,FLH,9,2026-05-18,10.0,High
ORD170009,WAN,7,2026-04-26,25.0,Medium
ORD178336,HSD,3,2025-11-10,10.0,High
ORD178156,QAG,2,2025-07-27,18.0,High
ORD117919,LER,4,2025-10-17,20.0,High
ORD168895,CBB,3,2026-02-16,20.0,High
ORD123631,ADM,4,2025-11-03,20.0,High
ORD199558,PSJ,1,2025-06-11,7.0,High
ORD195852,ZGM,3,2025-09-06,17.0,High
ORD135508,MDN,2,2025-10-13,14.0,High
ORD112334,GWD,2,2026-04-26,24.0,High
ORD129997,JZT,3,2025-07-24,17.0,High
ORD150122,PSJ,4,2025-07-29,7.0,High
ORD183016,YZD,5,2025-12-11,15.0,High
ORD131687,IWO,1,2025-06-07,17.0,Low
ORD161347,WOW,1,2025-08-24,15.0,High
ORD176508,BKE,1,2025-12-27,20.0,Medium
ORD148526,KRU,7,2026-03-29,16.0,Low
ORD168988,MGM,3,2025-06-27,12.0,Low
ORD182431,RBX,2,2025-07-22,21.0,High
ORD134355,CSM,7,2025-11-02,14.0,Medium
ORD180492,PSJ,2,2025-09-19,7.0,High
ORD151421,SPG,1,2026-03-30,25.0,Medium
ORD161308,OZB,3,2025-06-11,19.0,High
ORD177685,VGB,4,2025-11-20,6.0,Low
ORD135163,XVX,2,2026-03-09,23.0,High
ORD199114,LMQ,3,2025-08-20,20.0,High
ORD182470,SNY,5,2025-10-30,15.0,Medium
ORD143564,KCJ,2,2025-08-22,10.0,High
ORD197944,CAT,2,2025-10-05,12.0,Low
ORD187315,WFV,3,2025-12-24,6.0,High
ORD195167,WRS,2,2025-07-14,18.0,High
ORD182591,SPV,3,2025-09-15,6.0,High
ORD117842,RCW,9,2026-05-06,23.0,High
ORD133695,KYB,8,2026-04-30,18.0,Medium
ORD103377,LER,1,2026-01-12,20.0,High
ORD126890,NFQ,3,2025-08-14,10.0,High
ORD106631,VKI,5,2025-06-17,6.0,Medium
ORD143754,WOW,2,2026-01-05,15.0,High
ORD154055,FLH,4,2026-01-22,10.0,High
ORD147286,ESQ,2,2026-04-20,13.0,Low
ORD188906,FKQ,4,2026-05-14,13.0,High
ORD187248,NUD,2,2025-10-03,11.0,High
ORD174582,AFY,2,2026-02-21,16.0,Low
ORD140666,FKQ,5,2026-04-22,13.0,High
ORD139015,YYO,7,2025-08-19,13.0,High
ORD181482,EJV,3,2026-01-21,17.0,Low
ORD111067,IPE,4,2026-05-25,20.0,Medium
ORD102447,UAX,8,2026-04-03,16.0,Medium
ORD114358,JUG,1,2025-09-12,17.0,High
ORD178577,CWA,10,2026-04-07,20.0,High
ORD195136,JZT,1,2026-04-07,17.0,High
ORD122544,VJG,10,2025-10-07,10.0,High
ORD151982,SPV,4,2025-08-15,6.0,High
ORD120812,CWA,2,2025-09-25,20.0,High
ORD160302,HSD,9,2026-05-29,10.0,High
ORD136649,DXB,10,2025-08-20,8.0,High
ORD165902,HSD,4,2025-06-18,10.0,High
ORD184618,XMO,2,2026-04-23,24.0,Medium
ORD144497,ZDV,3,2025-11-19,25.0,Medium
ORD140073,WRS,2,2026-01-03,18.0,High
ORD169054,BES,8,2026-05-05,15.0,High
ORD110230,CQK,1,2025-06-28,7.0,Medium
ORD145298,FLH,4,2026-05-15,10.0,High
ORD171807,CEG,2,2025-12-22,15.0,High
ORD184302,MWM,2,2025-10-26,14.0,Medium
ORD167989,NRP,2,2026-01-31,15.0,High
ORD155434,CBB,5,2025-10-18,20.0,High
ORD136521,NGF,6,2025-06-16,19.0,Low
ORD197076,WOW,6,2026-05-07,15.0,High
ORD177255,FLH,7,2026-04-04,10.0,High
ORD150506,HSD,1,2026-04-30,10.0,High
ORD189606,RNL,1,2025-07-13,19.0,High
ORD158008,SPC,10,2026-01-31,7.0,High
ORD135941,VKI,4,2026-02-21,6.0,Medium
ORD181393,DXB,1,2025-08-08,8.0,High
ORD135289,CWE,4,2026-04-13,24.0,Low
ORD127766,KCJ,6,2025-09-28,10.0,High
ORD176140,SCN,6,2026-05-28,20.0,High
ORD179230,NUD,9,2025-11-20,11.0,High
ORD119489,SPC,3,2026-05-08,7.0,High
ORD110781,CQO,10,2026-05-28,5.0,High
ORD178846,JUG,2,2026-01-28,17.0,High
ORD162114,PSJ,3,2026-05-16,7.0,High
ORD102113,OIT,3,2026-03-18,20.0,Medium
ORD139824,CWA,2,2025-06-10,20.0,High
ORD114552,SPG,6,2026-05-10,25.0,Medium
ORD178031,UAX,7,2025-06-13,16.0,Medium
ORD140617,DXB,1,2025-11-14,8.0,High
ORD145632,CXQ,6,2025-12-12,17.0,High
ORD186162,XJB,2,2026-03-04,8.0,Low
ORD112009,RBX,3,2026-05-04,21.0,High
ORD184634,GBF,4,2026-03-05,24.0,Low
ORD158390,LMQ,4,2025-08-12,20.0,High
ORD109423,FJZ,3,2025-06-15,12.0,Medium
ORD197562,SNC,4,2026-06-01,12.0,High
ORD181417,CXQ,4,2026-04-05,17.0,High
ORD121569,XMO,5,2025-10-18,24.0,Medium
ORD136766,QAG,1,2025-06-23,18.0,High
ORD100721,FLH,1,2025-12-11,10.0,High
ORD178841,CWA,3,2026-01-30,20.0,High
ORD129069,YBM,2,2026-03-16,5.0,Low
ORD143575,MJP,3,2026-03-12,22.0,Low
ORD137375,SPC,1,2026-03-12,7.0,High
ORD172731,YZD,2,2026-03-25,15.0,High
ORD127774,XVX,2,2025-07-04,23.0,High
ORD157091,JZT,3,2025-10-27,17.0,High
ORD150874,JLQ,1,2025-06-25,23.0,High
ORD140421,WOW,2,2025-06-11,15.0,High
ORD177272,IGP,1,2025-06-28,9.0,High
ORD167735,VKI,6,2025-09-23,6.0,Medium
ORD104049,OQN,7,2025-10-09,18.0,High
ORD172830,QJK,1,2026-04-02,23.0,Low
ORD148582,SCN,7,2026-05-08,20.0,High
ORD160506,LER,2,2025-07-01,20.0,High
ORD125839,OIT,4,2025-11-12,20.0,Medium
ORD184063,QMW,1,2026-05-05,25.0,High
ORD159831,FFE,2,2025-09-20,5.0,Medium
ORD183469,NRZ,6,2025-08-30,18.0,High
ORD154954,MGM,1,2025-12-25,12.0,Low
ORD158966,XRZ,4,2025-09-10,23.0,Medium
ORD175928,ZDV,1,2026-01-02,25.0,Medium
ORD123588,SMS,4,2025-06-09,23.0,Medium
ORD137911,CEG,3,2025-12-31,15.0,High
ORD194885,LMQ,8,2025-08-16,20.0,High
ORD150319,NFQ,10,2026-04-09,10.0,High
ORD103605,XVX,4,2025-08-16,23.0,High
ORD120960,MDN,10,2025-07-25,14.0,High
ORD185929,CWA,3,2025-11-13,20.0,High
ORD150396,UYZ,1,2025-12-02,22.0,Low
ORD169665,LMQ,1,2026-03-27,20.0,High
ORD152730,JUG,1,2025-09-08,17.0,High
ORD166359,XMO,7,2026-01-23,24.0,Medium
ORD122330,UAX,9,2026-05-08,16.0,Medium
ORD114074,OQN,2,2026-03-31,18.0,High
ORD112776,GZE,3,2026-01-18,15.0,Medium
ORD181507,ADM,4,2025-09-09,20.0,High
ORD108798,CGW,7,2026-02-23,11.0,Medium
ORD187451,OYF,3,2026-03-29,6.0,High
ORD153258,YZD,2,2026-05-11,15.0,High
ORD101712,GWD,4,2025-06-04,24.0,High
ORD109805,GXL,9,2025-11-29,11.0,Medium
ORD137031,MDN,9,2025-12-26,14.0,High
ORD148016,FCF,2,2025-06-06,5.0,Low
ORD189118,KCJ,1,2025-08-17,10.0,High
ORD192409,PSJ,1,2025-07-10,7.0,High
ORD132469,ZUW,4,2025-07-26,22.0,Medium
ORD119944,QAG,1,2025-06-19,18.0,High
ORD168566,CQO,2,2026-04-24,5.0,High
ORD151177,DRD,1,2026-01-28,17.0,Low
ORD173117,WRS,1,2025-09-11,18.0,High
ORD130114,RNL,4,2025-09-23,19.0,High
ORD106893,JPK,5,2025-06-18,19.0,Medium
ORD168688,JVR,2,2026-06-01,17.0,Medium
ORD162740,MDN,2,2026-05-07,14.0,High
ORD132106,MBW,7,2025-10-08,9.0,Medium
ORD192971,LAU,1,2025-09-01,5.0,High
ORD131951,LMQ,6,2025-12-24,20.0,High
ORD122342,VGB,3,2025-11-24,6.0,Low
ORD178931,JUG,2,2025-06-19,17.0,High
ORD108363,VMG,7,2026-05-05,22.0,Medium
ORD175753,SNC,4,2025-06-02,12.0,High
ORD137536,RCW,8,2026-01-30,23.0,High
ORD116649,YYO,3,2025-07-27,13.0,High
ORD146209,QMW,10,2026-03-06,25.0,High
ORD134637,RRI,7,2026-05-11,11.0,Medium
ORD122602,WOW,3,2025-09-23,15.0,High
ORD154437,NFQ,10,2025-09-06,10.0,High
ORD180251,OYF,1,2026-02-22,6.0,High
ORD132802,LMQ,4,2026-05-28,20.0,High
ORD153170,ESQ,4,2025-07-08,13.0,Low
ORD102405,IGP,4,2025-12-26,9.0,High
ORD155207,SPC,5,2026-05-26,7.0,High
ORD144726,GRT,4,2025-07-16,8.0,Medium
ORD183654,HSD,2,2026-05-10,10.0,High
ORD146355,WRS,2,2026-02-06,18.0,High
ORD188501,FCY,6,2025-08-17,18.0,High
ORD175663,WAN,4,2025-07-13,25.0,Medium
ORD197238,DXB,4,2025-12-15,8.0,High
ORD179976,ADM,1,2025-11-24,20.0,High
ORD135080,BES,6,2025-11-09,15.0,High
ORD108431,WFV,6,2025-09-03,6.0,High
ORD126513,QJK,4,2025-09-02,23.0,Low
ORD140814,GYW,10,2025-09-28,24.0,Low
ORD166180,ESQ,2,2025-06-15,13.0,Low
ORD191572,CSM,3,2025-07-15,14.0,Medium
ORD181717,FKQ,2,2026-04-22,13.0,High
ORD185938,MJP,3,2025-12-28,22.0,Low
ORD123753,NNV,7,2025-09-12,12.0,Low
ORD176810,IPE,6,2026-05-28,20.0,Medium
ORD130364,MWM,2,2025-08-14,14.0,Medium
ORD155296,QEU,3,2025-12-29,23.0,Medium
ORD199181,EVW,4,2025-12-16,7.0,High
ORD105039,WRS,1,2025-07-20,18.0,High
ORD186809,GWD,2,2025-08-05,24.0,High
ORD124283,RRI,3,2026-03-31,11.0,Medium
ORD123325,YZD,2,2026-01-26,15.0,High
ORD140981,FLH,4,2025-06-01,10.0,High
ORD187218,DXB,2,2025-08-09,8.0,High
ORD161005,UHR,3,2026-02-15,9.0,Low
ORD107007,RNL,7,2025-09-02,19.0,High
ORD164742,SCN,2,2025-07-27,20.0,High
ORD145645,KCJ,9,2026-03-03,10.0,High
ORD162269,JUG,2,2025-07-16,17.0,High
ORD104024,SPV,2,2025-06-09,6.0,High
ORD180327,DIY,7,2025-12-06,12.0,Low
ORD183368,IFG,2,2026-01-28,23.0,High
ORD181199,SNC,1,2025-07-20,12.0,High
ORD104597,GWD,3,2025-12-15,24.0,High
ORD138600,FCY,2,2026-03-31,18.0,High
ORD100723,QAG,1,2025-08-05,18.0,High
ORD123638,LAU,3,2026-05-08,5.0,High
ORD149851,SCN,6,2025-12-22,20.0,High
ORD128297,BES,10,2026-03-05,15.0,High
ORD187733,PKF,1,2026-01-20,16.0,Medium
ORD189192,FFE,3,2026-05-09,5.0,Medium
ORD177337,WRS,1,2025-07-19,18.0,High
ORD170221,JZT,6,2025-08-21,17.0,High
ORD121942,NUD,4,2026-01-10,11.0,High
ORD134306,RBX,8,2025-12-29,21.0,High
ORD134417,WXE,2,2026-05-02,12.0,High
ORD145652,LRX,4,2025-10-03,18.0,Low
ORD101292,PSJ,2,2025-07-04,7.0,High
ORD189525,OQN,4,2026-04-16,18.0,High
ORD180980,RNL,1,2025-12-19,19.0,High
ORD158609,LMQ,7,2025-11-30,20.0,High
ORD193535,ZQH,2,2025-06-25,9.0,High
ORD166147,WOW,3,2026-05-27,15.0,High
ORD128799,CXQ,2,2025-07-13,17.0,High
ORD144273,RYE,4,2025-10-07,16.0,High
ORD137673,QEU,4,2026-01-06,23.0,Medium
ORD193574,CEG,1,2025-11-27,15.0,High
ORD185862,GIJ,6,2025-12-01,18.0,Low
ORD128919,LER,1,2025-12-24,20.0,High
ORD158513,XVX,3,2025-07-28,23.0,High
ORD140638,XRZ,1,2025-08-16,23.0,Medium
ORD115473,KRU,2,2026-02-08,16.0,Low
ORD145216,WOW,7,2025-12-22,15.0,High
ORD130135,QAG,3,2025-08-28,18.0,High
ORD117188,WRS,3,2025-06-04,18.0,High
ORD149346,LER,1,2026-01-03,20.0,High
ORD163699,CXQ,4,2025-12-12,17.0,High
ORD127653,IFG,2,2026-01-13,23.0,High
ORD112557,NRP,8,2026-04-24,15.0,High
ORD163708,CBB,3,2025-08-04,20.0,High
ORD179155,CZS,7,2025-10-09,6.0,Medium
ORD182975,OZB,3,2026-05-11,19.0,High
ORD106485,WRS,4,2026-02-09,18.0,High
ORD192268,PSJ,3,2025-09-16,7.0,High
ORD163120,WOW,3,2025-08-22,15.0,High
ORD100552,NFQ,3,2026-01-28,10.0,High
ORD125758,ZGM,3,2026-05-09,17.0,High
ORD184926,CQK,3,2025-09-10,7.0,Medium
ORD126205,CWA,5,2026-04-06,20.0,High
ORD164287,EVW,1,2026-01-25,7.0,High
ORD140711,JLQ,1,2025-12-25,23.0,High
ORD195836,LAU,9,2025-10-31,5.0,High
ORD103365,ZDV,6,2026-01-30,25.0,Medium
ORD156190,OQN,1,2026-03-05,18.0,High
ORD124693,YYO,2,2025-09-17,13.0,High
ORD106547,EGB,1,2025-09-01,13.0,Low
ORD131531,EVW,9,2025-09-25,7.0,High
ORD163203,IFG,9,2025-10-26,23.0,High
ORD119684,ZGM,3,2025-12-13,17.0,High
ORD154112,GIJ,5,2026-01-13,18.0,Low
ORD106308,FCY,3,2025-08-20,18.0,High
ORD145498,PSJ,1,2026-02-19,7.0,High
ORD113794,HGC,10,2026-03-20,14.0,Low
ORD111838,CQK,3,2025-12-23,7.0,Medium
ORD152876,BES,3,2026-04-24,15.0,High
ORD167129,DXB,6,2026-01-06,8.0,High
ORD109368,CGW,4,2025-08-11,11.0,Medium
ORD173843,CAT,1,2025-06-04,12.0,Low
ORD126941,YZD,3,2026-01-13,15.0,High
ORD185273,NRP,3,2025-12-03,15.0,High
ORD152563,OQN,3,2026-04-04,18.0,High
ORD160055,MDN,4,2026-05-10,14.0,High
ORD103075,MZV,1,2025-06-24,8.0,Medium
ORD107879,RYE,1,2025-09-20,16.0,High
ORD101799,YOK,1,2026-04-28,14.0,Medium
ORD190578,NRZ,3,2025-10-13,18.0,High
ORD150942,JPK,2,2026-05-27,19.0,Medium
ORD123703,EOS,1,2026-03-08,25.0,Low
ORD100044,QAG,1,2026-03-13,18.0,High
ORD108658,NRZ,2,2025-11-08,18.0,High
ORD103596,ZQH,7,2026-05-09,9.0,High
ORD172882,WFV,10,2026-03-25,6.0,High
ORD136401,BES,6,2025-10-24,15.0,High
ORD171683,OYF,3,2025-06-24,6.0,High
ORD163582,FKQ,4,2025-11-05,13.0,High
ORD131119,TRB,3,2026-03-17,12.0,Medium
ORD122234,FLH,8,2026-05-13,10.0,High
ORD140844,LAU,3,2025-06-14,5.0,High
ORD193755,GXL,2,2025-10-22,11.0,Medium
ORD103620,RCW,2,2026-05-28,23.0,High
ORD128997,FJZ,3,2025-08-21,12.0,Medium
ORD131644,JVR,3,2025-08-15,17.0,Medium
ORD114191,RNL,4,2026-03-21,19.0,High
ORD134247,OQN,2,2026-01-29,18.0,High
ORD185023,THQ,2,2025-10-11,5.0,Low
ORD190669,ZDV,9,2025-07-08,25.0,Medium
ORD166741,SYF,2,2025-06-20,11.0,Low
ORD115302,NRP,3,2025-07-29,15.0,High
ORD188023,SNC,4,2025-10-27,12.0,High
ORD176902,WFV,1,2025-11-13,6.0,High
ORD175737,NUD,1,2026-05-07,11.0,High
ORD134595,IFG,2,2025-09-06,23.0,High
ORD134068,SPG,4,2026-05-09,25.0,Medium
ORD173492,SPV,10,2026-03-25,6.0,High
ORD141900,NUD,4,2026-01-11,11.0,High
ORD133451,CSM,8,2026-01-04,14.0,Medium
ORD173704,VJG,9,2026-03-31,10.0,High
ORD104815,WOW,2,2025-07-17,15.0,High
ORD192688,WFV,3,2026-03-07,6.0,High
ORD199061,NRZ,1,2026-05-04,18.0,High
ORD116513,QMW,4,2026-01-24,25.0,High
ORD165460,HGC,3,2026-05-28,14.0,Low
ORD125944,YZD,2,2025-08-08,15.0,High
ORD175727,RNL,1,2026-04-27,19.0,High
ORD106243,FKQ,3,2025-12-03,13.0,High
ORD142658,OZB,3,2026-04-19,19.0,High
ORD176689,KCJ,10,2025-06-14,10.0,High
ORD198091,IGP,1,2026-04-30,9.0,High
ORD128421,LRX,1,2025-07-04,18.0,Low
ORD139517,SPV,6,2025-09-08,6.0,High
ORD145536,LPS,3,2025-10-17,25.0,High
ORD157404,JPK,4,2025-12-05,19.0,Medium
ORD185541,LAU,10,2026-05-23,5.0,High
ORD142203,LPS,2,2025-10-21,25.0,High
ORD110858,DIY,1,2025-11-25,12.0,Low
ORD141612,GZE,3,2026-01-20,15.0,Medium
ORD162877,ZDV,6,2026-05-16,25.0,Medium
ORD194240,HGC,4,2026-02-21,14.0,Low
ORD147865,RBX,9,2026-06-01,21.0,High
ORD128829,SNY,3,2025-10-10,15.0,Medium
ORD151944,CEG,4,2025-10-09,15.0,High
ORD149147,RNL,3,2026-01-16,19.0,High
ORD119057,WEK,1,2025-12-25,14.0,Medium
ORD112142,LPS,3,2026-02-16,25.0,High
ORD145806,RNL,6,2025-12-13,19.0,High
ORD192653,WFV,1,2025-11-16,6.0,High
ORD146058,EJV,2,2025-07-16,17.0,Low
ORD135780,XVX,2,2025-10-29,23.0,High
ORD102172,DXB,9,2025-08-27,8.0,High
ORD147786,ZGM,1,2026-01-05,17.0,High
ORD117920,QAG,1,2025-07-09,18.0,High
ORD109977,PSJ,3,2026-04-24,7.0,High
ORD197722,WRS,2,2026-01-12,18.0,High
ORD127379,CWE,4,2025-12-19,24.0,Low
ORD117094,DXB,6,2025-12-25,8.0,High
ORD133786,SCN,7,2026-05-17,20.0,High
ORD165668,MGY,3,2025-12-18,9.0,Low
ORD138230,AFY,1,2026-03-08,16.0,Low
ORD165797,OZB,8,2025-10-17,19.0,High
ORD120173,SNC,1,2025-11-23,12.0,High
ORD171461,KRU,9,2025-10-31,16.0,Low
ORD163499,SCN,1,2026-01-12,20.0,High
ORD115611,WXE,2,2026-05-18,12.0,High
ORD127009,RNL,1,2025-06-11,19.0,High
ORD172927,QAG,10,2025-08-15,18.0,High
ORD124185,FCY,2,2025-07-15,18.0,High
ORD195101,KCJ,3,2025-07-04,10.0,High
ORD133266,CZS,1,2025-06-20,6.0,Medium
ORD106405,CXQ,9,2026-04-12,17.0,High
ORD144864,LRX,1,2025-10-10,18.0,Low
ORD172011,MWM,4,2025-10-20,14.0,Medium
ORD110939,BES,2,2025-06-26,15.0,High
ORD105821,XVX,1,2026-04-01,23.0,High
ORD150902,IGP,6,2026-04-25,9.0,High
ORD147606,SPV,9,2026-01-06,6.0,High
ORD141776,KCJ,3,2025-06-16,10.0,High
ORD161275,RBX,2,2025-06-28,21.0,High
ORD146455,OQN,5,2025-09-28,18.0,High
ORD109582,ILE,8,2025-06-19,14.0,Medium
ORD136526,YYO,2,2026-04-27,13.0,High
ORD182945,RNL,2,2025-06-25,19.0,High
ORD101842,OYF,2,2025-11-02,6.0,High
ORD157415,LPS,4,2025-11-12,25.0,High
ORD188751,DXB,2,2025-08-15,8.0,High
ORD142480,NRP,2,2026-01-09,15.0,High
ORD186241,HSD,3,2026-05-15,10.0,High
ORD112347,RCW,1,2025-07-27,23.0,High
ORD155374,IFG,3,2025-08-10,23.0,High
ORD195768,ADM,1,2026-02-20,20.0,High
ORD136790,LER,6,2026-01-12,20.0,High
ORD170559,GWD,2,2025-07-07,24.0,High
ORD122336,SNC,6,2025-09-04,12.0,High
ORD175597,JZT,5,2025-11-18,17.0,High
ORD184870,ADM,2,2026-04-09,20.0,High
ORD150218,MGY,5,2026-05-12,9.0,Low
ORD178935,NRP,7,2025-12-14,15.0,High
ORD194843,OYF,7,2025-07-07,6.0,High
ORD143685,RBX,2,2025-07-14,21.0,High
ORD159463,RBX,1,2026-04-17,21.0,High
ORD124195,JLQ,1,2026-04-16,23.0,High
ORD160623,EJV,7,2025-06-23,17.0,Low
ORD141125,LFP,3,2025-09-25,15.0,Low
ORD176653,WEK,3,2025-06-08,14.0,Medium
ORD104516,CQO,5,2026-01-07,5.0,High
ORD116787,MDN,4,2025-10-30,14.0,High
ORD138225,JLQ,10,2025-06-25,23.0,High
ORD124387,NTQ,1,2026-01-02,10.0,Low
ORD169095,OIT,1,2026-02-21,20.0,Medium
ORD196225,XVX,1,2026-05-31,23.0,High
ORD175214,EVW,4,2025-08-30,7.0,High
ORD139509,YOK,1,2025-12-25,14.0,Medium
ORD114873,ILE,1,2025-08-13,14.0,Medium
ORD103745,ZUW,4,2026-02-06,22.0,Medium
ORD173311,IGP,1,2025-10-25,9.0,High
ORD128161,GXL,3,2026-01-11,11.0,Medium
ORD174180,RBX,7,2025-10-22,21.0,High
ORD115322,XMO,4,2025-06-28,24.0,Medium
ORD162777,SPV,10,2026-02-22,6.0,High
ORD157047,MBW,1,2025-07-13,9.0,Medium
ORD131759,CQK,2,2025-09-05,7.0,Medium
ORD161950,BES,3,2026-05-17,15.0,High
ORD106654,CQO,5,2025-07-05,5.0,High
ORD108101,SPV,10,2026-01-23,6.0,High
ORD152342,XVX,2,2026-03-15,23.0,High
ORD147157,QMW,5,2026-02-24,25.0,High
ORD143287,SPC,7,2025-09-09,7.0,High
ORD148951,QMW,10,2025-07-03,25.0,High
ORD196947,CWA,4,2026-03-20,20.0,High
ORD133034,GWD,3,2025-10-16,24.0,High
ORD108595,OYF,4,2026-03-19,6.0,High
ORD140097,XVX,2,2026-02-12,23.0,High
ORD159253,LPS,4,2025-11-11,25.0,High
ORD115250,EVW,6,2025-07-10,7.0,High
ORD140572,GWD,2,2025-07-06,24.0,High
ORD122827,BES,7,2026-05-08,15.0,High
ORD143062,FCY,8,2025-07-16,18.0,High
ORD164826,UAX,10,2026-02-24,16.0,Medium
ORD187565,MBW,3,2025-10-22,9.0,Medium
ORD147995,BRX,1,2025-12-22,15.0,Low
ORD157957,PSJ,3,2026-05-17,7.0,High
ORD112738,LNZ,4,2026-05-22,12.0,Medium
ORD179302,IFG,2,2025-07-28,23.0,High
ORD178452,LYE,2,2026-03-01,19.0,Low
ORD105680,ADM,8,2025-08-06,20.0,High
ORD105917,WRS,2,2026-05-09,18.0,High
ORD181521,ZGM,4,2026-02-03,17.0,High
ORD142688,SYF,1,2026-05-03,11.0,Low
ORD108188,ZQH,9,2025-06-05,9.0,High
ORD181204,MDN,10,2025-08-15,14.0,High
ORD152255,BES,2,2026-02-15,15.0,High
ORD170333,UPP,4,2025-10-05,10.0,Medium
ORD191122,CWA,5,2025-12-25,20.0,High
ORD122961,NRZ,2,2025-06-20,18.0,High
ORD104390,BES,2,2026-05-07,15.0,High
ORD103400,SCN,3,2026-01-21,20.0,High
ORD169874,WFV,6,2026-01-28,6.0,High
ORD162429,RIJ,3,2026-03-28,12.0,Low
ORD129569,OQN,8,2025-11-19,18.0,High
ORD145594,CXQ,6,2026-01-22,17.0,High
ORD113393,OYF,3,2025-06-29,6.0,High
ORD108537,XIM,4,2025-08-16,12.0,Medium
ORD137767,PBM,4,2025-08-08,19.0,Medium
ORD159058,CBB,1,2026-05-16,20.0,High
ORD115164,ZGM,3,2025-10-14,17.0,High
ORD133813,CEG,2,2026-05-23,15.0,High
ORD176335,WOW,4,2026-04-26,15.0,High
ORD164598,CQO,8,2025-07-12,5.0,High
ORD174216,OYF,3,2025-12-11,6.0,High
ORD100817,OQN,3,2025-08-26,18.0,High
ORD105113,IFG,2,2025-11-12,23.0,High
ORD101028,EJV,3,2026-02-23,17.0,Low
ORD120654,KRU,2,2025-07-16,16.0,Low
ORD116977,XRZ,5,2025-10-05,23.0,Medium
ORD178813,OZB,7,2026-05-12,19.0,High
ORD146427,NRZ,9,2025-11-12,18.0,High
ORD104596,JZT,3,2025-10-30,17.0,High
ORD143927,FLH,8,2026-01-26,10.0,High
ORD160141,XVX,9,2025-06-06,23.0,High
ORD126758,BES,1,2026-05-07,15.0,High
ORD157687,RCW,1,2026-03-19,23.0,High
ORD198410,GXL,8,2025-12-14,11.0,Medium
ORD160752,JZT,1,2026-01-14,17.0,High
ORD192145,PSJ,1,2025-09-24,7.0,High
ORD159687,CQO,2,2026-03-16,5.0,High
ORD155360,CXQ,7,2026-05-10,17.0,High
ORD183810,NFQ,1,2025-11-19,10.0,High
ORD127168,NRP,2,2026-02-14,15.0,High
ORD118070,QAG,4,2025-09-05,18.0,High
ORD141298,HSD,1,2025-06-13,10.0,High
ORD149747,JLQ,3,2026-04-25,23.0,High
ORD193120,YZD,10,2026-02-24,15.0,High
ORD100221,DXB,3,2025-10-02,8.0,High
ORD169884,JUG,1,2025-08-16,17.0,High
ORD179936,YOK,8,2025-07-28,14.0,Medium
ORD116025,LER,2,2025-09-07,20.0,High
ORD104018,ILE,1,2025-07-04,14.0,Medium
ORD198302,KCJ,7,2025-08-10,10.0,High
ORD158240,RCW,5,2025-07-05,23.0,High
ORD117358,WXE,1,2025-09-12,12.0,High
ORD179145,IPE,4,2025-08-17,20.0,Medium
ORD171657,CWE,7,2025-07-23,24.0,Low
ORD113387,EVW,4,2026-03-23,7.0,High
ORD126686,SCN,4,2025-12-24,20.0,High
ORD137480,JVR,5,2026-02-08,17.0,Medium
ORD168523,FCY,10,2026-04-08,18.0,High
ORD158866,FCY,2,2026-04-20,18.0,High
ORD125009,SNC,4,2025-11-10,12.0,High
ORD132974,LMQ,1,2026-02-24,20.0,High
ORD139000,SMS,4,2025-12-27,23.0,Medium
ORD126638,RBX,4,2025-06-09,21.0,High
ORD179900,LQT,9,2025-08-18,20.0,Medium
ORD197603,FCY,10,2026-01-24,18.0,High
ORD184691,XVX,5,2026-02-13,23.0,High
ORD138474,LAU,2,2025-10-11,5.0,High
ORD119312,OQN,3,2025-06-19,18.0,High
ORD132209,MZV,9,2025-10-16,8.0,Medium
ORD164723,MDN,3,2025-09-17,14.0,High
ORD186412,RNL,2,2026-04-26,19.0,High
ORD101190,VQB,1,2026-03-07,14.0,Low
ORD138683,IFG,1,2025-09-16,23.0,High
ORD132354,WOW,1,2025-07-14,15.0,High
ORD129609,YYO,3,2026-01-07,13.0,High
ORD118022,MJP,4,2025-11-07,22.0,Low
ORD190886,UPP,7,2026-04-21,10.0,Medium
ORD130222,LAU,2,2025-10-29,5.0,High
ORD199387,LER,3,2025-06-23,20.0,High
ORD138383,WRS,2,2025-07-18,18.0,High
ORD100046,JLQ,2,2025-09-21,23.0,High
ORD117901,KCJ,5,2026-04-24,10.0,High
ORD132619,NUD,3,2026-03-24,11.0,High
ORD105558,QMW,5,2026-05-24,25.0,High
ORD166944,CQK,5,2026-02-27,7.0,Medium
ORD185785,SMS,1,2025-09-10,23.0,Medium
ORD108536,MDN,2,2025-10-28,14.0,High
ORD177603,FLH,1,2025-06-07,10.0,High
ORD177672,OQN,6,2025-07-07,18.0,High
ORD147045,TRB,4,2025-10-15,12.0,Medium
ORD122154,WFV,4,2025-12-28,6.0,High
ORD135189,SMS,5,2025-12-14,23.0,Medium
ORD154484,VKI,3,2026-05-09,6.0,Medium
ORD157574,GWD,3,2025-12-07,24.0,High
ORD159916,VMG,3,2025-09-08,22.0,Medium
ORD179896,JZT,3,2025-06-04,17.0,High
ORD134337,MBW,4,2025-10-24,9.0,Medium
ORD179520,OQN,1,2025-11-02,18.0,High
ORD153741,EOS,7,2025-09-27,25.0,Low
ORD132925,SPC,3,2026-04-22,7.0,High
ORD139677,LMQ,9,2025-09-22,20.0,High
ORD121172,JLQ,3,2026-02-26,23.0,High
ORD197378,CEG,1,2025-11-08,15.0,High
ORD124354,IGP,2,2025-11-26,9.0,High
ORD120567,FJZ,4,2026-02-22,12.0,Medium
ORD159925,THQ,9,2025-12-22,5.0,Low
ORD139826,NUD,6,2025-10-22,11.0,High
ORD191546,JLQ,2,2026-03-26,23.0,High
ORD186377,VGB,4,2025-09-30,6.0,Low
ORD130068,WFV,2,2025-11-13,6.0,High
ORD189356,WAN,2,2026-05-25,25.0,Medium
ORD134398,RNZ,5,2026-02-07,10.0,Medium
ORD134765,RBX,2,2025-12-14,21.0,High
ORD172201,QIE,1,2026-05-24,7.0,Low
ORD146270,LAU,8,2025-07-24,5.0,High
ORD184643,BES,9,2026-02-09,15.0,High
ORD152471,LMQ,3,2026-01-10,20.0,High
ORD164553,ADM,3,2025-10-12,20.0,High
ORD134793,QMW,2,2025-12-18,25.0,High
ORD189278,YYO,3,2026-04-12,13.0,High
ORD118712,CXQ,4,2025-08-08,17.0,High
ORD163373,OYF,3,2025-06-13,6.0,High
ORD153807,JZT,9,2025-08-23,17.0,High
ORD143112,RCW,10,2025-09-16,23.0,High
ORD190311,CQK,2,2025-09-17,7.0,Medium
ORD112720,FLH,4,2026-03-01,10.0,High
ORD186290,OZB,5,2025-06-25,19.0,High
ORD175174,FCY,1,2026-05-19,18.0,High
ORD139418,FFE,6,2025-07-06,5.0,Medium
ORD103078,VKI,2,2025-11-30,6.0,Medium
ORD137873,FLH,1,2026-02-13,10.0,High
ORD150674,INT,6,2026-03-20,18.0,Low
ORD168399,WOW,3,2025-11-02,15.0,High
ORD157675,HSD,4,2025-06-10,10.0,High
ORD117338,SPG,1,2025-09-14,25.0,Medium
ORD141807,YZD,1,2025-08-16,15.0,High
ORD119089,JZT,9,2026-03-25,17.0,High
ORD149984,WOW,2,2026-05-05,15.0,High
ORD158376,WOW,9,2025-06-08,15.0,High
ORD105188,ZSI,6,2026-01-21,18.0,Low
ORD193097,WOW,9,2026-03-21,15.0,High
ORD143067,ZGM,4,2026-05-19,17.0,High
ORD105072,RCW,2,2026-01-23,23.0,High
ORD149200,ZQH,1,2026-03-17,9.0,High
ORD175693,ARU,5,2026-05-08,21.0,Medium
ORD103965,PSJ,4,2025-06-01,7.0,High
ORD143682,VMG,3,2025-10-27,22.0,Medium
ORD125175,NFQ,2,2025-12-18,10.0,High
ORD100109,HFC,3,2025-12-14,13.0,Medium
ORD199797,CQO,4,2026-03-21,5.0,High
ORD135536,VJG,1,2025-06-26,10.0,High
ORD185002,GWD,1,2026-05-15,24.0,High
ORD101395,HGC,4,2025-12-24,14.0,Low
ORD110778,VMG,3,2025-11-12,22.0,Medium
ORD155676,ZUW,2,2026-05-13,22.0,Medium
ORD149040,JUG,2,2026-01-27,17.0,High
ORD135790,MDN,3,2026-05-01,14.0,High
ORD166620,ZDV,3,2025-09-16,25.0,Medium
ORD174511,SPC,8,2025-09-20,7.0,High
ORD115401,OJI,4,2025-06-08,12.0,Medium
ORD148296,BKE,1,2025-10-22,20.0,Medium
ORD165493,CQO,1,2025-07-11,5.0,High
ORD184998,NNV,1,2025-06-16,12.0,Low
ORD186263,SNY,10,2025-09-17,15.0,Medium
ORD130556,LER,4,2025-08-30,20.0,High
ORD169367,CEG,3,2026-04-07,15.0,High
ORD181925,CBB,9,2025-07-19,20.0,High
ORD151711,FCY,3,2026-02-03,18.0,High
ORD196605,RYE,1,2026-01-24,16.0,High
ORD103340,PSJ,3,2025-12-23,7.0,High
ORD132690,SPC,8,2025-12-25,7.0,High
ORD100108,RCW,8,2026-04-06,23.0,High
ORD159683,BKE,3,2025-07-19,20.0,Medium
ORD170932,JZT,1,2025-11-14,17.0,High
ORD129067,ZSI,1,2025-08-09,18.0,Low
ORD187763,PSJ,3,2025-08-21,7.0,High
ORD140164,LPS,10,2026-03-04,25.0,High
ORD114444,YZD,2,2025-06-28,15.0,High
ORD198742,WFV,4,2025-08-09,6.0,High
ORD187790,WFV,4,2025-08-16,6.0,High
ORD146015,SPV,1,2025-07-06,6.0,High
ORD150230,ZGM,1,2025-10-01,17.0,High
ORD110876,SPG,10,2025-11-24,25.0,Medium
ORD178446,FCY,4,2025-06-12,18.0,High
ORD100612,JLQ,4,2026-04-02,23.0,High
ORD161913,NFQ,1,2025-08-19,10.0,High
ORD107613,EVW,1,2026-01-21,7.0,High
ORD124292,IPE,3,2025-12-25,20.0,Medium
ORD163784,XRZ,2,2025-08-02,23.0,Medium
ORD122658,WXE,4,2026-02-01,12.0,High
ORD109514,XMO,3,2026-03-29,24.0,Medium
ORD134348,YZD,1,2026-01-22,15.0,High
ORD146629,WAN,8,2025-10-28,25.0,Medium
ORD180691,ZQH,6,2025-12-14,9.0,High
ORD120266,XVX,2,2025-09-07,23.0,High
ORD112372,ZQH,5,2026-01-14,9.0,High
ORD126140,FFE,2,2026-04-23,5.0,Medium
ORD134244,EVW,9,2025-10-30,7.0,High
ORD192042,IGP,3,2025-09-24,9.0,High
ORD155697,CSM,4,2026-02-11,14.0,Medium
ORD165412,NFQ,3,2026-01-27,10.0,High
ORD176713,JZT,2,2026-04-21,17.0,High
ORD156213,QAG,2,2026-04-21,18.0,High
ORD108496,NUD,3,2026-04-21,11.0,High
ORD137993,JZT,2,2026-02-15,17.0,High
ORD162016,SPV,1,2025-08-15,6.0,High
ORD103393,UAX,7,2025-07-25,16.0,Medium
ORD102465,WOW,4,2025-12-24,15.0,High
ORD106041,HSD,1,2026-04-14,10.0,High
ORD182647,LMQ,2,2026-04-15,20.0,High
ORD144130,MDN,3,2026-04-03,14.0,High
ORD133339,FKQ,3,2026-05-08,13.0,High
ORD188665,RNL,1,2025-07-17,19.0,High
ORD134645,QAG,1,2025-09-24,18.0,High
ORD118836,CEG,2,2026-01-03,15.0,High
ORD198575,NRP,4,2026-04-11,15.0,High
ORD128303,IFG,3,2025-08-02,23.0,High
ORD105673,VJG,6,2025-08-12,10.0,High
ORD104946,MGM,4,2026-02-14,12.0,Low
ORD129828,EVW,2,2025-07-26,7.0,High
ORD185991,EVW,7,2026-05-26,7.0,High
ORD162626,OYF,2,2026-04-05,6.0,High
ORD138341,FLH,1,2025-08-30,10.0,High
ORD154439,SNC,4,2026-03-22,12.0,High
ORD129388,XVX,8,2025-06-11,23.0,High
ORD140144,YBM,4,2026-03-07,5.0,Low
ORD160474,FKQ,4,2026-02-09,13.0,High
ORD162692,CWA,6,2025-12-20,20.0,High
ORD133466,FCY,2,2025-10-13,18.0,High
ORD156761,NUD,2,2026-05-12,11.0,High
ORD156719,OQN,1,2025-10-13,18.0,High
ORD169162,LER,10,2025-06-25,20.0,High
ORD120196,CBB,3,2026-04-04,20.0,High
ORD184335,SNC,10,2026-04-20,12.0,High
ORD123444,IGP,5,2025-07-20,9.0,High
ORD172623,SNC,4,2026-02-25,12.0,High
ORD120268,ZQH,2,2026-04-28,9.0,High
ORD138819,CXQ,4,2026-05-17,17.0,High
ORD133617,QEU,2,2026-01-18,23.0,Medium
ORD113186,MZV,10,2025-10-17,8.0,Medium
ORD167157,CSM,4,2026-05-13,14.0,Medium
ORD119890,IGP,2,2026-01-18,9.0,High
ORD169609,OQN,3,2025-10-25,18.0,High
ORD149911,EVW,1,2025-09-25,7.0,High
ORD168619,XJB,4,2025-06-24,8.0,Low
ORD117997,JZT,3,2025-07-02,17.0,High
ORD166432,WXE,5,2025-09-05,12.0,High
ORD128189,EVW,4,2025-11-02,7.0,High
ORD103947,FCY,6,2025-09-17,18.0,High
ORD164300,ZGM,3,2025-10-03,17.0,High
ORD190352,MDN,4,2025-06-15,14.0,High
ORD194030,SPV,1,2026-02-02,6.0,High
ORD172374,SPV,2,2025-08-25,6.0,High
ORD112528,GWD,9,2025-09-08,24.0,High
ORD103257,TAW,9,2026-05-05,17.0,Medium
ORD139447,MDN,6,2026-05-08,14.0,High
ORD190646,JUG,9,2025-11-26,17.0,High
ORD178968,MDN,7,2025-11-14,14.0,High
ORD177100,RBX,1,2026-04-17,21.0,High
ORD186104,QMW,4,2026-05-30,25.0,High
ORD149270,XIM,3,2025-08-02,12.0,Medium
ORD118600,HSD,2,2025-08-16,10.0,High
ORD192945,LAU,3,2025-09-07,5.0,High
ORD170476,PSJ,4,2026-04-11,7.0,High
ORD167913,HSD,5,2025-10-01,10.0,High
ORD159185,ZGM,9,2025-06-07,17.0,High
ORD146905,RBX,3,2025-12-06,21.0,High
ORD195414,LER,1,2025-06-06,20.0,High
ORD123069,QAG,10,2026-01-03,18.0,High
ORD176860,CVO,1,2026-05-02,20.0,Low
ORD110978,LMQ,2,2025-11-09,20.0,High
ORD188971,LAU,1,2026-01-30,5.0,High
ORD102993,ZQH,3,2025-10-02,9.0,High
ORD120079,BDV,3,2026-02-28,14.0,Low
ORD126910,ILE,7,2026-02-18,14.0,Medium
ORD102792,ZUW,3,2026-04-23,22.0,Medium
ORD149276,CQO,1,2025-11-13,5.0,High
ORD102241,OIT,7,2026-03-04,20.0,Medium
ORD177055,GWD,10,2025-07-16,24.0,High
ORD170492,CVO,6,2025-06-24,20.0,Low
ORD154128,ADM,10,2026-01-18,20.0,High
ORD194236,CXQ,9,2025-10-10,17.0,High
ORD129528,VJG,8,2026-04-10,10.0,High
ORD158276,ZQH,3,2025-08-02,9.0,High
ORD183473,XIM,3,2026-04-28,12.0,Medium
ORD141391,KCJ,3,2026-05-27,10.0,High
ORD179285,RYE,3,2026-04-19,16.0,High
ORD199971,NGF,8,2025-12-31,19.0,Low
ORD126757,CGW,3,2026-02-20,11.0,Medium
ORD177252,FLH,1,2025-11-14,10.0,High
ORD148416,ZQH,1,2025-07-01,9.0,High
ORD176809,OQN,9,2026-04-17,18.0,High
ORD118017,LMQ,2,2026-05-17,20.0,High
ORD126827,WFV,4,2025-09-26,6.0,High
ORD154541,MDN,1,2025-09-19,14.0,High
ORD141595,LAU,4,2026-01-03,5.0,High
ORD112354,JLQ,4,2025-12-28,23.0,High
ORD153938,KCJ,4,2025-08-09,10.0,High
ORD136713,AFY,2,2025-10-25,16.0,Low
ORD177351,PSJ,10,2026-03-25,7.0,High
ORD103915,JZT,6,2025-10-09,17.0,High
ORD161373,FKQ,3,2025-06-27,13.0,High
ORD102444,QAG,10,2026-05-05,18.0,High
ORD146509,YZD,4,2025-06-01,15.0,High
ORD141175,ZQH,1,2025-11-13,9.0,High
ORD195831,QMW,1,2026-02-24,25.0,High
ORD164921,NUD,1,2025-11-24,11.0,High
ORD158363,DXB,4,2025-08-07,8.0,High
ORD146158,XVX,2,2026-03-08,23.0,High
ORD113630,ZGM,2,2025-06-08,17.0,High
ORD173289,GWD,2,2025-07-17,24.0,High
ORD119010,XIM,1,2026-01-08,12.0,Medium
ORD192398,FJZ,4,2025-09-30,12.0,Medium
ORD120918,CBB,1,2025-08-02,20.0,High
ORD181281,YOK,4,2026-02-19,14.0,Medium
ORD126404,RBX,4,2025-12-24,21.0,High
ORD149545,LQT,10,2025-10-06,20.0,Medium
ORD129153,QEU,6,2026-05-31,23.0,Medium
ORD159807,LAU,4,2025-06-06,5.0,High
ORD181850,YYO,4,2025-06-27,13.0,High
ORD140904,VJG,3,2026-03-15,10.0,High
ORD118480,JZT,1,2026-01-13,17.0,High
ORD109988,NRP,4,2026-05-22,15.0,High
ORD152030,QMW,3,2025-08-01,25.0,High
ORD186681,CGW,7,2026-03-22,11.0,Medium
ORD118825,YZD,2,2025-11-12,15.0,High
ORD167259,THQ,2,2025-08-26,5.0,Low
ORD153520,CWE,3,2025-07-13,24.0,Low
ORD167138,ROB,9,2026-03-17,15.0,Low
ORD155012,CGW,10,2025-10-12,11.0,Medium
ORD135709,LMQ,4,2026-02-03,20.0,High
ORD165643,EJV,9,2025-12-28,17.0,Low
ORD176675,SCN,3,2026-05-09,20.0,High
ORD110758,PSJ,7,2025-09-03,7.0,High
ORD172282,NFQ,2,2026-05-25,10.0,High
ORD148777,ZGM,2,2025-10-27,17.0,High
ORD165611,SPG,2,2025-12-16,25.0,Medium
ORD149591,RNL,3,2026-03-05,19.0,High
ORD170194,QMW,7,2025-10-23,25.0,High
ORD106862,YYO,4,2026-05-21,13.0,High
ORD112802,CEG,5,2026-02-17,15.0,High
ORD146394,IGP,9,2026-04-10,9.0,High
ORD135112,DXB,3,2025-11-10,8.0,High
ORD132470,RCW,2,2026-05-20,23.0,High
ORD120302,SPV,2,2025-09-23,6.0,High
ORD101320,UAX,1,2025-10-25,16.0,Medium
ORD112048,GRT,9,2026-03-10,8.0,Medium
ORD183862,NRP,5,2026-04-27,15.0,High
ORD112194,FCY,9,2025-11-24,18.0,High
ORD126735,LPS,4,2026-05-22,25.0,High
ORD118918,CSM,1,2026-02-06,14.0,Medium
ORD153215,QMW,3,2026-03-17,25.0,High
ORD190030,BES,2,2026-03-09,15.0,High
ORD151066,IFG,2,2026-03-19,23.0,High
ORD111381,RYE,3,2026-02-06,16.0,High
ORD147293,RIJ,9,2025-11-26,12.0,Low
ORD127682,MBW,4,2025-11-27,9.0,Medium
ORD116218,JZT,3,2025-10-25,17.0,High
ORD173482,RYE,3,2026-04-11,16.0,High
ORD198129,CZS,6,2025-06-12,6.0,Medium
ORD163869,FLH,3,2025-07-11,10.0,High
ORD166690,FCF,4,2026-04-27,5.0,Low
ORD115766,PSJ,2,2026-04-19,7.0,High
ORD106754,MZV,4,2025-08-13,8.0,Medium
ORD144245,PSJ,1,2026-01-14,7.0,High
ORD185691,XIM,10,2025-09-02,12.0,Medium
ORD145948,SCN,2,2025-09-23,20.0,High
ORD138585,LRX,3,2025-06-10,18.0,Low
ORD158936,YZD,1,2025-12-21,15.0,High
ORD113265,RCW,6,2026-04-26,23.0,High
ORD119949,VKI,3,2025-12-04,6.0,Medium
ORD152147,YYO,10,2025-08-19,13.0,High
ORD104101,FCY,2,2025-12-11,18.0,High
ORD170209,ZUW,2,2025-08-06,22.0,Medium
ORD153166,MZV,1,2026-02-20,8.0,Medium
ORD163370,NRZ,2,2025-12-22,18.0,High
ORD150848,CXQ,4,2025-06-11,17.0,High
ORD180917,RCW,3,2025-12-21,23.0,High
ORD170429,VJG,9,2026-03-30,10.0,High
ORD114723,LPS,1,2026-04-14,25.0,High
ORD102097,SPC,5,2025-10-25,7.0,High
ORD109335,MGM,3,2025-07-31,12.0,Low
ORD107825,EGB,3,2026-05-26,13.0,Low
ORD158201,HSD,2,2026-04-25,10.0,High
ORD117176,BES,1,2026-02-13,15.0,High
ORD166057,TAW,1,2025-11-29,17.0,Medium
ORD171330,BES,1,2025-08-18,15.0,High
ORD120583,IFG,4,2025-09-16,23.0,High
ORD177342,RYE,3,2026-01-23,16.0,High
ORD171388,CXQ,3,2025-08-19,17.0,High
ORD159876,VGB,6,2026-05-04,6.0,Low
ORD106960,NUD,10,2026-05-12,11.0,High
ORD167261,RBX,2,2025-06-02,21.0,High
ORD185307,ZUW,3,2026-05-06,22.0,Medium
ORD173995,EVW,4,2025-09-29,7.0,High
ORD187817,NRZ,4,2025-12-10,18.0,High
ORD149379,WOW,8,2026-01-14,15.0,High
ORD191989,CQO,3,2025-07-04,5.0,High
ORD149964,PSJ,2,2025-10-19,7.0,High
ORD125360,ADM,1,2026-02-07,20.0,High
ORD125008,FKQ,1,2026-02-13,13.0,High
ORD175322,YYO,2,2025-08-24,13.0,High
ORD109465,NMS,1,2025-06-13,16.0,Low
ORD119359,IGP,5,2025-08-19,9.0,High
ORD149871,XVX,4,2026-05-15,23.0,High
ORD149075,LAU,4,2026-04-22,5.0,High
ORD154534,WRS,9,2025-06-17,18.0,High
ORD186462,CBB,9,2026-01-05,20.0,High
ORD157884,FKQ,2,2025-07-07,13.0,High
ORD185875,LAU,5,2025-06-01,5.0,High
ORD135589,NRP,2,2025-08-17,15.0,High
ORD118439,JUC,4,2026-03-03,10.0,Medium
ORD162556,ZDV,8,2026-03-03,25.0,Medium
ORD149491,CBB,3,2025-12-26,20.0,High
ORD151218,XMO,4,2025-08-28,24.0,Medium
ORD100206,LER,1,2025-06-11,20.0,High
ORD120000,PSJ,4,2025-07-04,7.0,High
ORD176145,GWD,3,2026-03-24,24.0,High
ORD182849,WXE,1,2025-06-16,12.0,High
ORD192420,SPG,2,2025-12-18,25.0,Medium
ORD110194,WEK,1,2025-09-16,14.0,Medium
ORD187636,SCN,6,2025-06-17,20.0,High
ORD145997,NRP,9,2025-10-23,15.0,High
ORD185907,OYF,4,2025-12-25,6.0,High
ORD165177,VJG,4,2026-02-26,10.0,High
ORD175586,EVW,1,2025-11-03,7.0,High
ORD196865,QAG,3,2025-10-06,18.0,High
ORD140053,WAN,2,2026-04-28,25.0,Medium
ORD139105,JZT,4,2025-09-27,17.0,High
ORD161906,CBB,8,2026-03-31,20.0,High
ORD101284,NFQ,6,2026-05-23,10.0,High
ORD188262,NRZ,3,2025-09-24,18.0,High
ORD185138,VJG,2,2025-10-28,10.0,High
ORD108882,JZT,2,2025-12-09,17.0,High
ORD124461,VQB,3,2025-10-20,14.0,Low
ORD188725,LQT,4,2026-03-20,20.0,Medium
ORD113291,HSD,3,2025-08-17,10.0,High
ORD184516,RNL,3,2026-04-23,19.0,High
ORD140072,IFG,9,2026-04-27,23.0,High
ORD160555,LAU,1,2025-07-28,5.0,High
ORD162034,MYU,4,2025-11-09,11.0,Low
ORD136570,LAU,2,2026-02-03,5.0,High
ORD196642,RNL,4,2025-10-13,19.0,High
ORD133541,VJG,8,2025-10-19,10.0,High
ORD178746,SNC,3,2025-11-16,12.0,High
ORD132482,DXB,3,2026-02-02,8.0,High
ORD129391,OZB,2,2025-12-02,19.0,High
ORD136341,RBX,4,2026-05-01,21.0,High
ORD127878,ZUW,8,2025-09-22,22.0,Medium
ORD144208,HQD,1,2025-07-31,11.0,Low
ORD124213,ZGM,5,2026-01-28,17.0,High
ORD168735,WRS,4,2026-02-22,18.0,High
ORD134510,ZDV,3,2026-03-13,25.0,Medium
ORD130074,PKF,4,2026-05-24,16.0,Medium
ORD126604,NRZ,1,2026-04-20,18.0,High
ORD174853,PSJ,1,2026-04-17,7.0,High
ORD193087,FCF,3,2026-01-01,5.0,Low
ORD150430,ZQH,9,2025-09-01,9.0,High
ORD139169,QMW,8,2026-05-07,25.0,High
ORD184781,DXB,6,2025-10-28,8.0,High
ORD149939,FCY,4,2026-03-08,18.0,High
ORD114427,QMW,9,2025-09-02,25.0,High
ORD153637,JUG,2,2025-12-05,17.0,High
ORD164584,WFV,3,2025-06-19,6.0,High
ORD115117,MDN,3,2026-01-13,14.0,High
ORD198747,DXB,3,2025-07-05,8.0,High
ORD148593,RRI,4,2026-02-27,11.0,Medium
ORD114112,MDN,1,2025-09-24,14.0,High
ORD182522,WRS,1,2025-11-18,18.0,High
ORD144988,CXQ,10,2025-06-09,17.0,High
ORD130822,PBM,1,2026-02-24,19.0,Medium
ORD169088,OIT,2,2026-04-03,20.0,Medium
ORD153295,CZS,7,2025-07-20,6.0,Medium
ORD135535,SPV,1,2026-02-16,6.0,High
ORD198222,LMQ,1,2026-02-07,20.0,High
ORD191589,WXE,2,2026-02-08,12.0,High
ORD102157,OYF,4,2026-01-02,6.0,High
ORD197067,XVX,3,2026-01-04,23.0,High
ORD143910,ZDV,2,2026-03-14,25.0,Medium
ORD119368,NRZ,8,2026-01-23,18.0,High
ORD132303,CBB,3,2026-03-15,20.0,High
ORD184555,PSJ,6,2025-10-27,7.0,High
ORD122272,YZD,2,2026-03-25,15.0,High
ORD150526,KCJ,3,2026-04-13,10.0,High
ORD156556,NUD,5,2025-11-23,11.0,High
ORD184974,JUG,4,2026-04-21,17.0,High
ORD131793,LPS,1,2025-08-12,25.0,High
ORD123865,NUD,2,2026-01-11,11.0,High
ORD126149,OYF,3,2025-09-10,6.0,High
ORD159441,PSJ,3,2025-10-26,7.0,High
ORD132878,FLH,5,2026-01-17,10.0,High
ORD186823,SNC,4,2025-08-29,12.0,High
ORD196127,ADM,3,2026-05-16,20.0,High
ORD143561,DRD,5,2026-05-13,17.0,Low
ORD189640,JVR,7,2025-06-28,17.0,Medium
ORD119655,SCN,1,2025-08-26,20.0,High
ORD190173,NFQ,1,2026-04-12,10.0,High
ORD120478,RBX,3,2025-07-28,21.0,High
ORD113832,BKE,6,2025-07-05,20.0,Medium
ORD114618,RIJ,4,2025-07-04,12.0,Low
ORD190147,QMW,5,2025-09-03,25.0,High
ORD183726,CEG,2,2026-01-16,15.0,High
ORD147443,SCN,5,2025-11-12,20.0,High
ORD116253,JUG,2,2025-07-15,17.0,High
ORD130541,WOW,10,2025-08-06,15.0,High
ORD179777,MDN,4,2025-07-11,14.0,High
ORD170153,OIT,1,2026-03-03,20.0,Medium
ORD153298,FLH,2,2025-07-17,10.0,High
ORD192239,LAU,6,2025-08-01,5.0,High
ORD165742,MJP,2,2025-10-03,22.0,Low
ORD165483,CSM,8,2025-12-26,14.0,Medium
ORD194293,IFG,1,2026-02-01,23.0,High
ORD188613,LQT,3,2025-12-05,20.0,Medium
ORD128376,XMO,1,2025-07-16,24.0,Medium
ORD124812,RBX,4,2026-01-05,21.0,High
ORD139044,KCJ,4,2026-04-03,10.0,High
ORD119424,GWD,2,2025-07-12,24.0,High
ORD192076,BKE,1,2025-12-25,20.0,Medium
ORD189124,CXQ,3,2025-08-15,17.0,High
ORD110335,DXB,2,2025-07-31,8.0,High
ORD139139,PSJ,2,2025-07-28,7.0,High
ORD192336,NGF,7,2025-10-16,19.0,Low
ORD156183,PSJ,3,2026-01-28,7.0,High
ORD156996,QEU,3,2026-05-17,23.0,Medium
ORD168753,KCJ,4,2026-02-25,10.0,High
ORD199420,DXB,1,2025-06-11,8.0,High
ORD164680,CQK,5,2026-04-09,7.0,Medium
ORD182103,XMO,2,2025-12-11,24.0,Medium
ORD130041,OYF,2,2025-09-01,6.0,High
ORD102329,PSJ,4,2025-06-06,7.0,High
ORD126514,SPC,3,2025-06-18,7.0,High
ORD158955,DXB,4,2026-04-26,8.0,High
ORD151111,IPE,4,2025-11-27,20.0,Medium
ORD158153,LRX,3,2026-04-08,18.0,Low
ORD140908,NRZ,10,2026-05-17,18.0,High
ORD111989,RBX,2,2026-03-24,21.0,High
ORD125089,ZQH,6,2025-10-18,9.0,High
ORD129849,GZE,5,2025-12-14,15.0,Medium
ORD111158,KCJ,1,2026-01-19,10.0,High
ORD133440,CEG,1,2026-03-25,15.0,High
ORD127172,CEG,1,2026-01-12,15.0,High
ORD170246,KCJ,1,2025-08-10,10.0,High
ORD147991,ADM,2,2025-07-19,20.0,High
ORD131848,CQO,7,2025-08-06,5.0,High
ORD179474,CWE,3,2026-03-04,24.0,Low
ORD116673,ADM,2,2026-01-22,20.0,High
ORD178719,CXQ,4,2026-03-18,17.0,High
ORD156017,MWM,4,2026-02-24,14.0,Medium
ORD134949,IPE,5,2026-01-16,20.0,Medium
ORD156732,RYE,10,2026-01-19,16.0,High
ORD173925,SNY,2,2026-05-14,15.0,Medium
ORD198850,CXQ,4,2026-04-07,17.0,High
ORD167721,RBX,1,2026-02-10,21.0,High
ORD170026,DXB,1,2026-01-22,8.0,High
ORD140794,MZV,6,2025-06-27,8.0,Medium
ORD162203,DRD,9,2026-04-08,17.0,Low
ORD113623,SPC,1,2026-05-15,7.0,High
ORD180797,SNC,2,2025-10-15,12.0,High
ORD144567,FKQ,7,2025-08-06,13.0,High
ORD190356,YZD,3,2025-10-21,15.0,High
ORD152137,LER,2,2025-09-09,20.0,High
ORD190282,VJG,5,2026-02-07,10.0,High
ORD155797,FCY,10,2026-03-20,18.0,High
ORD199787,YZD,2,2025-12-02,15.0,High
ORD104563,OVY,1,2025-10-04,8.0,Medium
ORD164151,EVW,1,2025-11-12,7.0,High
ORD112248,ZGM,7,2025-09-11,17.0,High
ORD167127,VJG,3,2026-03-02,10.0,High
ORD110930,XMO,3,2025-10-16,24.0,Medium
ORD126592,EVW,3,2025-07-22,7.0,High
ORD136699,MDN,8,2026-01-13,14.0,High
ORD189398,XMO,2,2025-12-21,24.0,Medium
ORD100470,SNY,4,2025-10-29,15.0,Medium
ORD148360,GWD,3,2026-01-11,24.0,High
ORD184626,NFQ,2,2026-01-18,10.0,High
ORD195145,YYO,2,2025-08-03,13.0,High
ORD108682,GXL,2,2026-04-29,11.0,Medium
ORD165032,JUC,10,2025-11-14,10.0,Medium
ORD192110,MDN,4,2025-08-03,14.0,High
ORD145680,OQN,10,2025-11-28,18.0,High
ORD134842,ZQH,3,2025-10-31,9.0,High
ORD152026,HSD,2,2025-08-30,10.0,High
ORD152828,FCY,7,2025-09-20,18.0,High
ORD159852,WOW,4,2025-11-26,15.0,High
ORD132274,NUD,2,2026-02-13,11.0,High
ORD108900,HSD,1,2025-08-10,10.0,High
ORD133144,CWA,1,2026-02-03,20.0,High
ORD102259,PKF,1,2026-05-30,16.0,Medium
ORD150405,RRI,7,2025-10-26,11.0,Medium
ORD134932,FLH,1,2025-11-14,10.0,High
ORD109331,SNC,1,2025-10-29,12.0,High
ORD175808,JLQ,2,2026-02-11,23.0,High
ORD105718,ADM,1,2025-07-13,20.0,High
ORD130283,WRS,2,2026-05-14,18.0,High
ORD158399,WFV,1,2026-02-25,6.0,High
ORD125068,MZV,3,2025-07-20,8.0,Medium
ORD171757,SPV,3,2025-07-10,6.0,High
ORD131338,WFV,1,2025-09-13,6.0,High
ORD127772,HSD,5,2025-11-16,10.0,High
ORD113051,LAU,2,2025-08-10,5.0,High
ORD166292,CWA,4,2025-09-12,20.0,High
ORD161200,ARU,3,2025-06-09,21.0,Medium
ORD118771,RCW,9,2026-02-27,23.0,High
ORD153057,PBM,3,2025-07-31,19.0,Medium
ORD157174,OQN,2,2025-06-30,18.0,High
ORD193609,CVO,3,2026-01-30,20.0,Low
ORD175824,FCY,2,2025-06-20,18.0,High
ORD151440,WOW,3,2026-03-12,15.0,High
ORD196852,YOK,1,2025-08-06,14.0,Medium
ORD122112,WAN,4,2025-08-11,25.0,Medium
ORD123309,PBM,9,2025-07-14,19.0,Medium
ORD102057,OQN,3,2026-01-31,18.0,High
ORD177163,IGP,6,2025-11-07,9.0,High
ORD135247,IGP,6,2025-10-04,9.0,High
ORD135462,OYF,3,2026-05-02,6.0,High
ORD110071,CEG,2,2025-07-13,15.0,High
ORD109529,NRP,6,2025-11-24,15.0,High
ORD125446,HSD,6,2025-09-30,10.0,High
ORD133912,CQO,5,2025-11-12,5.0,High
ORD178450,XMO,4,2025-10-06,24.0,Medium
ORD131166,EVW,2,2025-09-17,7.0,High
ORD150634,RRI,10,2026-04-25,11.0,Medium
ORD101731,GWD,5,2025-12-18,24.0,High
ORD148019,CEG,5,2025-08-01,15.0,High
ORD148401,LFP,4,2025-08-14,15.0,Low
ORD155564,RBX,1,2025-10-05,21.0,High
ORD184731,SPC,4,2025-06-02,7.0,High
ORD116299,IFG,6,2025-06-25,23.0,High
ORD183519,FCY,2,2025-10-29,18.0,High
ORD179138,EOS,8,2025-06-21,25.0,Low
ORD122846,LAU,1,2025-06-08,5.0,High
ORD147770,CGW,4,2026-01-10,11.0,Medium
ORD101107,GBF,8,2025-08-26,24.0,Low
ORD189728,QAG,10,2026-03-09,18.0,High
ORD116546,YYO,5,2026-04-15,13.0,High
ORD130051,LPS,2,2025-09-23,25.0,High
ORD131028,XMO,4,2025-08-09,24.0,Medium
ORD168942,JZT,1,2025-07-22,17.0,High
ORD199915,CZS,4,2025-09-09,6.0,Medium
ORD173483,KCJ,4,2026-03-28,10.0,High
ORD177293,QMW,2,2026-04-28,25.0,High
ORD192816,LMQ,2,2026-05-15,20.0,High
ORD153684,JUG,1,2025-11-05,17.0,High
ORD111821,BES,3,2026-03-09,15.0,High
ORD182542,SCN,3,2026-03-19,20.0,High
ORD179974,CZS,3,2026-05-19,6.0,Medium
ORD102035,OQN,4,2025-11-08,18.0,High
ORD188476,SNC,4,2026-01-23,12.0,High
ORD119291,SMS,2,2025-06-24,23.0,Medium
ORD197885,BES,10,2025-07-31,15.0,High
ORD184777,NUD,4,2025-07-15,11.0,High
ORD198677,DIY,8,2026-01-26,12.0,Low
ORD166821,BKE,2,2026-05-18,20.0,Medium
ORD149401,JVR,2,2025-06-26,17.0,Medium
ORD194705,MBW,9,2025-09-24,9.0,Medium
ORD171501,LER,3,2025-10-16,20.0,High
ORD179725,CXQ,3,2025-09-23,17.0,High
ORD134397,PSJ,3,2025-11-24,7.0,High
ORD153556,RBX,4,2026-02-12,21.0,High
ORD128683,OYF,7,2026-04-26,6.0,High
ORD190178,KCJ,4,2026-01-20,10.0,High
ORD126834,CQO,10,2026-02-09,5.0,High
ORD127938,UAX,3,2026-04-05,16.0,Medium
ORD193800,SPC,2,2025-12-30,7.0,High
ORD174544,MGM,9,2025-11-06,12.0,Low
ORD191484,QEU,1,2025-10-01,23.0,Medium
ORD167146,CQK,9,2026-03-01,7.0,Medium
ORD182312,WOW,1,2025-12-21,15.0,High
ORD178916,JZT,5,2026-03-27,17.0,High
ORD162245,QAG,2,2025-12-27,18.0,High
ORD185745,WRS,4,2025-10-09,18.0,High
ORD151742,FKQ,1,2026-05-29,13.0,High
ORD112228,FCF,2,2025-12-13,5.0,Low
ORD186701,WAN,3,2025-12-07,25.0,Medium
ORD136093,XIM,10,2025-07-01,12.0,Medium
ORD138212,LNZ,9,2025-06-27,12.0,Medium
ORD142193,RRI,3,2025-09-04,11.0,Medium
ORD181679,YOK,4,2025-11-30,14.0,Medium
ORD123436,JUG,7,2025-07-29,17.0,High
ORD131418,EGB,3,2026-01-23,13.0,Low
ORD126162,RBX,3,2025-06-10,21.0,High
ORD142429,LMQ,1,2025-09-03,20.0,High
ORD114863,YZD,8,2026-04-30,15.0,High
ORD139889,QMW,3,2025-11-18,25.0,High
ORD184340,OZB,1,2025-10-21,19.0,High
ORD189463,VGB,2,2026-03-19,6.0,Low
ORD174597,CWA,5,2025-06-02,20.0,High
ORD169364,JUC,4,2026-05-07,10.0,Medium
ORD192286,UPP,3,2025-11-30,10.0,Medium
ORD101552,OYF,4,2026-05-19,6.0,High
ORD184766,HSD,3,2025-09-17,10.0,High
ORD123897,QAG,2,2025-07-19,18.0,High
ORD104650,FLH,4,2025-07-21,10.0,High
ORD107052,XJB,1,2025-12-17,8.0,Low
ORD168669,SNC,8,2025-10-17,12.0,High
ORD115856,NRP,2,2026-03-23,15.0,High
ORD189487,PSJ,1,2025-12-14,7.0,High
ORD130730,QAG,1,2025-08-14,18.0,High
ORD171711,UYZ,4,2026-05-08,22.0,Low
ORD116020,KCJ,8,2025-10-14,10.0,High
ORD172104,RCW,8,2026-03-06,23.0,High
ORD173825,FLH,6,2026-03-18,10.0,High
ORD110872,JLQ,4,2025-09-29,23.0,High
ORD106603,RNL,1,2025-11-15,19.0,High
ORD142315,IGP,9,2025-10-20,9.0,High
ORD115989,WRS,2,2025-08-13,18.0,High
ORD105108,RYE,2,2025-07-23,16.0,High
ORD123077,LMQ,1,2025-12-01,20.0,High
ORD172119,CBB,3,2025-10-29,20.0,High
ORD132149,LAU,3,2025-08-01,5.0,High
ORD126556,QAG,2,2026-01-24,18.0,High
ORD181412,IGP,10,2026-05-24,9.0,High
ORD177487,TAW,3,2025-10-06,17.0,Medium
ORD167380,LRX,2,2025-09-26,18.0,Low
ORD122923,SCN,3,2026-01-09,20.0,High
ORD161293,VMG,3,2025-09-28,22.0,Medium
ORD180935,JZT,10,2026-04-18,17.0,High
ORD134106,CQK,1,2026-03-24,7.0,Medium
ORD169564,GWD,6,2025-10-26,24.0,High
ORD192820,EVW,1,2025-11-11,7.0,High
ORD113038,VMG,3,2025-09-29,22.0,Medium
ORD115423,RRI,1,2026-05-01,11.0,Medium
ORD170198,RNZ,4,2025-08-23,10.0,Medium
ORD168540,CEG,2,2025-12-20,15.0,High
ORD102630,CQO,2,2026-02-18,5.0,High
ORD174728,WOW,2,2025-09-14,15.0,High
ORD171485,CQO,2,2025-08-01,5.0,High
ORD152004,NUD,4,2025-08-20,11.0,High
ORD188192,ADM,1,2026-04-27,20.0,High
ORD178785,WXE,4,2025-09-01,12.0,High
ORD101817,NUD,4,2025-12-10,11.0,High
ORD197718,HGC,2,2025-07-16,14.0,Low
ORD118134,FCY,5,2026-03-23,18.0,High
ORD189932,LER,2,2026-01-02,20.0,High
ORD118161,SNC,1,2025-11-02,12.0,High
ORD137196,PSJ,1,2025-08-02,7.0,High
ORD101029,CQK,9,2026-04-08,7.0,Medium
ORD171364,BES,1,2026-01-17,15.0,High
ORD131498,CXQ,3,2025-06-18,17.0,High
ORD155578,PSJ,1,2026-02-24,7.0,High
ORD182753,SCN,4,2026-03-30,20.0,High
ORD191730,OYF,1,2026-03-10,6.0,High
ORD198915,KCJ,4,2026-01-05,10.0,High
ORD116603,CSM,2,2026-02-27,14.0,Medium
ORD123507,CGW,9,2026-01-06,11.0,Medium
ORD145253,ZSI,1,2025-09-04,18.0,Low
ORD180207,MDN,1,2025-09-12,14.0,High
ORD113151,YYO,3,2025-07-04,13.0,High
ORD102895,ILE,4,2026-03-22,14.0,Medium
ORD114381,THQ,7,2025-06-25,5.0,Low
ORD122279,LER,8,2026-05-09,20.0,High
ORD104501,FCY,2,2025-12-08,18.0,High
ORD107232,VJG,2,2025-08-28,10.0,High
ORD153461,CWE,3,2025-10-03,24.0,Low
ORD179249,MDN,2,2025-12-01,14.0,High
ORD109354,LAU,2,2026-05-21,5.0,High
ORD156629,FCF,6,2025-10-04,5.0,Low
ORD128535,SNC,1,2025-10-05,12.0,High
ORD117765,OIT,3,2026-03-27,20.0,Medium
ORD199161,RYE,1,2025-06-03,16.0,High
ORD193564,KYB,4,2025-10-10,18.0,Medium
ORD181954,IGP,9,2026-03-24,9.0,High
ORD171766,KCJ,3,2026-02-27,10.0,High
ORD192555,IFG,1,2026-05-10,23.0,High
ORD158274,RBX,4,2025-10-23,21.0,High
ORD182157,RYE,3,2026-05-01,16.0,High
ORD138592,CXQ,3,2026-05-13,17.0,High
ORD166530,KCJ,9,2026-02-21,10.0,High
ORD140395,EVW,2,2026-02-28,7.0,High
ORD194057,XVX,2,2025-12-02,23.0,High
ORD166899,PSJ,5,2026-01-03,7.0,High
ORD174944,RBX,1,2026-02-27,21.0,High
ORD198102,GRT,1,2025-09-06,8.0,Medium
ORD121918,TRB,2,2025-07-31,12.0,Medium
ORD171417,HQD,1,2025-11-23,11.0,Low
ORD196165,NRZ,1,2026-02-03,18.0,High
ORD139257,SYF,1,2026-04-09,11.0,Low
ORD158795,OZB,2,2026-01-27,19.0,High
ORD140820,OZB,10,2026-04-26,19.0,High
ORD158419,RNZ,10,2025-10-29,10.0,Medium
ORD117313,BES,3,2026-03-07,15.0,High
ORD177744,EVW,10,2025-12-26,7.0,High
ORD197324,LQT,5,2025-12-14,20.0,Medium
ORD146878,MWM,3,2025-11-23,14.0,Medium
ORD101442,PBM,2,2026-01-19,19.0,Medium
ORD171354,OZB,9,2026-04-23,19.0,High
ORD158530,LAU,4,2025-06-29,5.0,High
ORD180389,OYF,1,2025-07-24,6.0,High
ORD128474,LER,2,2025-10-28,20.0,High
ORD160581,QMW,1,2026-05-28,25.0,High
ORD164471,OJI,3,2025-11-10,12.0,Medium
ORD197674,ZDV,2,2026-01-12,25.0,Medium
ORD169151,WOW,1,2025-11-29,15.0,High
ORD191402,WOW,1,2025-07-05,15.0,High
ORD188120,FCY,8,2026-01-16,18.0,High
ORD159184,LER,2,2025-06-30,20.0,High
ORD188755,CGW,4,2026-05-01,11.0,Medium
ORD108364,JZT,3,2025-08-30,17.0,High
ORD142667,GBF,7,2026-02-15,24.0,Low
ORD130686,PSJ,10,2025-09-24,7.0,High
ORD122599,NFQ,2,2025-08-15,10.0,High
ORD113713,SCN,6,2026-02-08,20.0,High
ORD182373,JLQ,4,2025-12-07,23.0,High
ORD131628,OYF,2,2026-02-14,6.0,High
ORD158818,CQK,6,2026-03-28,7.0,Medium
ORD111993,OYF,7,2025-12-02,6.0,High
ORD119690,ZGM,6,2025-12-24,17.0,High
ORD132629,JPK,2,2026-04-26,19.0,Medium
ORD180943,JZT,1,2026-04-20,17.0,High
ORD148855,CGW,1,2026-04-20,11.0,Medium
ORD119741,YZD,8,2025-12-31,15.0,High
ORD129527,LAU,2,2025-09-14,5.0,High
ORD124338,RCW,3,2025-10-30,23.0,High
ORD190045,IGP,6,2025-12-01,9.0,High
ORD156331,JUG,3,2025-12-08,17.0,High
ORD149248,RNL,4,2025-06-17,19.0,High
ORD183330,RYE,3,2026-04-25,16.0,High
ORD134598,SPV,2,2026-01-12,6.0,High
ORD115755,ZGM,2,2025-12-24,17.0,High
ORD144314,WRS,2,2026-03-26,18.0,High
ORD109444,SCN,1,2025-09-11,20.0,High
ORD159839,EVW,6,2025-12-15,7.0,High
ORD106032,CBB,3,2025-12-06,20.0,High
ORD109838,XVX,9,2026-04-21,23.0,High
ORD150026,SCN,9,2025-12-30,20.0,High
ORD103349,EVW,9,2026-04-10,7.0,High
ORD119123,SCN,10,2026-04-02,20.0,High
ORD129146,NRP,1,2025-09-29,15.0,High
ORD131029,RRI,8,2025-08-11,11.0,Medium
ORD195487,MDN,2,2025-12-06,14.0,High
ORD186453,LAU,5,2026-04-26,5.0,High
ORD172697,SCN,2,2025-08-05,20.0,High
ORD180276,FKQ,1,2025-11-08,13.0,High
ORD175979,CWA,2,2026-03-15,20.0,High
ORD190250,VJG,4,2026-02-14,10.0,High
ORD140227,XIM,6,2026-04-29,12.0,Medium
ORD198920,OVY,2,2025-10-28,8.0,Medium
ORD196088,YYO,4,2025-10-25,13.0,High
ORD109115,CWA,4,2025-06-27,20.0,High
ORD104104,LNZ,3,2025-07-27,12.0,Medium
ORD121831,KCJ,1,2026-05-26,10.0,High
ORD104709,PSJ,2,2025-12-24,7.0,High
ORD155836,YOK,3,2026-01-03,14.0,Medium
ORD133358,BDV,9,2026-02-02,14.0,Low
ORD188404,SPC,3,2025-06-11,7.0,High
ORD183507,WAN,4,2025-09-14,25.0,Medium
ORD103550,TIJ,2,2026-05-17,23.0,Low
ORD143279,SYF,3,2026-03-19,11.0,Low
ORD172240,OZB,4,2025-12-16,19.0,High
ORD105454,LMQ,10,2025-12-14,20.0,High
ORD175363,VJG,3,2026-03-21,10.0,High
ORD134513,QIE,4,2026-05-01,7.0,Low
ORD169914,LMQ,2,2026-02-08,20.0,High
ORD184923,KCJ,1,2025-11-20,10.0,High
ORD166799,UPP,9,2025-09-14,10.0,Medium
ORD167078,JVR,2,2026-02-28,17.0,Medium
ORD109296,NFQ,4,2025-07-14,10.0,High
ORD172379,NGF,4,2025-10-15,19.0,Low
ORD183982,VJG,8,2026-05-28,10.0,High
ORD150617,CQO,1,2025-12-03,5.0,High
ORD188014,GXL,4,2025-06-03,11.0,Medium
ORD115517,NUD,2,2025-06-07,11.0,High
ORD170042,RYE,4,2025-08-02,16.0,High
ORD145370,DXB,4,2025-10-15,8.0,High
ORD195251,AFY,1,2025-11-26,16.0,Low
ORD164815,WRS,2,2025-07-29,18.0,High
ORD124452,QMW,1,2025-08-15,25.0,High
ORD189030,ZDV,1,2026-05-08,25.0,Medium
ORD192929,LQT,1,2025-06-15,20.0,Medium
ORD126572,KCJ,10,2025-09-01,10.0,High
ORD104221,WFV,3,2026-02-28,6.0,High
ORD133156,XVX,2,2026-03-15,23.0,High
ORD138622,OYF,3,2026-01-16,6.0,High
ORD176610,RNL,4,2025-08-04,19.0,High
ORD152517,RCW,3,2026-02-16,23.0,High
ORD131319,LPS,1,2025-08-16,25.0,High
ORD194540,YZD,2,2026-03-12,15.0,High
ORD125489,UPP,10,2025-07-05,10.0,Medium
ORD177529,WFV,2,2025-06-12,6.0,High
ORD165518,NRZ,4,2025-09-17,18.0,High
ORD174545,BKE,3,2025-09-30,20.0,Medium
ORD140952,QJK,2,2025-08-13,23.0,Low
ORD197767,IFG,1,2026-01-09,23.0,High
ORD163105,CWA,3,2025-06-11,20.0,High
ORD199449,PSJ,4,2025-08-28,7.0,High
ORD197302,IFG,8,2026-03-13,23.0,High
ORD115153,NFQ,3,2025-08-23,10.0,High
ORD164693,RBX,2,2025-07-19,21.0,High
ORD179836,ZQH,2,2026-05-12,9.0,High
ORD172505,SNY,1,2025-06-27,15.0,Medium
ORD197456,SPV,1,2026-04-13,6.0,High
ORD199444,CWA,4,2025-09-18,20.0,High
ORD194763,WAN,8,2025-11-22,25.0,Medium
ORD164097,WRS,1,2026-01-17,18.0,High
ORD155631,YZD,2,2026-02-20,15.0,High
ORD163176,FKQ,2,2026-01-31,13.0,High
ORD111914,SPV,3,2025-07-02,6.0,High
ORD160704,FCY,1,2025-12-05,18.0,High
ORD187430,RBX,1,2025-09-16,21.0,High
ORD139246,SPC,6,2026-02-19,7.0,High
ORD178768,PSJ,4,2026-05-16,7.0,High
ORD160047,DXB,1,2025-10-19,8.0,High
ORD126063,RRI,4,2026-01-07,11.0,Medium
ORD198479,KCJ,3,2026-05-02,10.0,High
ORD185027,JLQ,1,2025-11-09,23.0,High
ORD116556,XVX,2,2025-06-15,23.0,High
ORD176431,PSJ,3,2025-09-27,7.0,High
ORD128776,SPV,7,2025-09-09,6.0,High
ORD159930,RYE,1,2025-09-14,16.0,High
ORD161027,VJG,2,2025-12-03,10.0,High
ORD199586,FLH,4,2026-04-30,10.0,High
ORD176114,WXE,3,2026-02-12,12.0,High
ORD154486,OZB,6,2025-11-06,19.0,High
ORD143205,FCY,5,2025-11-22,18.0,High
ORD179371,VMG,3,2025-11-08,22.0,Medium
ORD168302,OQN,2,2026-03-07,18.0,High
ORD159986,RRI,7,2026-05-15,11.0,Medium
ORD130629,OZB,2,2025-07-08,19.0,High
ORD129555,DIY,1,2026-05-20,12.0,Low
ORD158968,HSD,3,2026-03-26,10.0,High
ORD124100,PKF,2,2025-10-03,16.0,Medium
ORD151970,LNZ,3,2025-06-04,12.0,Medium
ORD148541,PBM,6,2026-04-21,19.0,Medium
ORD188062,SPC,2,2025-09-04,7.0,High
ORD152131,LMQ,1,2026-02-20,20.0,High
ORD125820,MGM,1,2026-01-18,12.0,Low
ORD161425,UPP,1,2026-02-04,10.0,Medium
ORD122782,EVW,6,2026-05-02,7.0,High
ORD176187,LFP,10,2026-03-19,15.0,Low
ORD100182,LER,3,2025-08-16,20.0,High
ORD196590,GRT,3,2025-09-13,8.0,Medium
ORD140465,WOW,2,2026-05-11,15.0,High
ORD192374,SPV,4,2025-06-22,6.0,High
ORD156640,RNL,1,2025-12-11,19.0,High
ORD168130,VJG,10,2025-12-17,10.0,High
ORD172070,NFQ,6,2026-01-28,10.0,High
ORD196071,GWD,4,2025-06-17,24.0,High
ORD177906,SCN,4,2026-04-20,20.0,High
ORD104593,NRZ,1,2025-12-08,18.0,High
ORD194400,BES,1,2025-10-01,15.0,High
ORD122799,FKQ,2,2026-03-04,13.0,High
ORD186406,CWA,7,2026-02-17,20.0,High
ORD148312,ARU,1,2025-11-15,21.0,Medium
ORD180748,NUD,10,2026-05-07,11.0,High
ORD124495,MBW,3,2025-08-10,9.0,Medium
ORD193469,NFQ,2,2026-04-11,10.0,High
ORD141549,MDN,8,2025-10-18,14.0,High
ORD125879,KCJ,7,2025-07-20,10.0,High
ORD115656,FKQ,1,2026-04-18,13.0,High
ORD153275,LQT,10,2025-08-27,20.0,Medium
ORD123583,YZD,4,2026-01-13,15.0,High
ORD179228,WOW,2,2026-03-13,15.0,High
ORD104510,MWM,8,2026-02-14,14.0,Medium
ORD143721,JVR,1,2026-05-25,17.0,Medium
ORD181628,CXQ,6,2026-03-08,17.0,High
ORD116600,FCY,3,2025-08-03,18.0,High
ORD102799,JLQ,4,2025-10-26,23.0,High
ORD160149,DXB,4,2026-01-18,8.0,High
ORD138644,JZT,1,2025-06-04,17.0,High
ORD115054,WOW,3,2025-06-20,15.0,High
ORD116153,JLQ,2,2025-12-14,23.0,High
ORD175253,NRZ,1,2025-11-23,18.0,High
ORD135155,SPV,3,2026-02-25,6.0,High
ORD196460,LPS,5,2026-02-15,25.0,High
ORD182388,ADM,3,2025-09-05,20.0,High
ORD137193,QIE,4,2025-11-05,7.0,Low
ORD116739,OJI,9,2025-09-22,12.0,Medium
ORD156647,SPV,7,2026-04-13,6.0,High
ORD141710,KRU,2,2025-07-05,16.0,Low
ORD177061,IGP,4,2026-05-24,9.0,High
ORD132809,XVX,1,2025-07-08,23.0,High
ORD110379,JLQ,2,2025-06-21,23.0,High
ORD189247,HSD,3,2025-06-15,10.0,High
ORD115280,SNC,1,2026-04-07,12.0,High
ORD112398,NUD,1,2025-08-09,11.0,High
ORD192169,WRS,2,2025-10-09,18.0,High
ORD150130,FLH,5,2025-11-13,10.0,High
ORD134545,QAG,5,2025-09-24,18.0,High
ORD131980,ZGM,6,2026-01-27,17.0,High
ORD196434,RRI,2,2025-07-10,11.0,Medium
ORD112181,MDN,1,2025-07-12,14.0,High
ORD166337,SPV,4,2025-10-23,6.0,High
ORD164838,RCW,7,2025-09-06,23.0,High
ORD162407,RBX,1,2025-09-22,21.0,High
ORD115496,OZB,5,2025-10-14,19.0,High
ORD110725,XRZ,1,2026-05-02,23.0,Medium
ORD157123,OZB,2,2026-01-05,19.0,High
ORD156299,QMW,4,2025-12-26,25.0,High
ORD191047,YZD,5,2025-08-30,15.0,High
ORD119095,CWE,8,2025-09-14,24.0,Low
ORD104252,ADM,2,2025-08-01,20.0,High
ORD104991,RNL,7,2025-07-07,19.0,High
ORD189317,OQN,2,2025-10-19,18.0,High
ORD182163,LER,7,2026-05-12,20.0,High
ORD141131,WRS,3,2025-10-24,18.0,High
ORD142427,JUG,4,2025-09-01,17.0,High
ORD150107,WXE,6,2025-09-23,12.0,High
ORD184163,QJK,3,2026-03-02,23.0,Low
ORD146870,SYF,3,2025-10-20,11.0,Low
ORD101683,GZE,2,2025-11-20,15.0,Medium
ORD112772,WRS,3,2025-07-04,18.0,High
ORD184232,WRS,8,2026-02-26,18.0,High
ORD116726,JPK,2,2026-03-09,19.0,Medium
ORD156460,SPC,9,2025-09-15,7.0,High
ORD102991,SPV,3,2026-02-14,6.0,High
ORD128280,CBB,3,2026-03-25,20.0,High
ORD189667,LPS,1,2025-09-06,25.0,High
ORD189625,GXL,4,2025-10-18,11.0,Medium
ORD112618,LMQ,9,2026-04-06,20.0,High
ORD145987,IFG,9,2026-04-28,23.0,High
ORD183338,SNC,2,2025-11-17,12.0,High
ORD145390,FCY,3,2025-08-07,18.0,High
ORD154995,RNL,4,2025-12-18,19.0,High
ORD142836,VGB,4,2025-11-22,6.0,Low
ORD183209,CEG,4,2025-09-27,15.0,High
ORD100144,XMO,2,2025-06-14,24.0,Medium
ORD163488,RNL,2,2026-03-13,19.0,High
ORD122747,EVW,3,2026-01-07,7.0,High
ORD189420,BES,1,2026-03-19,15.0,High
ORD174988,FJZ,9,2025-10-26,12.0,Medium
ORD136860,ZGM,2,2025-09-28,17.0,High
ORD150359,EOS,10,2026-03-02,25.0,Low
ORD168846,RYE,3,2026-04-02,16.0,High
ORD190889,FCY,3,2026-05-12,18.0,High
ORD129190,IGP,2,2026-04-27,9.0,High
ORD172823,LAU,4,2025-08-05,5.0,High
ORD167695,LER,2,2025-09-04,20.0,High
ORD177670,RIJ,4,2026-04-10,12.0,Low
ORD103539,XVX,3,2025-09-17,23.0,High
ORD134530,ADM,5,2026-03-04,20.0,High
ORD158847,SNC,1,2025-09-15,12.0,High
ORD110344,IGP,2,2025-09-21,9.0,High
ORD162200,YZD,1,2026-05-28,15.0,High
ORD103471,CBB,7,2025-10-16,20.0,High
ORD158496,RYE,5,2025-08-25,16.0,High
ORD162216,CEG,4,2025-12-07,15.0,High
ORD190971,CSM,4,2025-12-24,14.0,Medium
ORD100819,CQK,8,2025-12-13,7.0,Medium
ORD164193,OJI,8,2026-05-24,12.0,Medium
ORD180844,ADM,4,2025-08-23,20.0,High
ORD102223,WFV,4,2026-03-26,6.0,High
ORD125819,WRS,2,2026-03-06,18.0,High
ORD173567,FNU,4,2025-06-06,8.0,Low
ORD126204,CWA,9,2025-12-27,20.0,High
ORD184636,LNZ,2,2025-09-24,12.0,Medium
ORD141306,JUG,4,2026-01-28,17.0,High
ORD160987,CEG,2,2026-02-06,15.0,High
ORD147245,FKQ,2,2025-08-20,13.0,High
ORD152440,BES,2,2025-09-16,15.0,High
ORD135993,FKQ,8,2026-02-18,13.0,High
ORD143737,SCN,2,2025-11-07,20.0,High
ORD118380,JZT,1,2026-03-30,17.0,High
ORD149975,FCY,2,2025-11-05,18.0,High
ORD121808,EVW,8,2025-11-10,7.0,High
ORD153030,BES,4,2025-07-15,15.0,High
ORD171946,GWD,2,2025-12-16,24.0,High
ORD123197,VKI,1,2025-10-25,6.0,Medium
ORD106599,FCY,9,2026-02-01,18.0,High
ORD165920,FKQ,9,2025-12-27,13.0,High
ORD139549,OZB,1,2025-08-09,19.0,High
ORD131047,BDV,6,2025-09-10,14.0,Low
ORD122694,SPG,8,2025-06-13,25.0,Medium
ORD193486,EVW,4,2025-10-23,7.0,High
ORD108671,JUG,8,2025-09-27,17.0,High
ORD159310,LYE,9,2026-05-15,19.0,Low
ORD147713,VJG,1,2025-07-10,10.0,High
ORD116401,IFG,7,2026-03-04,23.0,High
ORD117665,SPC,5,2025-06-02,7.0,High
ORD137625,VJG,4,2026-02-22,10.0,High
ORD158257,WXE,4,2026-05-26,12.0,High
ORD119240,RNL,2,2025-12-26,19.0,High
ORD157779,NRP,2,2026-05-27,15.0,High
ORD131827,QMW,8,2026-01-11,25.0,High
ORD154865,RRI,1,2026-04-09,11.0,Medium
ORD150411,JZT,4,2025-09-10,17.0,High
ORD182824,MWM,3,2025-12-02,14.0,Medium
ORD178501,ZUW,3,2026-02-06,22.0,Medium
ORD142982,OQN,3,2026-01-14,18.0,High
ORD152324,SPC,9,2026-01-05,7.0,High
ORD114211,CSM,7,2025-09-12,14.0,Medium
ORD181999,JUC,3,2025-07-08,10.0,Medium
ORD185878,TAW,4,2025-06-24,17.0,Medium
ORD183887,CVO,4,2025-10-10,20.0,Low
ORD151433,GWD,4,2025-09-14,24.0,High
ORD176008,FLH,3,2025-08-29,10.0,High
ORD179165,BKE,1,2025-08-13,20.0,Medium
ORD100350,DXB,1,2026-02-06,8.0,High
ORD101154,VMG,3,2026-05-20,22.0,Medium
ORD137032,CXQ,1,2025-09-02,17.0,High
ORD182610,LPS,4,2025-10-11,25.0,High
ORD166385,NRP,6,2025-06-02,15.0,High
ORD151969,VKI,4,2026-03-23,6.0,Medium
ORD198814,JUG,4,2025-08-21,17.0,High
ORD195230,CXQ,6,2026-04-08,17.0,High
ORD166007,INT,4,2026-02-23,18.0,Low
ORD196391,GWD,10,2026-05-25,24.0,High
ORD184524,CBB,2,2026-03-09,20.0,High
ORD195384,DRD,2,2026-02-28,17.0,Low
ORD194042,CWA,2,2026-04-22,20.0,High
ORD180061,ZUW,1,2026-04-26,22.0,Medium
ORD107057,YYO,3,2025-11-14,13.0,High
ORD103047,NUD,4,2025-09-07,11.0,High
ORD155814,GIJ,3,2026-02-21,18.0,Low
ORD177388,JLQ,1,2026-02-01,23.0,High
ORD124818,WFV,9,2026-01-21,6.0,High
ORD108801,MDN,6,2025-06-24,14.0,High
ORD105050,ZSI,4,2025-10-31,18.0,Low
ORD162128,MDN,1,2025-10-05,14.0,High
ORD162226,ZQH,7,2025-09-22,9.0,High
ORD187419,IGP,10,2025-10-15,9.0,High
ORD104505,VJG,5,2026-01-24,10.0,High
ORD176027,HSD,3,2025-07-02,10.0,High
ORD148346,ADM,5,2026-02-18,20.0,High
ORD195134,VKI,1,2026-04-15,6.0,Medium
ORD125469,FKQ,3,2026-04-06,13.0,High
ORD116966,FNU,8,2026-03-10,8.0,Low
ORD124455,FFE,1,2025-09-18,5.0,Medium
ORD165547,DXB,9,2026-05-27,8.0,High
ORD134945,SNC,9,2025-07-11,12.0,High
ORD188519,VQB,6,2026-05-17,14.0,Low
ORD188940,XVX,9,2026-02-25,23.0,High
ORD122760,JLQ,3,2025-08-20,23.0,High
ORD195413,RCW,8,2026-05-10,23.0,High
ORD129158,OZB,4,2025-11-30,19.0,High
ORD108091,WEK,6,2025-09-30,14.0,Medium
ORD153507,SPG,2,2026-02-07,25.0,Medium
ORD172426,XVX,1,2026-03-05,23.0,High
ORD101294,RIJ,3,2025-11-14,12.0,Low
ORD140954,JZT,1,2026-02-20,17.0,High
ORD177880,RNL,2,2025-10-18,19.0,High
ORD119987,VJG,1,2026-03-15,10.0,High
ORD117801,YZD,2,2026-05-07,15.0,High
ORD105541,OJI,3,2026-01-15,12.0,Medium
ORD197775,OQN,1,2025-12-18,18.0,High
ORD185103,GZE,8,2025-06-25,15.0,Medium
ORD182727,RNL,6,2026-03-25,19.0,High
ORD112015,NFQ,5,2025-07-23,10.0,High
ORD176108,CSM,6,2025-07-30,14.0,Medium
ORD104268,QAG,3,2025-08-16,18.0,High
ORD132767,RBX,2,2025-09-18,21.0,High
ORD196601,ZQH,4,2025-07-27,9.0,High
ORD195977,IPE,4,2026-04-07,20.0,Medium
ORD196729,VGB,6,2025-12-20,6.0,Low
ORD181407,CEG,1,2025-06-17,15.0,High
ORD191367,QMW,9,2025-11-12,25.0,High
ORD183036,CWA,1,2026-01-06,20.0,High
ORD167038,LRX,10,2026-01-09,18.0,Low
ORD101399,JLQ,10,2026-05-22,23.0,High
ORD193521,GZE,9,2026-05-12,15.0,Medium
ORD166374,SNC,1,2025-11-28,12.0,High
ORD136383,CBB,2,2025-08-15,20.0,High
ORD181148,NUD,1,2026-01-17,11.0,High
ORD173622,ZUW,2,2025-08-06,22.0,Medium
ORD160976,WOW,4,2026-03-10,15.0,High
ORD137704,KCJ,1,2025-12-06,10.0,High
ORD159689,SNY,1,2025-11-05,15.0,Medium
ORD157797,GZE,3,2026-05-29,15.0,Medium
ORD138262,RCW,1,2026-01-30,23.0,High
ORD174190,GIJ,3,2025-10-10,18.0,Low
ORD130084,VJG,7,2025-08-29,10.0,High
ORD159828,DXB,8,2025-09-28,8.0,High
ORD156411,YYO,9,2026-04-07,13.0,High
ORD159936,BES,8,2026-05-12,15.0,High
ORD162275,FCY,7,2025-11-03,18.0,High
ORD162565,WOW,1,2025-06-08,15.0,High
ORD151941,IGP,1,2026-01-26,9.0,High
ORD116690,QIE,2,2025-08-08,7.0,Low
ORD115855,CXQ,10,2025-08-07,17.0,High
ORD105414,LMQ,4,2025-12-17,20.0,High
ORD152822,YYO,2,2026-03-22,13.0,High
ORD131335,MGY,7,2025-06-06,9.0,Low
ORD191995,OYF,3,2025-07-13,6.0,High
ORD129314,ZQH,1,2026-05-18,9.0,High
ORD100892,KCJ,1,2025-08-18,10.0,High
ORD143086,XVX,4,2025-11-05,23.0,High
ORD131700,KYB,1,2026-04-12,18.0,Medium
ORD193854,FCY,4,2025-09-14,18.0,High
ORD161662,OQN,6,2025-07-04,18.0,High
ORD134413,HFC,2,2026-01-31,13.0,Medium
ORD158173,ZGM,9,2025-08-23,17.0,High
ORD191909,BKE,6,2026-05-19,20.0,Medium
ORD109972,EOS,9,2026-05-06,25.0,Low
ORD132734,GIJ,4,2025-12-21,18.0,Low
ORD121384,NFQ,2,2025-12-01,10.0,High
ORD151499,IGP,4,2025-06-16,9.0,High
ORD180184,RCW,4,2026-02-26,23.0,High
ORD183103,OZB,4,2026-05-23,19.0,High
ORD166697,XVX,7,2025-08-03,23.0,High
ORD125512,RNZ,4,2025-09-18,10.0,Medium
ORD149475,NUD,4,2025-06-15,11.0,High
ORD192450,SPG,4,2026-01-26,25.0,Medium
ORD123765,CBB,8,2025-07-28,20.0,High
ORD142736,RYE,5,2025-09-12,16.0,High
ORD178500,KYB,10,2025-06-02,18.0,Medium
ORD192349,CQO,7,2025-09-20,5.0,High
ORD147677,LYE,4,2026-01-07,19.0,Low
ORD111748,WFV,4,2026-03-19,6.0,High
ORD126815,RCW,3,2025-07-09,23.0,High
ORD175930,NRZ,3,2025-10-14,18.0,High
ORD135817,GYW,9,2026-05-23,24.0,Low
ORD189564,CEG,8,2025-12-21,15.0,High
ORD171094,WFV,1,2025-07-02,6.0,High
ORD130804,JVR,3,2025-07-13,17.0,Medium
ORD140584,MBW,9,2026-03-02,9.0,Medium
ORD180187,LMQ,9,2025-10-19,20.0,High
ORD106291,PSJ,4,2025-12-29,7.0,High
ORD135512,YOK,3,2026-02-01,14.0,Medium
ORD113651,SPG,3,2026-03-30,25.0,Medium
ORD168772,CBB,4,2026-05-24,20.0,High
ORD177123,CBB,3,2025-11-30,20.0,High
ORD155906,ZQH,1,2026-05-04,9.0,High
ORD180296,CBB,4,2026-05-19,20.0,High
ORD132727,QIE,1,2026-04-23,7.0,Low
ORD165228,NRP,1,2026-03-08,15.0,High
ORD130337,JUG,5,2025-07-13,17.0,High
ORD160833,LNZ,1,2025-11-26,12.0,Medium
ORD121747,INT,4,2025-12-06,18.0,Low
ORD102624,NNV,4,2025-07-14,12.0,Low
ORD199286,WRS,7,2025-09-21,18.0,High
ORD128816,FCF,8,2026-05-26,5.0,Low
ORD124023,CZS,3,2025-06-26,6.0,Medium
ORD171443,ILE,3,2026-01-30,14.0,Medium
ORD122235,IFG,9,2025-06-01,23.0,High
ORD106075,IFG,4,2025-12-31,23.0,High
ORD102678,IGP,4,2026-03-05,9.0,High
ORD110999,KCJ,7,2025-07-22,10.0,High
ORD190225,NTQ,3,2026-01-01,10.0,Low
ORD182081,YYO,2,2026-05-22,13.0,High
ORD141489,XVX,3,2025-08-28,23.0,High
ORD198322,MZV,5,2026-02-08,8.0,Medium
ORD157552,IGP,6,2026-03-25,9.0,High
ORD177107,WXE,4,2026-01-12,12.0,High
ORD156035,OQN,1,2025-07-22,18.0,High
ORD194363,MBW,8,2026-02-19,9.0,Medium
ORD157002,XIM,4,2025-07-26,12.0,Medium
ORD184326,CAT,3,2026-02-18,12.0,Low
ORD141661,CQO,4,2025-06-25,5.0,High
ORD114987,DXB,8,2025-11-09,8.0,High
ORD168075,WFV,4,2025-07-17,6.0,High
ORD183247,FFE,3,2025-11-15,5.0,Medium
ORD152161,RNL,3,2025-08-29,19.0,High
ORD124860,SCN,5,2026-01-01,20.0,High
ORD136231,GYW,4,2026-01-22,24.0,Low
ORD148155,BES,3,2026-02-18,15.0,High
ORD131796,ZQH,3,2026-01-24,9.0,High
ORD156238,EVW,6,2026-04-05,7.0,High
ORD196289,IFG,9,2026-03-31,23.0,High
ORD171812,MBW,7,2026-01-25,9.0,Medium
ORD108359,JUC,1,2026-01-06,10.0,Medium
ORD122770,NRZ,5,2025-11-07,18.0,High
ORD167447,IGP,1,2026-02-27,9.0,High
ORD128590,WOW,2,2026-05-30,15.0,High
ORD130654,CXQ,2,2025-08-29,17.0,High
ORD112944,RNL,1,2025-07-23,19.0,High
ORD196311,NRZ,2,2026-05-13,18.0,High
ORD121958,CGW,9,2025-07-07,11.0,Medium
ORD198948,CGW,5,2026-05-25,11.0,Medium
ORD170845,XIM,4,2026-01-17,12.0,Medium
ORD189433,ROB,1,2026-01-18,15.0,Low
ORD109640,KCJ,4,2026-05-08,10.0,High
ORD153843,BES,4,2025-10-30,15.0,High
ORD152435,EVW,2,2025-07-07,7.0,High
ORD199450,NRP,1,2026-02-16,15.0,High
ORD164776,DXB,3,2025-08-12,8.0,High
ORD109560,XIM,6,2026-01-11,12.0,Medium
ORD100573,CQO,1,2025-10-14,5.0,High
ORD112642,FKQ,3,2025-08-11,13.0,High
ORD136294,CWA,2,2026-04-03,20.0,High
ORD125278,YYO,4,2025-09-05,13.0,High
ORD158755,OQN,3,2025-06-15,18.0,High
ORD163549,MGY,6,2025-09-05,9.0,Low
ORD136544,JPK,9,2025-07-01,19.0,Medium
ORD155755,FKQ,2,2026-02-14,13.0,High
ORD161620,OYF,1,2025-10-29,6.0,High
ORD162788,MDN,2,2025-06-23,14.0,High
ORD108598,QAG,1,2025-10-08,18.0,High
ORD175680,PBM,4,2026-03-16,19.0,Medium
ORD110376,FNU,2,2025-12-15,8.0,Low
ORD167896,QIE,2,2025-08-11,7.0,Low
ORD117295,SPC,1,2026-03-22,7.0,High
ORD197156,CQO,5,2026-02-20,5.0,High
ORD127451,YYO,2,2025-12-08,13.0,High
ORD181447,UAX,8,2026-01-17,16.0,Medium
ORD174181,NRP,3,2025-10-07,15.0,High
ORD152230,CBB,10,2025-06-20,20.0,High
ORD124278,KRU,1,2025-10-25,16.0,Low
ORD190894,QAG,2,2025-07-08,18.0,High
ORD141854,LQT,4,2026-03-15,20.0,Medium
ORD119286,OQN,1,2026-02-09,18.0,High
ORD106443,CZS,2,2025-07-25,6.0,Medium
ORD152298,GWD,1,2025-08-04,24.0,High
ORD101304,XJB,3,2025-06-24,8.0,Low
ORD147951,SPC,9,2025-11-25,7.0,High
ORD170744,YZD,3,2026-06-01,15.0,High
ORD141457,SPV,2,2026-02-18,6.0,High
ORD178238,VJG,1,2025-09-06,10.0,High
ORD157791,CVO,10,2026-02-18,20.0,Low
ORD144590,WOW,4,2025-09-02,15.0,High
ORD128073,LER,3,2026-03-02,20.0,High
ORD175881,CQO,4,2025-11-05,5.0,High
ORD123277,FKQ,4,2026-03-10,13.0,High
ORD139680,GWD,5,2025-08-03,24.0,High
ORD159514,HFC,2,2026-02-21,13.0,Medium
ORD115492,NRP,2,2026-03-15,15.0,High
ORD177973,FKQ,1,2025-06-28,13.0,High
ORD124122,LPS,4,2026-01-23,25.0,High
ORD101553,SPC,8,2026-04-25,7.0,High
ORD126932,XRZ,7,2026-04-15,23.0,Medium
ORD124804,MYU,3,2026-04-14,11.0,Low
ORD165982,HSD,5,2026-03-29,10.0,High
ORD147527,QMW,5,2025-06-04,25.0,High
ORD179122,NRP,6,2026-02-14,15.0,High
ORD178520,CBB,9,2025-12-19,20.0,High
ORD199581,SNC,4,2025-09-27,12.0,High
ORD117047,NFQ,1,2025-09-01,10.0,High
ORD118897,IGP,8,2025-07-28,9.0,High
ORD137347,FFE,3,2025-11-25,5.0,Medium
ORD169180,SPV,6,2026-01-02,6.0,High
ORD154611,UAX,1,2026-04-12,16.0,Medium
ORD116100,NGF,4,2026-02-15,19.0,Low
ORD140289,CWA,2,2025-11-03,20.0,High
ORD121175,EVW,2,2025-11-01,7.0,High
ORD105297,JPK,1,2026-05-24,19.0,Medium
ORD120535,HSD,9,2025-10-28,10.0,High
ORD192031,QMW,8,2025-06-23,25.0,High
ORD171367,FNU,2,2026-01-19,8.0,Low
ORD124259,CQK,2,2025-06-04,7.0,Medium
ORD119719,EGB,10,2025-09-24,13.0,Low
ORD167503,RYE,2,2025-09-02,16.0,High
ORD106903,CQO,4,2025-07-10,5.0,High
ORD114676,OYF,1,2026-03-04,6.0,High
ORD146602,NRZ,3,2026-01-17,18.0,High
ORD191961,YYO,1,2025-08-16,13.0,High
ORD126156,HSD,3,2025-11-22,10.0,High
ORD197704,EVW,1,2026-05-23,7.0,High
ORD103499,WRS,4,2025-09-17,18.0,High
ORD167405,OQN,1,2026-02-17,18.0,High
ORD172821,OJI,6,2026-01-02,12.0,Medium
ORD170615,CXQ,3,2026-01-02,17.0,High
ORD161545,RCW,6,2025-12-26,23.0,High
ORD161355,ZQH,9,2025-06-22,9.0,High
ORD146970,WFV,2,2026-02-04,6.0,High
ORD186920,GWD,6,2025-12-24,24.0,High
ORD134277,MZV,4,2026-02-01,8.0,Medium
ORD108692,JUG,10,2026-04-03,17.0,High
ORD180513,YYO,6,2025-09-27,13.0,High
ORD146756,JUG,3,2026-03-22,17.0,High
ORD109882,DIY,5,2026-03-04,12.0,Low
ORD180021,NFQ,3,2025-06-10,10.0,High
ORD134924,OYF,3,2026-01-20,6.0,High
ORD194022,SPV,3,2025-09-13,6.0,High
ORD160804,OYF,3,2026-03-02,6.0,High
ORD117260,UPP,1,2025-07-29,10.0,Medium
ORD184587,ZGM,1,2026-05-10,17.0,High
ORD181496,IGP,3,2026-01-05,9.0,High
ORD158037,LMQ,4,2025-12-13,20.0,High
ORD113626,BES,1,2025-12-10,15.0,High
ORD142214,ILE,2,2026-05-30,14.0,Medium
ORD186620,DXB,3,2025-12-06,8.0,High
ORD187520,ILE,2,2026-02-08,14.0,Medium
ORD198220,CVO,2,2025-07-18,20.0,Low
ORD164443,XRZ,8,2026-03-03,23.0,Medium
ORD176290,FFE,6,2026-02-03,5.0,Medium
ORD120586,OZB,1,2025-12-16,19.0,High
ORD190940,ZQH,9,2025-11-27,9.0,High
ORD125906,ARU,3,2026-02-23,21.0,Medium
ORD114438,BES,1,2026-01-27,15.0,High
ORD196362,EVW,7,2026-01-03,7.0,High
ORD194023,UAX,9,2025-07-23,16.0,Medium
ORD183843,DXB,2,2026-04-05,8.0,High
ORD132348,IPE,3,2026-02-08,20.0,Medium
ORD129881,VJG,4,2025-12-01,10.0,High
ORD184226,RNZ,1,2025-10-01,10.0,Medium
ORD120797,SCN,4,2026-05-22,20.0,High
ORD137837,ZDV,10,2026-04-26,25.0,Medium
ORD129268,LRX,4,2025-12-29,18.0,Low
ORD101679,NFQ,4,2025-06-11,10.0,High
ORD118187,RNL,2,2025-11-02,19.0,High
ORD196647,OYF,4,2026-01-20,6.0,High
ORD166775,KCJ,2,2025-09-29,10.0,High
ORD199163,RYE,1,2025-06-20,16.0,High
ORD194032,MWM,1,2026-01-16,14.0,Medium
ORD183677,UAX,2,2025-06-28,16.0,Medium
ORD151734,CBB,10,2025-12-08,20.0,High
ORD157680,JUG,3,2025-10-06,17.0,High
ORD123986,RBX,6,2026-01-19,21.0,High
ORD107932,JUC,4,2026-02-12,10.0,Medium
ORD112549,ZQH,3,2025-11-29,9.0,High
ORD176061,HSD,1,2026-02-13,10.0,High
ORD191865,MWM,2,2025-07-02,14.0,Medium
ORD194076,GRT,2,2025-08-09,8.0,Medium
ORD149982,NFQ,8,2025-06-01,10.0,High
ORD165679,XJB,3,2026-02-27,8.0,Low
ORD103168,CBB,3,2026-02-06,20.0,High
ORD173129,JZT,1,2025-08-01,17.0,High
ORD121758,IPE,8,2025-11-20,20.0,Medium
ORD193507,MWM,7,2025-12-26,14.0,Medium
ORD157950,WAN,4,2026-02-10,25.0,Medium
ORD191510,ZQH,3,2025-06-30,9.0,High
ORD175192,XMO,4,2026-04-16,24.0,Medium
ORD112592,PSJ,4,2025-06-07,7.0,High
ORD106964,CBB,1,2025-08-23,20.0,High
ORD162664,CBB,2,2025-08-10,20.0,High
ORD135517,SPV,9,2025-12-01,6.0,High
ORD112375,YYO,4,2026-02-27,13.0,High
ORD116675,XIM,2,2025-06-11,12.0,Medium
ORD115606,MDN,1,2026-05-30,14.0,High
ORD112313,OZB,9,2026-01-16,19.0,High
ORD106914,YYO,7,2026-03-31,13.0,High
ORD112687,QAG,5,2025-09-15,18.0,High
ORD162509,ZGM,3,2025-12-22,17.0,High
ORD180099,MBW,7,2026-05-15,9.0,Medium
ORD154815,DXB,2,2025-11-17,8.0,High
ORD178748,MWM,9,2026-02-04,14.0,Medium
ORD128242,RYE,1,2025-12-12,16.0,High
ORD126824,CGW,1,2026-05-28,11.0,Medium
ORD145533,PBM,1,2025-10-04,19.0,Medium
ORD185398,CWA,2,2026-02-24,20.0,High
ORD148303,JVR,7,2025-07-22,17.0,Medium
ORD190046,MDN,1,2025-08-25,14.0,High
ORD131235,OIT,10,2025-06-26,20.0,Medium
ORD115047,FCY,1,2025-12-12,18.0,High
ORD178462,HFC,5,2026-01-31,13.0,Medium
ORD113075,CWA,4,2026-04-11,20.0,High
ORD101105,NFQ,7,2025-06-19,10.0,High
ORD192106,SPC,2,2026-04-29,7.0,High
ORD187326,MDN,4,2026-05-21,14.0,High
ORD181351,LMQ,4,2025-11-20,20.0,High
ORD126711,GRT,4,2025-11-27,8.0,Medium
ORD151568,CBB,6,2026-04-20,20.0,High
ORD197631,NFQ,4,2026-04-18,10.0,High
ORD143013,IPE,4,2026-04-28,20.0,Medium
ORD140659,SPV,9,2026-05-31,6.0,High
ORD168935,WAN,10,2026-05-15,25.0,Medium
ORD168551,IGP,8,2025-09-19,9.0,High
ORD101899,LNZ,4,2025-07-06,12.0,Medium
ORD117438,NUD,4,2025-07-15,11.0,High
ORD172124,OZB,10,2026-04-01,19.0,High
ORD190416,PSJ,4,2026-05-20,7.0,High
ORD189744,CXQ,3,2026-03-26,17.0,High
ORD150166,JZT,8,2025-10-08,17.0,High
ORD166001,OQN,1,2025-06-13,18.0,High
ORD141451,ZQH,4,2025-06-18,9.0,High
ORD106355,RCW,1,2025-07-06,23.0,High
ORD129106,YZD,3,2026-05-28,15.0,High
ORD110477,LMQ,2,2025-10-13,20.0,High
ORD159023,BES,2,2026-05-16,15.0,High
ORD187786,LMQ,1,2025-08-11,20.0,High
ORD116772,SPV,1,2026-04-09,6.0,High
ORD149714,LER,1,2025-11-15,20.0,High
ORD143610,LNZ,1,2026-02-28,12.0,Medium
ORD166622,FKQ,7,2025-10-06,13.0,High
ORD166136,VGB,3,2025-09-09,6.0,Low
ORD174328,OQN,7,2025-11-21,18.0,High
ORD180157,WXE,4,2026-03-03,12.0,High
ORD121122,ESQ,2,2025-11-30,13.0,Low
ORD158656,VQB,1,2025-06-24,14.0,Low
ORD104330,VKI,2,2025-07-24,6.0,Medium
ORD175709,SCN,8,2026-03-26,20.0,High
ORD100621,CZS,8,2025-12-31,6.0,Medium
ORD122815,ZUW,5,2025-12-07,22.0,Medium
ORD109429,CVO,1,2026-05-09,20.0,Low
ORD191947,SPC,6,2025-12-11,7.0,High
ORD132477,FKQ,2,2026-05-05,13.0,High
ORD168338,ZQH,5,2025-09-16,9.0,High
ORD160183,JUC,3,2025-10-29,10.0,Medium
ORD112303,GWD,4,2025-06-08,24.0,High
ORD130088,WOW,2,2026-03-14,15.0,High
ORD120702,LRX,5,2026-04-12,18.0,Low
ORD186657,BKE,9,2025-07-18,20.0,Medium
ORD164148,TRB,8,2025-10-04,12.0,Medium
ORD183171,YZD,10,2025-12-31,15.0,High
ORD156369,PSJ,8,2025-06-01,7.0,High
ORD150795,RBX,3,2025-06-08,21.0,High
ORD185694,MDN,1,2025-07-24,14.0,High
ORD130043,CVO,5,2025-08-01,20.0,Low
ORD142398,ZUW,2,2026-01-06,22.0,Medium
ORD180415,XVX,2,2025-12-07,23.0,High
ORD144835,BES,1,2026-03-24,15.0,High
ORD162802,RCW,3,2026-03-05,23.0,High
ORD168170,UAX,9,2025-10-18,16.0,Medium
ORD180139,LQT,5,2026-05-11,20.0,Medium
ORD166436,QJK,3,2025-10-09,23.0,Low
ORD179691,QMW,8,2025-11-09,25.0,High
ORD180769,FLH,4,2025-12-09,10.0,High
ORD191848,WFV,4,2025-10-07,6.0,High
ORD115558,RCW,3,2026-05-06,23.0,High
ORD157393,IFG,3,2025-10-28,23.0,High
ORD125211,RYE,2,2025-09-04,16.0,High
ORD184690,SPV,8,2025-12-05,6.0,High
ORD146190,LER,1,2026-01-05,20.0,High
ORD184244,FKQ,4,2025-06-03,13.0,High
ORD110524,WRS,3,2025-06-01,18.0,High
ORD141516,SPC,1,2026-01-15,7.0,High
ORD138700,WOW,4,2025-06-04,15.0,High
ORD178868,WRS,10,2026-04-14,18.0,High
ORD107086,RBX,7,2025-09-25,21.0,High
ORD141491,MDN,10,2026-03-05,14.0,High
ORD199099,QAG,3,2025-08-02,18.0,High
ORD173899,QIE,1,2025-10-31,7.0,Low
ORD116975,OQN,3,2025-10-05,18.0,High
ORD192517,CXQ,4,2026-03-15,17.0,High
ORD159415,KYB,6,2025-11-23,18.0,Medium
ORD153771,JUG,1,2026-01-02,17.0,High
ORD171730,WRS,4,2026-03-31,18.0,High
ORD178905,RYE,5,2025-07-30,16.0,High
ORD141149,ZUW,1,2026-02-18,22.0,Medium
ORD147694,WRS,3,2026-04-20,18.0,High
ORD103976,KCJ,9,2026-02-28,10.0,High
ORD172289,MZV,1,2026-04-06,8.0,Medium
ORD183909,IWO,1,2026-03-05,17.0,Low
ORD107230,UYZ,1,2026-04-11,22.0,Low
ORD198109,YBM,4,2026-04-15,5.0,Low
ORD144482,HSD,2,2025-08-30,10.0,High
ORD102690,CBB,2,2026-05-29,20.0,High
ORD112233,LAU,4,2025-06-19,5.0,High
ORD187533,RNL,6,2026-01-11,19.0,High
ORD100332,QAG,4,2026-02-13,18.0,High
ORD110144,LER,2,2026-04-17,20.0,High
ORD116539,THQ,9,2026-02-25,5.0,Low
ORD174765,LER,2,2026-04-28,20.0,High
ORD109829,RBX,6,2026-01-05,21.0,High
ORD134085,OQN,3,2026-01-28,18.0,High
ORD157220,RBX,6,2025-06-01,21.0,High
ORD159093,RCW,4,2025-08-27,23.0,High
ORD111123,OZB,3,2025-11-27,19.0,High
ORD126276,LAU,7,2026-04-13,5.0,High
ORD174895,LPS,4,2025-09-23,25.0,High
ORD139463,WRS,3,2025-07-11,18.0,High
ORD104378,NRP,6,2026-02-18,15.0,High
ORD138868,NUD,3,2026-04-04,11.0,High
ORD156532,JPK,4,2026-02-05,19.0,Medium
ORD125191,SPG,9,2025-06-17,25.0,Medium
ORD175546,IGP,4,2025-06-16,9.0,High
ORD131494,SPC,3,2025-11-28,7.0,High
ORD100515,MGM,10,2025-06-30,12.0,Low
ORD114214,MDN,3,2025-11-06,14.0,High
ORD124222,OQN,3,2025-12-21,18.0,High
ORD125850,JLQ,8,2026-04-07,23.0,High
ORD127752,DXB,1,2026-03-16,8.0,High
ORD178341,INT,3,2025-09-27,18.0,Low
ORD176663,NFQ,3,2025-11-05,10.0,High
ORD174281,GXL,2,2025-08-19,11.0,Medium
ORD161369,SCN,3,2025-10-10,20.0,High
ORD132049,BDV,2,2025-07-14,14.0,Low
ORD120295,PBM,2,2025-10-21,19.0,Medium
ORD159663,SPC,2,2026-04-30,7.0,High
ORD181413,GWD,2,2026-03-30,24.0,High
ORD180002,IGP,4,2025-07-17,9.0,High
ORD124312,IGP,5,2025-06-13,9.0,High
ORD145538,UPP,6,2026-05-09,10.0,Medium
ORD199405,CVO,1,2026-05-13,20.0,Low
ORD125395,BES,4,2025-10-16,15.0,High
ORD181544,OYF,7,2025-06-18,6.0,High
ORD198488,NRZ,9,2025-11-27,18.0,High
ORD153864,MGM,2,2026-05-21,12.0,Low
ORD120581,NRP,9,2025-09-04,15.0,High
ORD154745,HFC,1,2025-11-04,13.0,Medium
ORD145147,NRZ,9,2025-10-26,18.0,High
ORD115631,VJG,1,2025-08-22,10.0,High
ORD154420,WRS,2,2025-09-04,18.0,High
ORD130292,YZD,4,2026-03-19,15.0,High
ORD179677,CQO,3,2025-09-07,5.0,High
ORD140120,MBW,2,2025-11-28,9.0,Medium
ORD100746,ZGM,4,2025-06-23,17.0,High
ORD178006,ZQH,1,2026-01-09,9.0,High
ORD177470,WOW,6,2025-06-18,15.0,High
ORD134141,KCJ,2,2025-07-29,10.0,High
ORD161961,QMW,8,2026-02-28,25.0,High
ORD174615,IFG,9,2025-08-31,23.0,High
ORD190146,LNZ,5,2026-01-29,12.0,Medium
ORD157199,GWD,7,2025-11-29,24.0,High
ORD118066,NRP,3,2025-07-01,15.0,High
ORD144763,FCY,1,2025-06-25,18.0,High
ORD155561,QAG,1,2025-06-02,18.0,High
ORD116129,VJG,7,2025-09-20,10.0,High
ORD137019,JVR,3,2025-11-26,17.0,Medium
ORD102958,JUC,1,2025-09-03,10.0,Medium
ORD144476,LNZ,2,2025-08-05,12.0,Medium
ORD175686,CWA,1,2025-11-09,20.0,High
ORD150671,SMS,6,2026-02-09,23.0,Medium
ORD142434,MGM,10,2026-05-14,12.0,Low
ORD168546,FLH,2,2025-12-12,10.0,High
ORD142786,SPC,4,2026-02-17,7.0,High
ORD133586,IGP,3,2025-09-10,9.0,High
ORD157353,IGP,4,2025-08-30,9.0,High
ORD169045,QAG,7,2025-09-04,18.0,High
ORD143634,OQN,3,2025-12-11,18.0,High
ORD150282,CBB,1,2025-09-18,20.0,High
ORD155456,LER,2,2025-12-15,20.0,High
ORD108348,WFV,9,2025-08-18,6.0,High
ORD162243,PKF,3,2026-05-21,16.0,Medium
ORD166039,CBB,5,2025-07-09,20.0,High
ORD187256,ILE,4,2025-07-12,14.0,Medium
ORD140757,MGM,1,2025-08-27,12.0,Low
ORD178455,ZQH,9,2026-03-05,9.0,High
ORD171319,ILE,4,2025-12-27,14.0,Medium
ORD113304,VMG,6,2026-03-14,22.0,Medium
ORD118577,SPG,2,2025-10-11,25.0,Medium
ORD188827,CQO,4,2026-01-09,5.0,High
ORD171149,ESQ,1,2025-08-08,13.0,Low
ORD152536,FLH,2,2025-08-06,10.0,High
ORD156157,SPG,3,2025-08-15,25.0,Medium
ORD141839,OBP,1,2026-01-23,5.0,Low
ORD170059,SPV,2,2025-11-09,6.0,High
ORD178511,RBX,1,2025-10-12,21.0,High
ORD121079,GRT,2,2026-05-16,8.0,Medium
ORD189282,JLQ,1,2026-04-23,23.0,High
ORD162587,WRS,4,2025-11-27,18.0,High
ORD163023,CAT,4,2026-03-21,12.0,Low
ORD101556,OIT,9,2026-04-11,20.0,Medium
ORD119403,PKF,1,2025-07-22,16.0,Medium
ORD109677,ILE,1,2026-02-16,14.0,Medium
ORD135233,ILE,3,2026-02-04,14.0,Medium
ORD198670,NFQ,7,2026-03-08,10.0,High
ORD199804,SCN,8,2026-06-01,20.0,High
ORD110677,YZD,4,2026-05-01,15.0,High
ORD127308,PSJ,1,2025-12-22,7.0,High
ORD187160,FLH,3,2026-03-01,10.0,High
ORD142761,FLH,4,2026-05-15,10.0,High
ORD199960,RNZ,7,2025-12-11,10.0,Medium
ORD108082,LAU,10,2026-01-16,5.0,High
ORD140440,LMQ,5,2026-03-12,20.0,High
ORD180117,OQN,4,2025-11-04,18.0,High
ORD115852,JZT,5,2026-01-18,17.0,High
ORD134028,RCW,4,2025-11-20,23.0,High
ORD162484,TRB,4,2026-03-13,12.0,Medium
ORD191639,QEU,1,2025-11-18,23.0,Medium
ORD126665,SNC,9,2025-08-21,12.0,High
ORD197105,SNC,3,2026-02-14,12.0,High
ORD178448,ADM,2,2025-10-01,20.0,High
ORD183287,JVR,4,2025-12-29,17.0,Medium
ORD164823,RBX,1,2025-11-25,21.0,High
ORD162102,XVX,9,2025-12-22,23.0,High
ORD155937,ADM,9,2025-08-19,20.0,High
ORD135691,ZGM,2,2025-08-25,17.0,High
ORD156804,LFP,7,2025-11-22,15.0,Low
ORD113246,XIM,3,2025-08-17,12.0,Medium
ORD188497,SPC,2,2026-01-11,7.0,High
ORD196309,PBM,4,2025-12-31,19.0,Medium
ORD112319,LER,2,2026-05-31,20.0,High
ORD133098,TAW,6,2026-03-29,17.0,Medium
ORD100823,ZGM,1,2026-03-21,17.0,High
ORD169980,SNY,2,2025-07-09,15.0,Medium
ORD130239,NRZ,10,2025-06-15,18.0,High
ORD199732,CWA,4,2025-08-21,20.0,High
ORD113870,CQO,3,2026-05-09,5.0,High
ORD103924,LER,1,2025-10-28,20.0,High
ORD171717,RYE,1,2026-01-15,16.0,High
ORD142414,RNL,2,2026-01-24,19.0,High
ORD101514,QMW,2,2026-03-21,25.0,High
ORD171875,DXB,8,2025-06-16,8.0,High
ORD131075,ZQH,5,2026-05-02,9.0,High
ORD144161,YOK,4,2025-07-05,14.0,Medium
ORD168734,WRS,4,2025-12-05,18.0,High
ORD172410,CEG,9,2026-05-08,15.0,High
ORD110382,SPV,4,2025-07-07,6.0,High
ORD113663,ZSI,8,2026-05-25,18.0,Low
ORD122256,BES,2,2026-02-09,15.0,High
ORD151977,MBW,7,2026-02-03,9.0,Medium
ORD167116,NUD,1,2025-10-13,11.0,High
ORD159086,FLH,4,2026-02-13,10.0,High
ORD191859,MDN,7,2026-04-17,14.0,High
ORD158588,FFE,1,2025-06-20,5.0,Medium
ORD193466,QAG,2,2025-10-05,18.0,High
ORD108323,LER,8,2025-07-10,20.0,High
ORD161612,TRB,3,2025-06-14,12.0,Medium
ORD143261,JZT,4,2025-10-13,17.0,High
ORD173287,HSD,4,2025-08-23,10.0,High
ORD143598,CXQ,3,2025-07-05,17.0,High
ORD197530,OYF,3,2025-08-15,6.0,High
ORD122395,IFG,3,2026-03-13,23.0,High
ORD133485,RNZ,1,2026-01-20,10.0,Medium
ORD192717,JLQ,3,2025-12-10,23.0,High
ORD124623,TAW,5,2025-12-31,17.0,Medium
ORD179554,NRZ,8,2026-05-20,18.0,High
ORD164932,WRS,3,2025-06-17,18.0,High
ORD125018,RNZ,2,2026-02-11,10.0,Medium
ORD197899,SPV,1,2025-06-16,6.0,High
ORD166571,CXQ,10,2026-01-13,17.0,High
ORD165766,OVY,1,2026-04-26,8.0,Medium
ORD118686,YYO,7,2025-12-19,13.0,High
ORD171242,OQN,5,2025-12-15,18.0,High
ORD148057,CXQ,8,2025-11-07,17.0,High
ORD170876,WXE,7,2025-10-21,12.0,High
ORD121608,LMQ,1,2025-10-09,20.0,High
ORD198043,MZV,3,2025-10-20,8.0,Medium
ORD153848,RNL,3,2026-04-11,19.0,High
ORD115347,ZQH,1,2025-09-04,9.0,High
ORD196161,WXE,8,2025-08-02,12.0,High
ORD190190,QAG,4,2025-08-04,18.0,High
ORD119069,RCW,4,2025-08-26,23.0,High
ORD104690,BDV,9,2026-04-06,14.0,Low
ORD103571,GZE,2,2026-04-26,15.0,Medium
ORD191309,BES,4,2026-04-27,15.0,High
ORD107142,SPV,4,2025-09-10,6.0,High
ORD168252,LMQ,9,2025-06-09,20.0,High
ORD165768,SPG,1,2026-04-10,25.0,Medium
ORD130020,BES,4,2025-08-18,15.0,High
ORD174453,JZT,2,2025-07-13,17.0,High
ORD161499,GXL,4,2026-03-15,11.0,Medium
ORD130334,IWO,3,2025-11-26,17.0,Low
ORD165949,LYE,7,2025-09-10,19.0,Low
ORD159008,JZT,2,2026-05-09,17.0,High
ORD192697,ARU,2,2026-04-16,21.0,Medium
ORD151797,CEG,3,2025-12-06,15.0,High
ORD117282,GWD,1,2025-11-20,24.0,High
ORD102297,ZQH,10,2025-07-31,9.0,High
ORD194536,ZQH,9,2025-11-14,9.0,High
ORD166043,ESQ,4,2025-12-02,13.0,Low
ORD108810,CQO,3,2025-06-22,5.0,High
ORD107298,BDV,3,2025-11-30,14.0,Low
ORD125643,RCW,2,2026-02-14,23.0,High
ORD183164,PSJ,7,2025-10-09,7.0,High
ORD170570,FFE,3,2026-01-28,5.0,Medium
ORD183589,VKI,2,2025-07-28,6.0,Medium
ORD148963,LER,1,2025-10-24,20.0,High
ORD122736,SPC,8,2026-04-20,7.0,High
ORD137738,PSJ,3,2025-06-03,7.0,High
ORD115150,YBM,4,2026-03-05,5.0,Low
ORD199477,BES,9,2026-02-07,15.0,High
ORD117973,BES,3,2026-02-26,15.0,High
ORD139802,MBW,1,2026-05-17,9.0,Medium
ORD110741,OQN,1,2025-07-21,18.0,High
ORD100428,RYE,4,2026-02-27,16.0,High
ORD169676,XJB,7,2026-01-30,8.0,Low
ORD106760,BES,3,2026-02-01,15.0,High
ORD198355,FLH,3,2026-03-21,10.0,High
ORD153530,SNY,2,2025-07-30,15.0,Medium
ORD199597,KCJ,1,2026-02-14,10.0,High
ORD160052,FLH,8,2025-08-14,10.0,High
ORD106002,XJB,1,2025-08-13,8.0,Low
ORD148096,FKQ,3,2025-07-27,13.0,High
ORD103310,FLH,2,2026-03-22,10.0,High
ORD153849,SNC,1,2025-12-12,12.0,High
ORD146961,CWE,4,2025-08-22,24.0,Low
ORD199839,CXQ,6,2025-09-17,17.0,High
ORD112591,LMQ,8,2026-02-21,20.0,High
ORD156479,VJG,1,2026-01-17,10.0,High
ORD158982,BKE,2,2025-06-17,20.0,Medium
ORD144516,EVW,8,2025-11-16,7.0,High
ORD185950,JLQ,3,2025-12-21,23.0,High
ORD188103,YZD,5,2026-02-01,15.0,High
ORD154195,HFC,5,2025-07-19,13.0,Medium
ORD156241,OJI,1,2025-11-12,12.0,Medium
ORD135605,CQO,4,2026-05-22,5.0,High
ORD100647,HFC,3,2025-06-26,13.0,Medium
ORD154820,RNL,8,2025-08-01,19.0,High
ORD189100,LAU,2,2026-05-20,5.0,High
ORD169927,QAG,8,2026-04-01,18.0,High
ORD195436,IGP,4,2026-01-29,9.0,High
ORD108178,OZB,4,2026-02-11,19.0,High
ORD183543,CEG,9,2026-01-26,15.0,High
ORD160851,ZQH,3,2026-05-10,9.0,High
ORD162744,ZGM,10,2025-07-11,17.0,High
ORD119362,NFQ,1,2025-12-09,10.0,High
ORD117330,CWA,1,2026-01-01,20.0,High
ORD115044,XVX,2,2025-10-04,23.0,High
ORD173017,LMQ,4,2025-08-23,20.0,High
ORD170996,QAG,4,2025-06-11,18.0,High
ORD154432,CZS,4,2025-10-18,6.0,Medium
ORD186369,EGB,4,2026-02-08,13.0,Low
ORD150100,SCN,10,2025-08-23,20.0,High
ORD166107,BES,2,2025-10-15,15.0,High
ORD171431,RRI,1,2025-12-11,11.0,Medium
ORD125364,XVX,2,2025-07-15,23.0,High
ORD180120,LAU,4,2025-11-30,5.0,High
ORD171656,QAG,3,2025-10-12,18.0,High
ORD189664,YYO,4,2025-10-07,13.0,High
ORD198819,HSD,9,2025-08-30,10.0,High
ORD111450,JVR,7,2025-11-03,17.0,Medium
ORD169459,LER,1,2026-03-31,20.0,High
ORD143239,YYO,5,2025-06-28,13.0,High
ORD184316,PKF,4,2025-12-24,16.0,Medium
ORD109856,WRS,1,2026-01-22,18.0,High
ORD158275,MDN,5,2025-06-24,14.0,High
ORD199658,LQT,7,2025-06-01,20.0,Medium
ORD195561,GXL,6,2026-05-20,11.0,Medium
ORD103577,CEG,9,2026-04-25,15.0,High
ORD181875,LPS,10,2025-09-18,25.0,High
ORD178044,CSM,6,2026-05-10,14.0,Medium
ORD177343,JLQ,8,2026-01-20,23.0,High
ORD167006,AFY,1,2025-10-14,16.0,Low
ORD160728,MWM,3,2026-01-17,14.0,Medium
ORD119426,SNC,6,2025-12-12,12.0,High
ORD135612,LRX,9,2026-05-09,18.0,Low
ORD104366,FCY,9,2025-08-27,18.0,High
ORD121083,SCN,3,2025-08-14,20.0,High
ORD139004,FCY,5,2026-02-10,18.0,High
ORD123013,CQO,2,2026-02-20,5.0,High
ORD176195,FCY,8,2025-07-21,18.0,High
ORD173516,QMW,5,2025-12-17,25.0,High
ORD182088,UAX,4,2025-09-01,16.0,Medium
ORD158293,BES,4,2025-10-22,15.0,High
ORD168505,BKE,7,2025-11-10,20.0,Medium
ORD134826,DXB,2,2026-05-25,8.0,High
ORD175526,PSJ,3,2025-10-10,7.0,High
ORD163710,QAG,3,2025-08-05,18.0,High
ORD103592,SCN,4,2025-07-19,20.0,High
ORD163570,WRS,8,2025-11-03,18.0,High
ORD167831,IFG,5,2026-05-07,23.0,High
ORD131733,XVX,6,2025-08-03,23.0,High
ORD181267,LRX,3,2026-04-08,18.0,Low
ORD161572,GWD,9,2025-07-15,24.0,High
ORD123950,TRB,6,2025-12-14,12.0,Medium
ORD103773,LPS,9,2026-01-27,25.0,High
ORD148939,MBW,9,2026-03-09,9.0,Medium
ORD168587,LPS,2,2026-05-23,25.0,High
ORD118497,CSM,4,2025-12-05,14.0,Medium
ORD126691,NUD,2,2026-04-20,11.0,High
ORD150259,EVW,8,2026-01-02,7.0,High
ORD170049,LAU,3,2025-07-18,5.0,High
ORD169762,IGP,1,2025-06-05,9.0,High
ORD164710,LAU,2,2026-05-13,5.0,High
ORD146400,YYO,2,2026-03-29,13.0,High
ORD138764,FLH,10,2025-06-15,10.0,High
ORD139088,LAU,8,2026-03-03,5.0,High
ORD118088,NNV,2,2026-03-24,12.0,Low
ORD181634,LMQ,4,2025-11-23,20.0,High
ORD138969,NRP,4,2025-10-13,15.0,High
ORD162334,YYO,2,2025-08-12,13.0,High
ORD142343,VKI,2,2026-02-28,6.0,Medium
ORD130774,CBB,2,2025-07-06,20.0,High
ORD127835,RCW,3,2026-02-18,23.0,High
ORD177027,MBW,3,2025-06-17,9.0,Medium
ORD173027,JLQ,2,2025-11-04,23.0,High
ORD150600,OYF,4,2025-12-25,6.0,High
ORD160792,EVW,3,2026-03-02,7.0,High
ORD136295,EVW,2,2026-05-27,7.0,High
ORD157255,YYO,6,2025-06-20,13.0,High
ORD132402,NRP,3,2026-05-05,15.0,High
ORD189659,NFQ,3,2025-07-06,10.0,High
ORD112270,RCW,9,2026-03-18,23.0,High
ORD134134,YYO,3,2025-07-13,13.0,High
ORD185155,WOW,4,2025-07-31,15.0,High
ORD181844,OQN,8,2025-10-22,18.0,High
ORD116143,RRI,3,2026-04-28,11.0,Medium
ORD122829,JUC,1,2025-12-04,10.0,Medium
ORD129968,CQO,10,2025-08-12,5.0,High
ORD133984,VKI,6,2026-02-14,6.0,Medium
ORD145646,RBX,3,2025-07-24,21.0,High
ORD104880,FCY,4,2026-04-20,18.0,High
ORD149722,YZD,1,2026-04-22,15.0,High
ORD134300,YOK,10,2025-06-12,14.0,Medium
ORD132961,CWA,2,2025-12-25,20.0,High
ORD123243,BES,5,2026-05-23,15.0,High
ORD157766,GWD,5,2025-09-23,24.0,High
ORD151665,YOK,1,2026-03-24,14.0,Medium
ORD106684,NFQ,6,2025-09-11,10.0,High
ORD122240,UPP,3,2025-11-24,10.0,Medium
ORD192058,PSJ,4,2026-02-23,7.0,High
ORD150304,VJG,4,2025-12-31,10.0,High
ORD122971,YOK,3,2026-01-09,14.0,Medium
ORD180779,WRS,5,2026-04-04,18.0,High
ORD174324,IGP,6,2025-09-13,9.0,High
ORD169256,MDN,4,2025-07-10,14.0,High
ORD145547,PKF,4,2026-05-31,16.0,Medium
ORD151110,CEG,2,2025-06-23,15.0,High
ORD112785,NUD,1,2025-11-19,11.0,High
ORD157286,OVY,4,2026-02-17,8.0,Medium
ORD147381,IGP,2,2025-06-19,9.0,High
ORD177919,OZB,2,2026-04-28,19.0,High
ORD165741,EVW,1,2025-06-05,7.0,High
ORD131470,QAG,7,2026-04-29,18.0,High
ORD115694,FLH,3,2025-12-17,10.0,High
ORD173845,EVW,3,2025-09-13,7.0,High
ORD162341,SPC,9,2026-04-17,7.0,High
ORD115992,JZT,9,2025-08-29,17.0,High
ORD156187,XIM,6,2025-09-20,12.0,Medium
ORD159866,YYO,8,2026-04-13,13.0,High
ORD195030,CQO,3,2026-01-12,5.0,High
ORD183402,FCY,2,2026-01-02,18.0,High
ORD134492,YYO,4,2026-04-09,13.0,High
ORD110933,OIT,1,2026-04-23,20.0,Medium
ORD193744,NRP,5,2025-08-04,15.0,High
ORD198752,BDV,6,2026-02-08,14.0,Low
ORD161585,VJG,1,2025-08-23,10.0,High
ORD197877,EVW,8,2025-06-30,7.0,High
ORD165593,OQN,1,2025-09-13,18.0,High
ORD165265,FJZ,1,2026-02-26,12.0,Medium
ORD172318,RNL,8,2026-05-01,19.0,High
ORD147938,QAG,5,2025-09-10,18.0,High
ORD143844,RCW,3,2025-07-06,23.0,High
ORD162312,JUC,4,2025-10-04,10.0,Medium
ORD127198,TAW,4,2026-02-20,17.0,Medium
ORD171877,MWM,4,2026-03-16,14.0,Medium
ORD184918,NRZ,1,2025-09-24,18.0,High
ORD140261,EGB,2,2025-11-06,13.0,Low
ORD166354,LMQ,2,2026-03-31,20.0,High
ORD197815,GWD,4,2025-10-24,24.0,High
ORD157262,XRZ,3,2026-05-11,23.0,Medium
ORD109954,XIM,1,2025-07-04,12.0,Medium
ORD166089,FJZ,10,2025-11-13,12.0,Medium
ORD143212,KRU,6,2025-10-29,16.0,Low
ORD141526,SPC,9,2026-03-08,7.0,High
ORD148851,SPV,10,2025-09-11,6.0,High
ORD167511,CBB,4,2025-10-22,20.0,High
ORD161395,LAU,7,2026-01-28,5.0,High
ORD106738,SCN,2,2026-01-19,20.0,High
ORD166788,FNU,1,2025-10-05,8.0,Low
ORD187221,CXQ,3,2026-01-10,17.0,High
ORD138187,ZQH,5,2025-12-17,9.0,High
ORD135617,SNC,7,2026-03-05,12.0,High
ORD100929,YOK,4,2025-12-25,14.0,Medium
ORD193058,GWD,3,2025-09-02,24.0,High
ORD184197,CBB,8,2026-04-28,20.0,High
ORD150629,YZD,3,2025-06-27,15.0,High
ORD156276,SMS,4,2025-12-07,23.0,Medium
ORD195298,RYE,10,2025-09-04,16.0,High
ORD169092,QAG,5,2026-03-10,18.0,High
ORD183481,IGP,4,2025-06-27,9.0,High
ORD158318,YYO,3,2025-09-03,13.0,High
ORD181545,LYE,3,2025-08-22,19.0,Low
ORD131346,LMQ,2,2026-02-13,20.0,High
ORD193861,CWA,3,2025-06-13,20.0,High
ORD190587,WOW,3,2026-05-04,15.0,High
ORD152610,IFG,8,2025-10-01,23.0,High
ORD112246,NUD,2,2026-01-02,11.0,High
ORD125455,QAG,10,2026-05-16,18.0,High
ORD105084,WXE,3,2026-05-31,12.0,High
ORD135789,CQO,1,2026-04-18,5.0,High
ORD186938,LMQ,1,2025-09-09,20.0,High
ORD140409,BDV,5,2026-04-19,14.0,Low
ORD184442,OJI,1,2025-08-10,12.0,Medium
ORD118349,CWA,3,2025-11-02,20.0,High
ORD181211,LER,4,2026-03-13,20.0,High
ORD111912,UPP,4,2026-04-02,10.0,Medium
ORD159467,CEG,6,2025-11-02,15.0,High
ORD126100,JZT,1,2026-01-22,17.0,High
ORD115880,OJI,6,2026-04-14,12.0,Medium
ORD181084,CXQ,2,2026-03-17,17.0,High
ORD164873,QMW,3,2025-10-04,25.0,High
ORD126772,MYU,3,2025-11-01,11.0,Low
ORD111105,WFV,3,2026-04-09,6.0,High
ORD120916,JZT,10,2025-12-17,17.0,High
ORD169112,LPS,2,2026-02-25,25.0,High
ORD130808,LPS,3,2025-11-03,25.0,High
ORD108741,RRI,3,2026-04-29,11.0,Medium
ORD180214,KCJ,1,2025-09-13,10.0,High
ORD178284,MWM,5,2026-02-04,14.0,Medium
ORD182454,HSD,2,2025-09-15,10.0,High
ORD151041,OVY,3,2025-07-08,8.0,Medium
ORD175513,RNL,4,2025-09-12,19.0,High
ORD135553,SCN,4,2026-01-19,20.0,High
ORD100061,ZGM,4,2025-12-19,17.0,High
ORD140124,OVY,7,2025-11-29,8.0,Medium
ORD108480,JUG,2,2025-10-18,17.0,High
ORD115566,THQ,2,2025-09-26,5.0,Low
ORD100433,YBM,1,2025-07-14,5.0,Low
ORD148110,CQK,6,2025-11-18,7.0,Medium
ORD105690,CSM,5,2025-10-15,14.0,Medium
ORD195247,IGP,2,2026-03-26,9.0,High
ORD180284,QMW,8,2026-01-11,25.0,High
ORD127174,PSJ,4,2026-02-23,7.0,High
ORD109019,NUD,9,2026-02-15,11.0,High
ORD185605,CBB,7,2026-04-21,20.0,High
ORD165686,NRZ,2,2025-06-01,18.0,High
ORD174848,ADM,2,2026-05-16,20.0,High
ORD155825,HSD,6,2025-08-16,10.0,High
ORD172840,DRD,5,2026-03-20,17.0,Low
ORD114736,ZGM,1,2026-04-08,17.0,High
ORD111047,TIJ,3,2025-06-21,23.0,Low
ORD119435,LAU,5,2025-11-14,5.0,High
ORD165007,GWD,2,2026-03-29,24.0,High
ORD113592,LMQ,2,2026-04-29,20.0,High
ORD180294,FLH,1,2025-11-20,10.0,High
ORD168102,BES,3,2026-01-19,15.0,High
ORD155612,CEG,2,2025-12-09,15.0,High
ORD174588,UAX,8,2025-11-17,16.0,Medium
ORD180397,YYO,10,2026-05-21,13.0,High
ORD136084,ZUW,1,2026-05-05,22.0,Medium
ORD174776,WOW,10,2026-02-28,15.0,High
ORD155671,XRZ,2,2025-08-17,23.0,Medium
ORD180658,FNU,6,2026-03-14,8.0,Low
ORD133858,YYO,2,2025-08-08,13.0,High
ORD189252,WRS,2,2026-04-10,18.0,High
ORD124326,GBF,4,2026-03-29,24.0,Low
ORD173307,CWA,1,2025-06-15,20.0,High
ORD163168,RBX,8,2025-06-22,21.0,High
ORD199028,VJG,8,2025-11-26,10.0,High
ORD164541,OZB,3,2025-08-12,19.0,High
ORD119190,EGB,4,2026-06-01,13.0,Low
ORD103832,CEG,6,2025-12-10,15.0,High
ORD179782,OZB,3,2025-08-01,19.0,High
ORD145310,TRB,3,2026-03-10,12.0,Medium
ORD126504,SPV,9,2026-02-28,6.0,High
ORD179100,JUG,2,2025-09-25,17.0,High
ORD153606,SPG,2,2025-07-06,25.0,Medium
ORD156553,YZD,8,2025-07-03,15.0,High
ORD156360,CXQ,4,2026-01-31,17.0,High
ORD186372,SCN,4,2026-03-25,20.0,High
ORD158492,MDN,3,2026-01-08,14.0,High
ORD129620,ZUW,3,2026-03-23,22.0,Medium
ORD168040,DXB,2,2025-10-31,8.0,High
ORD181005,LNZ,1,2026-02-11,12.0,Medium
ORD179570,FLH,4,2025-10-26,10.0,High
ORD105721,RNL,1,2025-10-10,19.0,High
ORD198717,WXE,2,2026-05-06,12.0,High
ORD116879,FKQ,3,2025-07-20,13.0,High
ORD178703,KCJ,1,2025-08-14,10.0,High
ORD113684,SPV,4,2026-02-24,6.0,High
ORD198412,LAU,6,2025-07-14,5.0,High
ORD182145,FLH,9,2025-09-28,10.0,High
ORD150153,XVX,3,2025-10-12,23.0,High
ORD185685,KCJ,3,2025-10-12,10.0,High
ORD125365,GWD,2,2025-12-08,24.0,High
ORD170774,CAT,4,2026-01-27,12.0,Low
ORD115799,LER,3,2025-07-16,20.0,High
ORD160535,WFV,6,2026-03-18,6.0,High
ORD196195,HQD,1,2026-03-29,11.0,Low
ORD169910,SPG,2,2025-06-24,25.0,Medium
ORD103459,LQT,2,2025-10-11,20.0,Medium
ORD173216,SCN,2,2025-12-27,20.0,High
ORD138502,DIY,4,2026-02-07,12.0,Low
ORD154535,LMQ,1,2025-08-13,20.0,High
ORD164968,SPC,10,2025-08-21,7.0,High
ORD100560,GBF,6,2025-09-25,24.0,Low
ORD136551,VKI,2,2025-12-24,6.0,Medium
ORD167076,NRZ,2,2025-10-13,18.0,High
ORD170882,WXE,1,2025-08-05,12.0,High
ORD197818,WOW,3,2025-08-18,15.0,High
ORD195407,JPK,7,2025-09-15,19.0,Medium
ORD141496,OJI,1,2026-02-22,12.0,Medium
ORD172006,CXQ,4,2025-12-25,17.0,High
ORD135264,DEW,4,2025-10-27,19.0,Low
ORD157283,LMQ,1,2025-06-10,20.0,High
ORD120281,ILE,1,2026-03-04,14.0,Medium
ORD134979,RNL,4,2026-04-05,19.0,High
ORD146065,LQT,8,2025-08-30,20.0,Medium
ORD121693,JLQ,1,2026-05-01,23.0,High
ORD139575,VJG,10,2026-03-01,10.0,High
ORD188668,DXB,3,2026-05-28,8.0,High
ORD102921,OBP,2,2025-10-09,5.0,Low
ORD147283,GWD,3,2025-07-22,24.0,High
ORD130708,QMW,7,2026-03-31,25.0,High
ORD100077,FLH,4,2026-01-20,10.0,High
ORD178319,HQD,1,2025-10-06,11.0,Low
ORD102220,RRI,5,2025-07-19,11.0,Medium
ORD151297,CEG,3,2026-05-23,15.0,High
ORD157077,ADM,6,2025-12-22,20.0,High
ORD187648,LMQ,1,2026-01-15,20.0,High
ORD130189,SPV,3,2025-06-28,6.0,High
ORD134517,ZQH,1,2026-02-03,9.0,High
ORD183612,NRZ,10,2025-08-07,18.0,High
ORD171773,YZD,5,2025-07-29,15.0,High
ORD196307,IPE,1,2025-09-06,20.0,Medium
ORD194990,JLQ,3,2025-06-14,23.0,High
ORD102499,OIT,3,2025-08-14,20.0,Medium
ORD197500,OZB,2,2026-04-27,19.0,High
ORD101102,JZT,6,2025-06-09,17.0,High
ORD111465,NRP,4,2025-08-13,15.0,High
ORD126442,MJP,9,2025-10-28,22.0,Low
ORD179489,WXE,1,2025-12-28,12.0,High
ORD142307,TRB,10,2025-06-21,12.0,Medium
ORD174206,SYF,3,2026-02-21,11.0,Low
ORD174960,OVY,1,2025-09-26,8.0,Medium
ORD139633,QAG,6,2025-11-09,18.0,High
ORD175814,HFC,4,2025-08-02,13.0,Medium
ORD177817,YYO,3,2026-01-30,13.0,High
ORD174881,WXE,2,2025-06-30,12.0,High
ORD163211,LAU,6,2025-12-30,5.0,High
ORD126533,JUG,3,2025-08-13,17.0,High
ORD184711,YZD,3,2025-08-25,15.0,High
ORD180651,BES,2,2025-08-17,15.0,High
ORD122578,NRP,8,2025-10-26,15.0,High
ORD129056,WXE,2,2025-09-22,12.0,High
ORD146448,KCJ,2,2025-09-18,10.0,High
ORD109804,CQK,4,2026-05-22,7.0,Medium
ORD156471,LPS,9,2025-06-08,25.0,High
ORD140876,JZT,8,2026-04-09,17.0,High
ORD196220,DXB,3,2025-12-27,8.0,High
ORD128570,LER,2,2025-08-13,20.0,High
ORD156433,WFV,1,2025-10-22,6.0,High
ORD142001,PSJ,5,2025-08-29,7.0,High
ORD125057,OIT,4,2025-11-11,20.0,Medium
ORD108818,XRZ,2,2026-02-19,23.0,Medium
ORD132752,PSJ,3,2026-02-05,7.0,High
ORD174625,RBX,2,2025-07-23,21.0,High
ORD107449,NRP,2,2025-11-30,15.0,High
ORD156447,IPE,3,2026-03-23,20.0,Medium
ORD167353,LPS,1,2025-11-20,25.0,High
ORD117086,NRZ,6,2026-03-10,18.0,High
ORD156822,CXQ,3,2026-02-22,17.0,High
ORD120426,CQO,1,2026-03-15,5.0,High
ORD177462,NFQ,6,2025-08-24,10.0,High
ORD183168,BKE,4,2026-04-08,20.0,Medium
ORD165913,DXB,1,2025-08-14,8.0,High
ORD173275,MGM,8,2025-06-14,12.0,Low
ORD163261,NFQ,1,2026-04-28,10.0,High
ORD142258,HFC,10,2025-06-22,13.0,Medium
ORD144455,NUD,5,2025-07-21,11.0,High
ORD140642,SCN,4,2026-04-16,20.0,High
ORD154760,RBX,4,2025-10-14,21.0,High
ORD162989,OZB,1,2025-11-15,19.0,High
ORD137227,ZUW,3,2025-11-11,22.0,Medium
ORD103522,IGP,10,2026-02-22,9.0,High
ORD157298,CXQ,4,2026-01-09,17.0,High
ORD123825,PSJ,1,2025-08-15,7.0,High
ORD112042,SCN,7,2025-09-05,20.0,High
ORD138134,YZD,7,2026-02-03,15.0,High
ORD122992,YOK,3,2025-11-18,14.0,Medium
ORD181674,SNC,4,2025-10-31,12.0,High
ORD161031,MZV,5,2025-08-26,8.0,Medium
ORD144225,WAN,5,2025-08-04,25.0,Medium
ORD132347,CXQ,1,2025-10-18,17.0,High
ORD101579,CEG,1,2025-07-15,15.0,High
ORD193890,INT,3,2026-02-19,18.0,Low
ORD110470,WRS,2,2025-08-09,18.0,High
ORD157266,VMG,1,2026-05-27,22.0,Medium
ORD127205,SPC,1,2025-09-26,7.0,High
ORD143234,RBX,3,2026-03-07,21.0,High
ORD108354,RBX,1,2026-03-30,21.0,High
ORD124607,DXB,6,2026-01-04,8.0,High
ORD183431,YOK,5,2026-03-23,14.0,Medium
ORD184601,UAX,4,2026-05-31,16.0,Medium
ORD169192,IFG,7,2025-06-11,23.0,High
ORD148411,HQD,8,2026-05-03,11.0,Low
ORD123041,ZQH,1,2026-04-16,9.0,High
ORD103115,IFG,3,2026-04-01,23.0,High
ORD149856,WRS,6,2025-07-24,18.0,High
ORD199084,RNL,3,2025-11-21,19.0,High
ORD193280,JLQ,6,2026-03-28,23.0,High
ORD179911,RBX,9,2026-01-12,21.0,High
ORD132740,RNL,10,2025-11-13,19.0,High
ORD166629,CBB,4,2025-12-17,20.0,High
ORD183539,CBB,4,2026-04-03,20.0,High
ORD150377,NRP,3,2026-03-08,15.0,High
ORD128679,WFV,1,2026-01-28,6.0,High
ORD177857,GYW,2,2026-01-02,24.0,Low
ORD159826,LAU,3,2026-01-10,5.0,High
ORD129408,NGF,3,2026-05-16,19.0,Low
ORD141345,GWD,4,2026-03-11,24.0,High
ORD172617,NRZ,6,2026-04-22,18.0,High
ORD194276,ZDV,2,2025-12-13,25.0,Medium
ORD161311,GWD,6,2025-11-02,24.0,High
ORD135715,BES,5,2026-02-26,15.0,High
ORD162619,NRZ,3,2025-09-15,18.0,High
ORD199565,OYF,2,2026-04-10,6.0,High
ORD167402,PBM,1,2026-01-13,19.0,Medium
ORD199194,OYF,2,2025-09-27,6.0,High
ORD104959,LMQ,2,2025-10-11,20.0,High
ORD195378,MWM,6,2025-10-11,14.0,Medium
ORD163628,IGP,4,2026-02-05,9.0,High
ORD162496,SPV,8,2025-06-27,6.0,High
ORD140640,MDN,4,2026-01-10,14.0,High
ORD199764,TRB,2,2026-03-01,12.0,Medium
ORD130867,VKI,4,2026-05-12,6.0,Medium
ORD161944,GZE,5,2025-09-20,15.0,Medium
ORD164964,RNL,2,2026-04-19,19.0,High
ORD193022,LRX,6,2026-01-31,18.0,Low
ORD122405,LMQ,1,2025-11-23,20.0,High
ORD150180,OZB,5,2026-05-20,19.0,High
ORD131538,ARU,4,2025-09-12,21.0,Medium
ORD140337,MDN,2,2025-08-15,14.0,High
ORD159988,FJZ,3,2025-12-04,12.0,Medium
ORD189758,PSJ,1,2025-08-25,7.0,High
ORD175474,JLQ,8,2025-11-03,23.0,High
ORD106464,WOW,3,2026-03-13,15.0,High
ORD193561,OYF,2,2025-10-02,6.0,High
ORD150038,CGW,1,2026-02-19,11.0,Medium
ORD137918,IFG,7,2025-11-30,23.0,High
ORD142220,RNZ,2,2025-11-26,10.0,Medium
ORD140191,SPC,4,2025-11-28,7.0,High
ORD121026,YZD,2,2025-11-12,15.0,High
ORD199056,PSJ,6,2025-06-02,7.0,High
ORD149669,YBM,2,2025-06-11,5.0,Low
ORD173606,LMQ,2,2026-04-22,20.0,High
ORD118406,FKQ,4,2025-07-18,13.0,High
ORD118949,OVY,2,2026-01-25,8.0,Medium
ORD190124,OIT,4,2025-11-28,20.0,Medium
ORD143330,GWD,2,2026-05-02,24.0,High
ORD184921,LER,2,2025-12-28,20.0,High
ORD127490,MJP,9,2025-06-24,22.0,Low
ORD197166,OYF,4,2026-02-18,6.0,High
ORD191328,CAT,6,2026-02-21,12.0,Low
ORD199648,BES,7,2025-07-12,15.0,High
ORD190488,LNZ,10,2025-09-29,12.0,Medium
ORD142665,IGP,4,2025-08-09,9.0,High
ORD180408,ZQH,1,2026-05-16,9.0,High
ORD198537,NRP,1,2026-04-22,15.0,High
ORD133720,EGB,9,2025-06-22,13.0,Low
ORD174687,LER,9,2026-02-20,20.0,High
ORD139308,FKQ,2,2026-02-01,13.0,High
ORD156517,TAW,10,2026-01-17,17.0,Medium
ORD190175,FKQ,5,2025-12-05,13.0,High
ORD150890,WOW,3,2025-07-23,15.0,High
ORD187389,LNZ,4,2026-03-19,12.0,Medium
ORD147181,QAG,5,2026-03-02,18.0,High
ORD108674,OZB,9,2025-11-30,19.0,High
ORD164452,SCN,10,2025-09-19,20.0,High
ORD157754,IGP,1,2026-05-25,9.0,High
ORD149260,WFV,9,2025-12-13,6.0,High
ORD152853,SPV,4,2025-11-06,6.0,High
ORD127275,EVW,4,2025-10-12,7.0,High
ORD101315,RIJ,5,2025-10-04,12.0,Low
ORD198891,XMO,4,2025-10-05,24.0,Medium
ORD117643,GWD,3,2025-06-29,24.0,High
ORD165865,RYE,3,2025-08-11,16.0,High
ORD149217,NFQ,8,2026-04-13,10.0,High
ORD181014,IGP,3,2025-07-30,9.0,High
ORD186848,FLH,4,2025-07-28,10.0,High
ORD155080,TRB,4,2026-03-11,12.0,Medium
ORD102880,SNY,1,2026-02-12,15.0,Medium
ORD132558,NUD,7,2025-07-30,11.0,High
ORD193637,RCW,1,2025-07-05,23.0,High
ORD105148,FJZ,7,2026-02-03,12.0,Medium
ORD128790,WRS,6,2026-04-01,18.0,High
ORD115464,FLH,2,2026-01-30,10.0,High
ORD177766,JUC,4,2025-10-08,10.0,Medium
ORD159133,FCY,2,2025-06-09,18.0,High
ORD181039,UPP,2,2026-04-24,10.0,Medium
ORD180775,JZT,2,2025-06-15,17.0,High
ORD172204,MDN,1,2025-10-12,14.0,High
ORD136381,OJI,4,2026-04-20,12.0,Medium
ORD117619,NFQ,2,2025-09-13,10.0,High
ORD134596,CSM,6,2026-04-04,14.0,Medium
ORD157769,NFQ,1,2025-12-05,10.0,High
ORD133758,QAG,2,2026-01-29,18.0,High
ORD152184,OQN,10,2025-12-09,18.0,High
ORD142995,PSJ,6,2025-12-17,7.0,High
ORD158320,OZB,8,2025-08-11,19.0,High
ORD158168,RYE,9,2025-08-30,16.0,High
ORD131252,WRS,4,2025-10-17,18.0,High
ORD127582,NRZ,1,2025-10-29,18.0,High
ORD140789,OQN,2,2025-07-29,18.0,High
ORD106128,FKQ,4,2025-08-24,13.0,High
ORD112882,LMQ,8,2026-02-22,20.0,High
ORD158017,ADM,2,2025-12-20,20.0,High
ORD188955,EVW,4,2026-02-07,7.0,High
ORD175409,RYE,3,2025-09-01,16.0,High
ORD186733,WEK,7,2025-07-25,14.0,Medium
ORD100239,DEW,3,2025-12-10,19.0,Low
ORD146467,GBF,2,2026-01-07,24.0,Low
ORD139342,EOS,3,2026-05-10,25.0,Low
ORD197001,OZB,5,2025-07-21,19.0,High
ORD126143,ADM,3,2025-07-05,20.0,High
ORD102412,NRZ,10,2026-04-14,18.0,High
ORD174274,SPV,2,2025-06-10,6.0,High
ORD173297,ADM,1,2025-09-22,20.0,High
ORD142609,CXQ,8,2025-12-05,17.0,High
ORD126924,SPG,6,2025-12-21,25.0,Medium
ORD129704,NFQ,2,2025-10-29,10.0,High
ORD119943,CXQ,3,2025-07-25,17.0,High
ORD137485,NRZ,8,2025-07-10,18.0,High
ORD134628,YYO,7,2025-09-22,13.0,High
ORD127351,ILE,2,2025-12-24,14.0,Medium
ORD157009,NFQ,4,2025-10-27,10.0,High
ORD192074,LMQ,4,2025-11-25,20.0,High
ORD181933,IFG,4,2026-01-26,23.0,High
ORD160803,ZGM,2,2025-08-14,17.0,High
ORD192180,LPS,5,2025-07-03,25.0,High
ORD183945,JVR,4,2025-11-30,17.0,Medium
ORD169744,YZD,4,2025-07-28,15.0,High
ORD149696,RYE,2,2025-11-30,16.0,High
ORD180678,FKQ,2,2026-04-04,13.0,High
ORD145378,QJK,2,2025-07-03,23.0,Low
ORD125909,OYF,1,2026-03-27,6.0,High
ORD176618,SPC,3,2025-10-27,7.0,High
ORD141400,SCN,2,2026-04-19,20.0,High
ORD126798,LER,3,2026-02-20,20.0,High
ORD148178,RNZ,1,2025-10-12,10.0,Medium
ORD142759,IGP,5,2025-10-03,9.0,High
ORD113277,RIJ,9,2025-09-10,12.0,Low
ORD165390,FLH,5,2025-07-13,10.0,High
ORD191438,TRB,3,2026-03-12,12.0,Medium
ORD152085,TRB,4,2025-08-19,12.0,Medium
ORD163988,RCW,2,2025-06-06,23.0,High
ORD180568,PKF,5,2026-04-18,16.0,Medium
ORD184360,OJI,1,2026-03-28,12.0,Medium
ORD178998,BRX,3,2026-02-27,15.0,Low
ORD144548,SPV,10,2025-11-01,6.0,High
ORD125601,OYF,9,2025-11-07,6.0,High
ORD148223,WOW,3,2026-04-01,15.0,High
ORD133631,RBX,4,2026-03-16,21.0,High
ORD147855,RNL,6,2025-06-12,19.0,High
ORD112146,KYB,3,2025-06-17,18.0,Medium
ORD146841,TAW,2,2025-12-04,17.0,Medium
ORD189079,XJB,2,2025-10-18,8.0,Low
ORD114548,AFY,2,2026-02-19,16.0,Low
ORD111004,FCY,2,2026-04-22,18.0,High
ORD137453,LMQ,3,2025-12-25,20.0,High
ORD110603,LER,2,2026-03-16,20.0,High
ORD113633,JVR,3,2026-01-02,17.0,Medium
ORD188131,OZB,3,2025-07-08,19.0,High
ORD155372,QAG,3,2026-03-12,18.0,High
ORD129323,JZT,10,2025-11-10,17.0,High
ORD187298,FNU,3,2025-06-16,8.0,Low
ORD105096,SCN,2,2025-12-22,20.0,High
ORD145715,WXE,6,2025-12-16,12.0,High
ORD137644,LER,5,2026-05-07,20.0,High
ORD119361,XMO,3,2025-08-18,24.0,Medium
ORD118326,LER,1,2025-11-14,20.0,High
ORD126646,JUG,3,2025-06-19,17.0,High
ORD179989,SCN,1,2025-11-06,20.0,High
ORD119888,FKQ,5,2026-01-16,13.0,High
ORD174477,OQN,2,2026-04-13,18.0,High
ORD197395,FCY,3,2025-12-17,18.0,High
ORD158970,WRS,3,2026-01-14,18.0,High
ORD112045,EOS,4,2026-01-10,25.0,Low
ORD167673,JUC,1,2026-04-09,10.0,Medium
ORD194008,WAN,2,2026-05-25,25.0,Medium
ORD182176,OQN,1,2025-10-03,18.0,High
ORD199389,NUD,2,2025-09-04,11.0,High
ORD107282,CQK,2,2026-03-26,7.0,Medium
ORD187917,FLH,1,2025-11-17,10.0,High
ORD138533,FLH,6,2025-06-18,10.0,High
ORD174754,BES,3,2026-03-19,15.0,High
ORD194779,NRZ,4,2025-09-19,18.0,High
ORD196102,PBM,6,2026-04-12,19.0,Medium
ORD142072,JLQ,5,2026-05-12,23.0,High
ORD134599,NRP,3,2025-09-25,15.0,High
ORD188219,EJV,8,2025-07-25,17.0,Low
ORD153927,JZT,2,2026-01-17,17.0,High
ORD123490,CSM,3,2025-11-23,14.0,Medium
ORD104771,SPC,4,2025-08-09,7.0,High
ORD183178,JUG,6,2026-05-20,17.0,High
ORD186322,INT,4,2025-08-12,18.0,Low
ORD149172,JZT,3,2026-04-24,17.0,High
ORD161141,NRP,5,2025-06-15,15.0,High
ORD167226,JLQ,2,2025-08-01,23.0,High
ORD163097,ADM,3,2025-12-06,20.0,High
ORD189976,YBM,2,2025-08-06,5.0,Low
ORD178176,LAU,9,2026-01-06,5.0,High
ORD174758,MZV,3,2025-06-11,8.0,Medium
ORD115343,UYZ,1,2025-07-02,22.0,Low
ORD114036,IWO,6,2025-07-26,17.0,Low
ORD157819,YYO,9,2026-05-20,13.0,High
ORD169322,WRS,3,2025-12-26,18.0,High
ORD113566,CSM,6,2025-08-21,14.0,Medium
ORD188274,RYE,1,2025-06-02,16.0,High
ORD133155,RYE,2,2025-09-10,16.0,High
ORD114251,ZQH,2,2025-10-31,9.0,High
ORD194597,NRP,6,2026-04-09,15.0,High
ORD183446,BES,1,2026-04-26,15.0,High
ORD182772,FLH,8,2025-09-13,10.0,High
ORD199965,ZQH,1,2026-05-27,9.0,High
ORD167844,XVX,1,2025-09-18,23.0,High
ORD169615,RYE,1,2025-10-07,16.0,High
ORD117357,ADM,6,2025-11-28,20.0,High
ORD142421,WEK,9,2025-12-19,14.0,Medium
ORD114776,MGM,8,2025-06-08,12.0,Low
ORD167417,LER,4,2026-03-10,20.0,High
ORD166220,JPK,4,2026-01-19,19.0,Medium
ORD126291,CWA,4,2025-07-24,20.0,High
ORD151232,WRS,3,2025-07-23,18.0,High
ORD115214,RNL,1,2026-01-16,19.0,High
ORD197502,NTQ,4,2026-05-08,10.0,Low
ORD187077,RBX,4,2026-04-07,21.0,High
ORD129580,LMQ,1,2025-10-13,20.0,High
ORD134082,GWD,1,2025-07-24,24.0,High
ORD140499,VMG,2,2026-01-15,22.0,Medium
ORD100583,OZB,10,2025-07-16,19.0,High
ORD142550,PKF,2,2025-08-12,16.0,Medium
ORD157132,NUD,3,2026-02-10,11.0,High
ORD178957,QAG,9,2026-01-08,18.0,High
ORD114523,SPG,1,2025-06-21,25.0,Medium
ORD182257,KRU,6,2026-01-02,16.0,Low
ORD124400,FLH,10,2026-05-20,10.0,High
ORD116780,SPG,2,2025-06-01,25.0,Medium
ORD195120,RBX,1,2026-05-05,21.0,High
ORD113376,RNZ,1,2025-07-06,10.0,Medium
ORD123187,WAN,1,2025-07-24,25.0,Medium
ORD157161,NFQ,7,2025-11-18,10.0,High
ORD180662,MDN,4,2026-05-22,14.0,High
ORD193436,CGW,3,2025-08-06,11.0,Medium
ORD170918,NTQ,3,2025-10-30,10.0,Low
ORD126755,OJI,6,2025-10-18,12.0,Medium
ORD111401,KCJ,3,2025-06-06,10.0,High
ORD127345,QMW,10,2025-09-03,25.0,High
ORD107179,WXE,3,2026-01-24,12.0,High
ORD112825,FNU,2,2025-08-13,8.0,Low
ORD172033,FJZ,7,2025-06-12,12.0,Medium
ORD193807,FKQ,7,2026-05-09,13.0,High
ORD188682,IGP,2,2026-05-29,9.0,High
ORD122095,XVX,10,2025-07-18,23.0,High
ORD170321,LMQ,5,2025-08-16,20.0,High
ORD167124,MDN,1,2025-10-29,14.0,High
ORD180444,MDN,2,2025-06-18,14.0,High
ORD100558,CBB,4,2025-07-09,20.0,High
ORD156982,LER,4,2025-11-02,20.0,High
ORD185191,LMQ,3,2025-09-12,20.0,High
ORD110702,CWA,8,2026-03-23,20.0,High
ORD192872,PBM,2,2025-10-17,19.0,Medium
ORD118809,CWA,3,2025-11-10,20.0,High
ORD157399,WXE,6,2026-05-01,12.0,High
ORD135800,TAW,4,2026-03-03,17.0,Medium
ORD179373,NFQ,2,2026-04-21,10.0,High
ORD157016,ZGM,3,2025-08-07,17.0,High
ORD160682,SNC,7,2025-08-31,12.0,High
ORD166550,OQN,3,2026-03-28,18.0,High
ORD154664,HGC,1,2026-05-27,14.0,Low
ORD199571,ZQH,7,2025-11-09,9.0,High
ORD130202,JVR,2,2025-08-23,17.0,Medium
ORD113687,SMS,3,2025-10-01,23.0,Medium
ORD175861,KCJ,7,2025-09-20,10.0,High
ORD190919,GRT,10,2026-01-24,8.0,Medium
ORD170688,LMQ,2,2025-10-27,20.0,High
ORD135754,WXE,10,2025-12-29,12.0,High
ORD192802,FLH,8,2025-09-22,10.0,High
ORD188193,RCW,2,2026-04-27,23.0,High
ORD139711,ZQH,2,2026-03-02,9.0,High
ORD178565,IFG,9,2025-10-06,23.0,High
ORD122921,CSM,3,2025-12-28,14.0,Medium
ORD103675,WXE,4,2025-06-18,12.0,High
ORD105342,WRS,4,2025-11-10,18.0,High
ORD167784,EVW,4,2025-09-09,7.0,High
ORD102024,VGB,2,2026-05-03,6.0,Low
ORD111423,SPC,1,2025-07-22,7.0,High
ORD103323,QMW,2,2025-09-11,25.0,High
ORD142504,IFG,2,2025-07-12,23.0,High
ORD179684,SNC,7,2026-02-09,12.0,High
ORD103808,GWD,7,2025-08-24,24.0,High
ORD149723,AFY,3,2026-03-13,16.0,Low
ORD171642,VKI,3,2026-03-09,6.0,Medium
ORD170315,DXB,2,2026-02-03,8.0,High
ORD187655,FLH,4,2025-08-02,10.0,High
ORD155948,YOK,3,2026-01-25,14.0,Medium
ORD199263,OZB,9,2025-09-25,19.0,High
ORD171213,CQO,3,2026-04-29,5.0,High
ORD140991,ZQH,6,2026-04-28,9.0,High
ORD192272,OYF,5,2025-11-16,6.0,High
ORD158623,OZB,3,2025-09-07,19.0,High
ORD174487,RYE,2,2026-01-02,16.0,High
ORD133937,WAN,7,2025-12-26,25.0,Medium
ORD136409,FFE,4,2026-05-04,5.0,Medium
ORD181414,DXB,9,2025-08-09,8.0,High
ORD164763,NMS,1,2026-03-31,16.0,Low
ORD108148,DXB,2,2025-11-30,8.0,High
ORD186747,WXE,1,2026-02-02,12.0,High
ORD124071,IFG,4,2025-07-14,23.0,High
ORD187678,WXE,4,2025-07-13,12.0,High
ORD130816,LYE,4,2026-03-04,19.0,Low
ORD125668,ZQH,7,2026-03-18,9.0,High
ORD137900,WRS,8,2025-09-05,18.0,High
ORD151733,LPS,3,2025-08-11,25.0,High
ORD146415,FLH,1,2025-07-05,10.0,High
ORD132401,BES,2,2026-01-29,15.0,High
ORD123065,BES,4,2025-09-25,15.0,High
ORD196633,ZQH,7,2026-04-28,9.0,High
ORD164272,LAU,1,2026-05-06,5.0,High
ORD119589,FKQ,2,2025-09-25,13.0,High
ORD150381,MZV,8,2025-11-10,8.0,Medium
ORD148874,MDN,3,2026-01-13,14.0,High
ORD154862,RNL,2,2025-12-28,19.0,High
ORD103684,BES,1,2026-04-09,15.0,High
ORD189120,DXB,10,2025-10-11,8.0,High
ORD195366,EVW,5,2025-08-23,7.0,High
ORD199600,LMQ,2,2025-06-01,20.0,High
ORD151753,RCW,3,2025-09-09,23.0,High
ORD116407,OVY,2,2025-10-29,8.0,Medium
ORD126591,NUD,2,2025-11-15,11.0,High
ORD198884,ILE,2,2025-11-26,14.0,Medium
ORD182614,LER,3,2025-11-24,20.0,High
ORD181303,YYO,2,2025-10-16,13.0,High
ORD147918,LPS,3,2025-08-25,25.0,High
ORD192417,OQN,1,2025-07-24,18.0,High
ORD150420,JZT,3,2025-07-19,17.0,High
ORD141248,LAU,4,2025-09-14,5.0,High
ORD110674,PSJ,8,2025-10-29,7.0,High
ORD101248,JUG,2,2026-03-25,17.0,High
ORD180998,LAU,2,2026-01-15,5.0,High
ORD172528,PSJ,8,2026-02-19,7.0,High
ORD183394,CXQ,7,2026-01-12,17.0,High
ORD120445,HSD,2,2025-06-29,10.0,High
ORD143092,FCY,1,2025-09-28,18.0,High
ORD169830,NUD,1,2026-03-27,11.0,High
ORD151167,RNL,2,2025-12-14,19.0,High
ORD156972,WRS,6,2026-03-29,18.0,High
ORD100570,ZGM,2,2026-02-20,17.0,High
ORD188433,FLH,4,2025-08-26,10.0,High
ORD119375,CSM,6,2026-04-17,14.0,Medium
ORD167998,NRZ,3,2025-08-29,18.0,High
ORD122948,NRZ,1,2025-07-27,18.0,High
ORD128008,OQN,1,2025-09-23,18.0,High
ORD134544,RNL,10,2026-05-27,19.0,High
ORD157989,TAW,1,2025-07-10,17.0,Medium
ORD168983,NFQ,8,2025-10-07,10.0,High
ORD127552,JLQ,4,2025-07-29,23.0,High
ORD157376,BES,7,2026-03-01,15.0,High
ORD169514,OZB,4,2025-09-11,19.0,High
ORD125114,VKI,7,2025-06-21,6.0,Medium
ORD193839,YYO,5,2026-01-22,13.0,High
ORD169622,PKF,1,2025-12-07,16.0,Medium
ORD101141,QMW,2,2025-12-17,25.0,High
ORD145289,NFQ,3,2025-06-21,10.0,High
ORD147373,JVR,2,2026-05-10,17.0,Medium
ORD145809,NUD,8,2025-07-04,11.0,High
ORD142785,RBX,3,2025-11-30,21.0,High
ORD148671,CQO,3,2026-04-06,5.0,High
ORD133776,GWD,2,2025-11-19,24.0,High
ORD151519,OVY,4,2025-12-30,8.0,Medium
ORD195802,LPS,1,2025-09-02,25.0,High
ORD125195,GZE,4,2026-04-01,15.0,Medium
ORD174411,IGP,3,2025-12-29,9.0,High
ORD113572,SPC,1,2025-09-20,7.0,High
ORD170337,SNC,1,2025-07-25,12.0,High
ORD123157,GWD,2,2025-06-24,24.0,High
ORD123084,ADM,8,2025-08-30,20.0,High
ORD138660,OYF,1,2025-09-20,6.0,High
ORD162675,SPC,1,2026-05-22,7.0,High
ORD125818,GYW,3,2025-10-24,24.0,Low
ORD185495,EVW,3,2025-08-27,7.0,High
ORD172491,IGP,10,2025-07-14,9.0,High
ORD168817,IFG,3,2025-06-14,23.0,High
ORD188224,KCJ,5,2026-01-11,10.0,High
ORD199823,FLH,3,2025-10-10,10.0,High
ORD129343,CQO,4,2026-01-06,5.0,High
ORD139277,IFG,3,2026-03-23,23.0,High
ORD127292,CEG,2,2025-06-25,15.0,High
ORD161552,ZGM,1,2025-06-04,17.0,High
ORD131016,FCY,2,2026-01-14,18.0,High
ORD170306,WOW,1,2025-12-20,15.0,High
ORD132649,PSJ,2,2025-07-01,7.0,High
ORD119555,FCY,4,2026-05-31,18.0,High
ORD125814,WEK,7,2025-08-12,14.0,Medium
ORD111942,JPK,1,2025-10-25,19.0,Medium
ORD196325,GIJ,6,2026-02-04,18.0,Low
ORD108137,RNL,5,2025-06-08,19.0,High
ORD156525,CQO,4,2025-12-27,5.0,High
ORD139344,MZV,4,2026-01-05,8.0,Medium
ORD138128,TAW,8,2025-06-29,17.0,Medium
ORD159247,OJI,2,2025-10-29,12.0,Medium
ORD175355,CEG,4,2026-02-18,15.0,High
ORD128021,CWA,5,2025-09-08,20.0,High
ORD174914,YZD,4,2025-09-06,15.0,High
ORD141794,MDN,2,2025-09-22,14.0,High
ORD189951,SPC,3,2026-04-01,7.0,High
ORD119284,JZT,1,2025-09-29,17.0,High
ORD116623,LAU,3,2025-07-28,5.0,High
ORD144342,IGP,3,2026-01-27,9.0,High
ORD191211,CBB,3,2026-04-30,20.0,High
ORD167800,LMQ,1,2026-01-07,20.0,High
ORD170891,WXE,10,2026-01-23,12.0,High
ORD179949,QIE,4,2026-05-26,7.0,Low
ORD111579,LMQ,1,2025-10-06,20.0,High
ORD151968,HSD,6,2025-12-18,10.0,High
ORD128511,WXE,2,2025-08-26,12.0,High
ORD101162,BKE,5,2025-11-10,20.0,Medium
ORD141532,IFG,6,2026-04-12,23.0,High
ORD183385,KCJ,6,2026-02-11,10.0,High
ORD132565,ZQH,4,2025-08-05,9.0,High
ORD159787,CAT,8,2026-01-27,12.0,Low
ORD108321,HGC,1,2025-08-10,14.0,Low
ORD139102,OZB,2,2025-08-02,19.0,High
ORD189415,MZV,1,2025-11-22,8.0,Medium
ORD158478,ILE,4,2026-02-15,14.0,Medium
ORD195568,GWD,9,2025-09-14,24.0,High
ORD120730,MBW,7,2026-05-21,9.0,Medium
ORD174071,RCW,3,2025-09-22,23.0,High
ORD173964,IGP,4,2026-01-07,9.0,High
ORD157151,MDN,6,2025-07-31,14.0,High
ORD181335,OYF,2,2025-09-07,6.0,High
ORD112021,QMW,1,2025-10-04,25.0,High
ORD116263,HQD,6,2025-12-09,11.0,Low
ORD136775,ZUW,8,2026-04-06,22.0,Medium
ORD182119,CEG,6,2025-09-10,15.0,High
ORD174076,JPK,3,2025-06-06,19.0,Medium
ORD139627,YZD,2,2025-09-23,15.0,High
ORD194449,WOW,3,2025-12-02,15.0,High
ORD149577,UHR,3,2025-06-26,9.0,Low
ORD102688,BKE,2,2025-11-07,20.0,Medium
ORD117356,UHR,5,2025-10-20,9.0,Low
ORD158727,WFV,3,2026-02-10,6.0,High
ORD176226,OYF,3,2025-08-17,6.0,High
ORD102675,FLH,4,2025-08-21,10.0,High
ORD109598,SPC,5,2026-04-03,7.0,High
ORD182985,NRZ,7,2025-09-03,18.0,High
ORD132090,RNZ,2,2026-05-11,10.0,Medium
ORD173148,QMW,8,2026-05-18,25.0,High
ORD118146,WAN,3,2026-01-08,25.0,Medium
ORD110111,SNC,8,2026-05-02,12.0,High
ORD183114,FCY,8,2026-05-03,18.0,High
ORD138835,RCW,2,2026-05-10,23.0,High
ORD141533,FNU,7,2026-01-02,8.0,Low
ORD156646,BES,5,2026-03-30,15.0,High
ORD123415,JZT,4,2026-02-08,17.0,High
ORD111073,CEG,3,2025-09-19,15.0,High
ORD184674,OQN,1,2026-05-10,18.0,High
ORD109338,FCY,3,2025-08-08,18.0,High
ORD142610,NRP,6,2026-01-10,15.0,High
ORD161535,DRD,2,2025-12-19,17.0,Low
ORD156831,FJZ,3,2026-05-14,12.0,Medium
ORD134052,DRD,3,2025-11-10,17.0,Low
ORD176206,SNC,6,2025-06-26,12.0,High
ORD189766,QMW,3,2026-03-26,25.0,High
ORD104401,CXQ,10,2025-10-15,17.0,High
ORD117949,JUC,1,2025-08-23,10.0,Medium
ORD113581,CAT,1,2025-08-09,12.0,Low
ORD193669,EGB,1,2025-08-06,13.0,Low
ORD179832,NFQ,5,2025-09-02,10.0,High
ORD105151,CEG,1,2026-01-13,15.0,High
ORD152624,KCJ,2,2025-06-16,10.0,High
ORD197856,SCN,2,2025-07-13,20.0,High
ORD153371,YZD,5,2025-06-30,15.0,High
ORD140626,LAU,4,2026-03-17,5.0,High
ORD179201,NFQ,4,2025-06-27,10.0,High
ORD190410,HSD,9,2026-02-27,10.0,High
ORD102363,PSJ,5,2025-11-15,7.0,High
ORD159309,YYO,5,2025-09-02,13.0,High
ORD149509,OYF,2,2026-04-21,6.0,High
ORD163080,YYO,1,2025-06-23,13.0,High
ORD104851,PKF,3,2026-03-01,16.0,Medium
ORD148257,JUG,1,2025-10-17,17.0,High
ORD114855,ZQH,3,2025-08-11,9.0,High
ORD100213,YYO,8,2025-10-28,13.0,High
ORD166712,CBB,4,2025-07-27,20.0,High
ORD152203,MZV,4,2025-06-16,8.0,Medium
ORD135237,YYO,2,2026-05-18,13.0,High
ORD169893,FLH,2,2025-11-15,10.0,High
ORD121096,LAU,3,2025-11-27,5.0,High
ORD113442,PKF,3,2025-12-31,16.0,Medium
ORD175038,FFE,3,2026-05-10,5.0,Medium
ORD130280,FLH,9,2025-12-14,10.0,High
ORD114050,NRZ,2,2025-07-22,18.0,High
ORD186908,VMG,5,2026-01-21,22.0,Medium
ORD139268,OQN,2,2025-07-21,18.0,High
ORD117449,SPV,2,2025-12-01,6.0,High
ORD160206,WRS,2,2025-09-01,18.0,High
ORD122625,QMW,3,2026-03-19,25.0,High
ORD182846,QMW,7,2026-03-28,25.0,High
ORD157005,NRZ,9,2025-11-29,18.0,High
ORD186806,FLH,3,2025-06-27,10.0,High
ORD109232,RYE,3,2026-03-28,16.0,High
ORD146903,KCJ,4,2026-03-30,10.0,High
ORD163618,FLH,4,2025-10-11,10.0,High
ORD128851,NUD,1,2025-09-13,11.0,High
ORD181037,SCN,2,2025-07-15,20.0,High
ORD119050,ZUW,3,2026-03-27,22.0,Medium
ORD140897,SPV,1,2026-04-27,6.0,High
ORD197956,WRS,8,2026-01-10,18.0,High
ORD109660,EVW,4,2026-05-15,7.0,High
ORD101224,YBM,4,2025-08-10,5.0,Low
ORD195280,RNL,3,2025-09-17,19.0,High
ORD131230,PBM,3,2025-09-21,19.0,Medium
ORD159488,IFG,4,2025-12-19,23.0,High
ORD197647,QMW,2,2026-04-10,25.0,High
ORD136242,GXL,2,2026-04-29,11.0,Medium
ORD189337,VGB,4,2026-03-10,6.0,Low
ORD173381,LER,3,2026-02-03,20.0,High
ORD191362,KCJ,8,2026-06-01,10.0,High
ORD155506,GRT,4,2025-09-21,8.0,Medium
ORD158232,SPG,9,2026-01-10,25.0,Medium
ORD102852,GXL,1,2026-02-01,11.0,Medium
ORD128290,PKF,6,2026-02-01,16.0,Medium
ORD117410,FLH,6,2026-04-09,10.0,High
ORD184919,PKF,2,2025-11-23,16.0,Medium
ORD193094,OZB,4,2025-08-24,19.0,High
ORD134700,GXL,3,2026-01-18,11.0,Medium
ORD105026,IWO,8,2025-10-20,17.0,Low
ORD133054,RNL,3,2026-02-04,19.0,High
ORD110198,RNL,10,2025-08-31,19.0,High
ORD101382,NUD,2,2025-10-06,11.0,High
ORD169399,IFG,10,2025-06-21,23.0,High
ORD136053,QMW,9,2025-12-12,25.0,High
ORD146105,WFV,3,2025-10-23,6.0,High
ORD106787,FKQ,2,2025-07-14,13.0,High
ORD180553,ADM,2,2026-01-02,20.0,High
ORD192484,OQN,9,2025-11-05,18.0,High
ORD118863,CQK,3,2026-05-04,7.0,Medium
ORD186811,NMS,10,2025-08-03,16.0,Low
ORD197556,ADM,3,2026-03-05,20.0,High
ORD189455,FLH,1,2026-03-04,10.0,High
ORD145743,NRZ,3,2026-03-11,18.0,High
ORD198400,ROB,2,2025-08-25,15.0,Low
ORD151610,QJK,4,2026-03-01,23.0,Low
ORD141452,NUD,8,2025-11-07,11.0,High
ORD126022,BES,2,2025-08-06,15.0,High
ORD188279,NFQ,4,2025-07-07,10.0,High
ORD198289,DXB,6,2026-04-22,8.0,High
ORD152349,ZQH,4,2026-04-02,9.0,High
ORD187263,JLQ,1,2026-02-19,23.0,High
ORD177713,LER,3,2025-11-04,20.0,High
ORD170852,GWD,6,2026-04-24,24.0,High
ORD104477,IGP,2,2025-06-23,9.0,High
ORD192348,NUD,1,2025-12-26,11.0,High
ORD132668,YYO,3,2026-02-05,13.0,High
ORD176089,RNL,2,2026-02-01,19.0,High
ORD103807,IFG,1,2025-07-28,23.0,High
ORD168874,NUD,10,2025-10-20,11.0,High
ORD102719,RBX,1,2025-09-24,21.0,High
ORD158876,SNC,8,2025-12-31,12.0,High
ORD187502,SNC,4,2025-10-23,12.0,High
ORD164358,YZD,4,2025-08-23,15.0,High
ORD104739,VJG,7,2025-11-24,10.0,High
ORD151238,SNY,7,2025-08-31,15.0,Medium
ORD115188,SPC,7,2026-03-17,7.0,High
ORD129793,CQK,1,2025-09-20,7.0,Medium
ORD103581,YZD,1,2025-12-12,15.0,High
ORD155846,XRZ,1,2026-04-04,23.0,Medium
ORD158278,NRP,4,2025-07-11,15.0,High
ORD194983,WXE,2,2026-02-12,12.0,High
ORD155980,LER,7,2026-05-23,20.0,High
ORD137940,DXB,2,2025-08-02,8.0,High
ORD132863,JUG,7,2025-08-29,17.0,High
ORD157662,BES,10,2025-10-29,15.0,High
ORD186185,JVR,1,2025-11-24,17.0,Medium
ORD163246,MDN,1,2026-01-28,14.0,High
ORD107095,SPC,10,2025-11-27,7.0,High
ORD163509,PKF,4,2025-08-08,16.0,Medium
ORD192709,OZB,3,2025-06-13,19.0,High
ORD101071,CBB,8,2025-12-05,20.0,High
ORD144701,TRB,3,2026-05-31,12.0,Medium
ORD118140,YYO,7,2025-08-27,13.0,High
ORD107536,HSD,1,2025-09-27,10.0,High
ORD165848,JZT,2,2025-10-22,17.0,High
ORD135662,WOW,2,2025-08-17,15.0,High
ORD147482,MBW,8,2025-09-09,9.0,Medium
ORD160541,YYO,5,2025-09-01,13.0,High
ORD163400,UYZ,3,2026-05-22,22.0,Low
ORD197273,CWA,3,2026-05-10,20.0,High
ORD178274,CQO,3,2026-05-04,5.0,High
ORD177780,WFV,4,2026-05-28,6.0,High
ORD181753,AFY,2,2025-08-15,16.0,Low
ORD179336,IGP,7,2025-08-21,9.0,High
ORD193801,RCW,9,2026-05-01,23.0,High
ORD123945,WFV,8,2026-03-21,6.0,High
ORD166048,MYU,2,2026-04-04,11.0,Low
ORD112996,FLH,4,2026-04-25,10.0,High
ORD170694,CXQ,3,2025-11-21,17.0,High
ORD135565,LMQ,5,2026-01-21,20.0,High
ORD165503,FLH,4,2025-09-11,10.0,High
ORD157439,EVW,7,2026-03-30,7.0,High
ORD113141,XVX,8,2025-11-08,23.0,High
ORD198994,MDN,7,2025-08-16,14.0,High
ORD165705,YBM,9,2026-05-28,5.0,Low
ORD172269,OVY,1,2026-01-12,8.0,Medium
ORD188920,ZGM,4,2026-03-18,17.0,High
ORD110002,NRZ,2,2025-08-27,18.0,High
ORD141569,FCY,1,2026-02-20,18.0,High
ORD138312,FKQ,2,2026-02-17,13.0,High
ORD110646,CXQ,1,2026-03-01,17.0,High
ORD134641,ZUW,7,2026-04-14,22.0,Medium
ORD194382,VQB,3,2026-02-15,14.0,Low
ORD108422,JPK,2,2025-07-17,19.0,Medium
ORD104537,OIT,4,2026-04-27,20.0,Medium
ORD189917,PSJ,3,2025-08-01,7.0,High
ORD140748,RBX,3,2026-04-18,21.0,High
ORD160746,WRS,8,2026-01-28,18.0,High
ORD129230,RYE,4,2025-08-19,16.0,High
ORD169654,JPK,1,2026-04-30,19.0,Medium
ORD165962,DEW,2,2025-11-17,19.0,Low
ORD110493,IFG,4,2026-01-14,23.0,High
ORD107656,CEG,6,2025-07-13,15.0,High
ORD146407,ZGM,1,2026-04-10,17.0,High
ORD157899,SMS,4,2025-10-13,23.0,Medium
ORD191044,LNZ,10,2025-07-21,12.0,Medium
ORD124330,OYF,3,2025-06-09,6.0,High
ORD189267,DXB,5,2026-01-17,8.0,High
ORD199606,BES,3,2026-03-27,15.0,High
ORD124226,HSD,9,2025-12-16,10.0,High
ORD167679,FKQ,8,2025-12-25,13.0,High
ORD117103,SPV,5,2026-01-28,6.0,High
ORD178221,RYE,2,2025-11-18,16.0,High
ORD104656,JZT,1,2026-03-01,17.0,High
ORD197112,OZB,3,2026-01-16,19.0,High
ORD141346,MZV,5,2026-01-07,8.0,Medium
ORD169850,PSJ,2,2026-03-03,7.0,High
ORD126695,NRZ,5,2025-10-27,18.0,High
ORD159224,EVW,4,2025-08-19,7.0,High
ORD135009,XIM,7,2026-04-25,12.0,Medium
ORD106274,MDN,3,2026-02-01,14.0,High
ORD108111,CBB,4,2025-10-29,20.0,High
ORD186993,SPV,3,2026-04-26,6.0,High
ORD182331,SNC,3,2025-11-04,12.0,High
ORD160119,WXE,10,2026-01-13,12.0,High
ORD118061,IFG,2,2026-04-27,23.0,High
ORD159896,LMQ,6,2025-08-27,20.0,High
ORD118409,WXE,3,2026-01-13,12.0,High
ORD136454,YZD,7,2026-01-23,15.0,High
ORD183853,IWO,4,2025-12-04,17.0,Low
ORD186748,LER,6,2025-11-19,20.0,High
ORD194217,CWE,8,2025-12-28,24.0,Low
ORD114245,ILE,3,2026-03-01,14.0,Medium
ORD105744,PSJ,3,2026-02-14,7.0,High
ORD195611,JZT,3,2026-03-31,17.0,High
ORD163123,WOW,2,2025-12-02,15.0,High
ORD171598,VJG,3,2025-07-09,10.0,High
ORD151513,CEG,2,2026-01-03,15.0,High
ORD187297,LPS,1,2025-12-30,25.0,High
ORD174610,OYF,9,2026-02-11,6.0,High
ORD153695,VQB,1,2026-03-06,14.0,Low
ORD195720,ZQH,4,2025-10-03,9.0,High
ORD152936,GXL,4,2026-02-05,11.0,Medium
ORD120875,ZGM,4,2025-08-02,17.0,High
ORD159697,IGP,4,2025-06-08,9.0,High
ORD107606,JUC,5,2025-08-18,10.0,Medium
ORD158080,QAG,2,2025-06-04,18.0,High
ORD104021,XRZ,7,2025-08-19,23.0,Medium
ORD125096,CXQ,2,2026-03-23,17.0,High
ORD171916,SPV,4,2026-05-02,6.0,High
ORD194848,JZT,5,2025-10-11,17.0,High
ORD189825,TRB,1,2025-11-08,12.0,Medium
ORD193160,JVR,4,2025-08-08,17.0,Medium
ORD130452,YZD,3,2025-07-09,15.0,High
ORD183189,FCY,2,2026-02-15,18.0,High
ORD175672,RBX,2,2026-04-11,21.0,High
ORD184911,CEG,3,2025-12-19,15.0,High
ORD156668,SPC,4,2025-10-27,7.0,High
ORD138874,QIE,9,2026-01-29,7.0,Low
ORD147837,VMG,2,2025-12-24,22.0,Medium
ORD145854,WRS,10,2025-11-22,18.0,High
ORD136904,TIJ,9,2025-11-02,23.0,Low
ORD173188,JZT,9,2025-12-26,17.0,High
ORD142033,WFV,2,2025-11-09,6.0,High
ORD190621,WFV,9,2025-06-08,6.0,High
ORD186549,ZQH,5,2025-08-03,9.0,High
ORD106966,SCN,5,2026-01-31,20.0,High
ORD130633,FCY,8,2026-04-27,18.0,High
ORD187216,ZUW,1,2025-09-23,22.0,Medium
ORD159624,NUD,3,2025-09-25,11.0,High
ORD166481,RBX,3,2026-01-11,21.0,High
ORD185504,IPE,2,2025-07-03,20.0,Medium
ORD162264,QAG,2,2026-04-21,18.0,High
ORD120698,QIE,1,2025-07-15,7.0,Low
ORD106035,YZD,3,2025-11-13,15.0,High
ORD180987,VJG,8,2026-05-18,10.0,High
ORD106320,IGP,8,2026-02-08,9.0,High
ORD113699,RIJ,1,2026-04-26,12.0,Low
ORD108785,GYW,3,2026-04-25,24.0,Low
ORD192481,OZB,2,2026-02-10,19.0,High
ORD182092,CXQ,1,2026-05-12,17.0,High
ORD139085,GWD,7,2025-10-30,24.0,High
ORD151106,JUG,2,2025-09-25,17.0,High
ORD196299,KCJ,2,2025-12-08,10.0,High
ORD190110,RCW,1,2025-06-20,23.0,High
ORD128072,DXB,2,2026-02-01,8.0,High
ORD145929,GBF,2,2026-03-02,24.0,Low
ORD177959,CWA,2,2025-12-26,20.0,High
ORD140540,QMW,10,2025-12-06,25.0,High
ORD173371,XVX,7,2025-06-20,23.0,High
ORD135865,WXE,10,2026-04-25,12.0,High
ORD183812,GXL,1,2026-04-16,11.0,Medium
ORD144016,FLH,3,2025-08-24,10.0,High
ORD172081,JUG,7,2025-08-29,17.0,High
ORD176833,FJZ,1,2026-04-17,12.0,Medium
ORD139208,QEU,5,2026-05-05,23.0,Medium
ORD103922,LER,8,2026-01-07,20.0,High
ORD166343,NRP,3,2025-07-31,15.0,High
ORD133080,OYF,2,2026-02-02,6.0,High
ORD196308,MWM,3,2026-05-09,14.0,Medium
ORD173112,BDV,7,2025-07-13,14.0,Low
ORD153943,ZGM,4,2025-11-20,17.0,High
ORD133919,WXE,9,2025-11-14,12.0,High
ORD161208,QMW,5,2025-08-28,25.0,High
ORD160181,YZD,3,2025-07-24,15.0,High
ORD142781,PKF,2,2025-08-30,16.0,Medium
ORD152556,NRP,1,2026-02-05,15.0,High
ORD163748,RNL,10,2025-09-01,19.0,High
ORD195809,CEG,1,2025-11-10,15.0,High
ORD171520,MYU,3,2026-03-22,11.0,Low
ORD142738,JLQ,9,2026-03-10,23.0,High
ORD128922,RYE,3,2026-01-26,16.0,High
ORD151985,NFQ,1,2025-06-09,10.0,High
ORD199514,CWA,2,2025-11-26,20.0,High
ORD117147,MWM,4,2026-05-22,14.0,Medium
ORD173538,QMW,10,2026-02-28,25.0,High
ORD142163,NUD,3,2025-08-19,11.0,High
ORD168307,SNC,3,2026-01-18,12.0,High
ORD120900,CQO,1,2025-12-03,5.0,High
ORD171788,NRP,1,2025-10-10,15.0,High
ORD178179,GRT,5,2026-03-31,8.0,Medium
ORD147649,IGP,5,2026-01-26,9.0,High
ORD164035,YOK,2,2026-02-24,14.0,Medium
ORD123007,JZT,3,2025-08-12,17.0,High
ORD178050,JZT,2,2025-07-20,17.0,High
ORD137068,SNY,4,2026-02-15,15.0,Medium
ORD140197,SNC,2,2025-12-25,12.0,High
ORD167703,YZD,6,2026-04-16,15.0,High
ORD169706,MDN,1,2026-03-09,14.0,High
ORD161127,ZQH,1,2025-07-17,9.0,High
ORD117713,XRZ,3,2026-02-14,23.0,Medium
ORD169484,ZQH,9,2026-05-24,9.0,High
ORD103171,CQO,6,2026-01-05,5.0,High
ORD182290,CGW,6,2025-07-06,11.0,Medium
ORD131903,WOW,2,2026-02-15,15.0,High
ORD177363,WRS,8,2026-05-15,18.0,High
ORD182363,RYE,1,2026-03-27,16.0,High
ORD194639,WRS,10,2025-10-05,18.0,High
ORD198985,CBB,2,2025-07-21,20.0,High
ORD179544,YYO,1,2025-12-21,13.0,High
ORD136956,JZT,2,2025-09-04,17.0,High
ORD175650,LMQ,4,2025-12-13,20.0,High
ORD122220,OZB,6,2025-07-03,19.0,High
ORD119332,TRB,6,2025-07-30,12.0,Medium
ORD110529,OZB,3,2026-02-04,19.0,High
ORD109462,BES,8,2026-04-15,15.0,High
ORD158302,LMQ,3,2025-08-04,20.0,High
ORD193613,CQO,4,2025-10-26,5.0,High
ORD159313,CEG,2,2025-08-30,15.0,High
ORD130703,RRI,2,2026-03-28,11.0,Medium
ORD144065,SPV,5,2026-01-05,6.0,High
ORD135045,GWD,4,2025-10-13,24.0,High
ORD118789,OYF,4,2025-08-08,6.0,High
ORD131336,CEG,1,2026-01-23,15.0,High
ORD177142,ZQH,10,2026-03-14,9.0,High
ORD174910,YOK,3,2025-11-28,14.0,Medium
ORD143729,FLH,6,2025-10-25,10.0,High
ORD114051,FLH,9,2025-06-08,10.0,High
ORD146936,CQO,7,2025-08-26,5.0,High
ORD129693,OYF,4,2026-05-01,6.0,High
ORD116972,JZT,6,2025-10-08,17.0,High
ORD176986,MDN,4,2026-03-27,14.0,High
ORD144019,WFV,4,2026-04-17,6.0,High
ORD199248,FLH,2,2025-08-18,10.0,High
ORD128624,XMO,4,2025-09-03,24.0,Medium
ORD144806,WFV,3,2026-06-01,6.0,High
ORD118706,LER,10,2025-07-02,20.0,High
ORD104997,LAU,4,2025-12-07,5.0,High
ORD174562,CZS,4,2025-06-15,6.0,Medium
ORD178726,WOW,6,2025-07-04,15.0,High
ORD143570,SPG,4,2026-05-22,25.0,Medium
ORD125277,FKQ,3,2025-09-14,13.0,High
ORD107327,YBM,5,2025-09-29,5.0,Low
ORD107880,OQN,2,2025-11-17,18.0,High
ORD100344,NRP,3,2026-01-03,15.0,High
ORD163202,PBM,4,2026-03-01,19.0,Medium
ORD193453,LER,1,2025-10-10,20.0,High
ORD143650,QMW,10,2025-07-13,25.0,High
ORD174785,ZQH,2,2025-07-18,9.0,High
ORD177483,KRU,10,2025-07-06,16.0,Low
ORD199133,FKQ,3,2025-11-02,13.0,High
ORD166345,KCJ,7,2026-01-17,10.0,High
ORD132988,CEG,4,2025-11-14,15.0,High
ORD171463,LPS,1,2025-10-01,25.0,High
ORD139541,IGP,2,2025-10-02,9.0,High
ORD185439,EVW,1,2026-03-19,7.0,High
ORD190960,SNC,3,2026-05-23,12.0,High
ORD128452,CQO,6,2025-12-11,5.0,High
ORD156509,RNL,5,2025-08-08,19.0,High
ORD177441,BES,7,2025-09-01,15.0,High
ORD184681,NRP,2,2025-09-22,15.0,High
ORD189155,OQN,6,2025-10-14,18.0,High
ORD179627,NFQ,3,2025-10-09,10.0,High
ORD109873,JUC,3,2025-07-21,10.0,Medium
ORD149313,LER,5,2026-01-22,20.0,High
ORD103484,EVW,7,2026-05-31,7.0,High
ORD164070,CEG,6,2025-09-29,15.0,High
ORD138236,IGP,6,2025-12-27,9.0,High
ORD104420,JLQ,4,2026-05-31,23.0,High
ORD199311,YZD,4,2026-01-22,15.0,High
ORD143827,CVO,2,2026-05-26,20.0,Low
ORD178625,ADM,3,2026-02-02,20.0,High
ORD108468,OYF,3,2025-09-29,6.0,High
ORD135487,UAX,7,2025-08-28,16.0,Medium
ORD105499,HSD,8,2025-06-12,10.0,High
ORD109664,CSM,2,2025-07-03,14.0,Medium
ORD131052,TIJ,2,2026-01-05,23.0,Low
ORD154980,DXB,9,2025-08-26,8.0,High
ORD152750,CEG,2,2025-12-24,15.0,High
ORD111803,XIM,4,2026-03-08,12.0,Medium
ORD169173,GXL,1,2025-09-26,11.0,Medium
ORD175837,WFV,1,2025-09-28,6.0,High
ORD126651,CBB,3,2026-05-09,20.0,High
ORD141672,OYF,1,2026-03-22,6.0,High
ORD163182,EVW,6,2025-11-18,7.0,High
ORD199569,ILE,6,2025-08-17,14.0,Medium
ORD166423,HSD,10,2026-04-29,10.0,High
ORD196131,MDN,5,2026-05-06,14.0,High
ORD171272,MGY,2,2025-12-29,9.0,Low
ORD146324,ADM,4,2026-01-27,20.0,High
ORD143206,IFG,3,2025-12-01,23.0,High
ORD176945,INT,4,2026-01-04,18.0,Low
ORD185189,OQN,5,2025-06-24,18.0,High
ORD197019,ZUW,5,2026-01-15,22.0,Medium
ORD104422,UPP,1,2025-09-15,10.0,Medium
ORD193741,VGB,1,2026-01-22,6.0,Low
ORD153925,PBM,4,2025-12-18,19.0,Medium
ORD114775,SNC,10,2026-01-05,12.0,High
ORD127436,KYB,10,2026-04-24,18.0,Medium
ORD123432,YZD,1,2025-10-09,15.0,High
ORD114255,NRZ,4,2025-10-06,18.0,High
ORD190622,YZD,2,2025-10-16,15.0,High
ORD114006,WOW,1,2025-07-06,15.0,High
ORD196711,ADM,1,2025-12-22,20.0,High
ORD106279,JVR,2,2026-02-22,17.0,Medium
ORD171986,QAG,9,2025-06-04,18.0,High
ORD144685,RBX,3,2025-07-26,21.0,High
ORD191871,OBP,4,2026-03-04,5.0,Low
ORD125146,VKI,3,2026-03-13,6.0,Medium
ORD123841,MDN,3,2026-03-06,14.0,High
ORD105122,OQN,6,2026-04-11,18.0,High
ORD166979,CAT,3,2025-09-03,12.0,Low
ORD176148,OQN,10,2025-06-25,18.0,High
ORD122328,GWD,8,2025-09-25,24.0,High
ORD163414,UYZ,5,2025-08-23,22.0,Low
ORD169768,SNY,4,2026-03-15,15.0,Medium
ORD149255,IGP,6,2025-06-06,9.0,High
ORD127102,MWM,4,2026-02-25,14.0,Medium
ORD169028,PBM,2,2025-06-19,19.0,Medium
ORD127398,SPV,4,2025-12-19,6.0,High
ORD108127,GRT,10,2025-10-14,8.0,Medium
ORD141939,MDN,3,2026-03-20,14.0,High
ORD132994,SPV,2,2025-07-09,6.0,High
ORD110281,JUG,3,2025-12-13,17.0,High
ORD161609,OQN,3,2026-02-24,18.0,High
ORD101831,YYO,2,2026-05-09,13.0,High
ORD105348,EJV,2,2025-06-14,17.0,Low
ORD137464,WXE,3,2025-10-28,12.0,High
ORD195671,ZDV,4,2026-05-15,25.0,Medium
ORD170439,SCN,3,2025-12-21,20.0,High
ORD132389,XRZ,2,2025-07-12,23.0,Medium
ORD122751,RYE,4,2026-04-15,16.0,High
ORD134071,WFV,1,2025-10-17,6.0,High
ORD125802,LAU,3,2026-03-14,5.0,High
ORD121397,WRS,8,2025-11-29,18.0,High
ORD140730,LQT,7,2026-02-02,20.0,Medium
ORD167262,IPE,2,2026-01-07,20.0,Medium
ORD138980,MDN,2,2025-11-08,14.0,High
ORD181577,MGM,2,2026-05-05,12.0,Low
ORD173222,IGP,4,2025-10-26,9.0,High
ORD164370,QMW,5,2025-06-26,25.0,High
ORD142597,ADM,2,2025-09-05,20.0,High
ORD171232,CEG,3,2026-05-11,15.0,High
ORD154813,QAG,3,2026-02-04,18.0,High
ORD112536,IGP,9,2026-03-31,9.0,High
ORD167037,MDN,2,2025-06-15,14.0,High
ORD126873,CXQ,5,2025-06-16,17.0,High
ORD128124,LPS,3,2025-10-04,25.0,High
ORD166447,SYF,3,2025-06-02,11.0,Low
ORD143001,WEK,10,2025-11-04,14.0,Medium
ORD140102,NRP,6,2026-01-06,15.0,High
ORD129188,JPK,10,2025-07-21,19.0,Medium
ORD159027,ARU,8,2025-09-06,21.0,Medium
ORD147102,HSD,4,2026-04-02,10.0,High
ORD153229,RBX,1,2026-03-20,21.0,High
ORD121584,FCY,2,2026-02-23,18.0,High
ORD109009,ZQH,1,2025-08-04,9.0,High
ORD141988,DXB,1,2025-07-06,8.0,High
ORD184710,NFQ,2,2025-09-27,10.0,High
ORD106693,DXB,1,2026-01-07,8.0,High
ORD144157,CZS,3,2025-12-29,6.0,Medium
ORD136718,IFG,2,2025-11-05,23.0,High
ORD145898,LNZ,4,2025-12-25,12.0,Medium
ORD144540,VMG,4,2025-09-16,22.0,Medium
ORD170130,TAW,2,2025-11-10,17.0,Medium
ORD119651,VGB,3,2025-12-14,6.0,Low
ORD110861,JUG,8,2025-09-14,17.0,High
ORD189355,CWA,2,2025-06-12,20.0,High
ORD185413,CGW,7,2025-11-29,11.0,Medium
ORD166018,WFV,2,2025-07-30,6.0,High
ORD159490,CXQ,3,2026-02-25,17.0,High
ORD181368,ILE,2,2025-10-30,14.0,Medium
ORD122845,RYE,3,2025-08-30,16.0,High
ORD107168,QMW,1,2026-05-31,25.0,High
ORD172396,SPV,9,2026-01-09,6.0,High
ORD186907,XVX,3,2025-10-31,23.0,High
ORD193591,ZQH,5,2025-09-13,9.0,High
ORD119590,IPE,3,2025-06-24,20.0,Medium
ORD124993,FFE,1,2025-12-20,5.0,Medium
ORD136609,SPV,1,2026-02-25,6.0,High
ORD164458,CEG,2,2025-08-09,15.0,High
ORD139212,RYE,4,2025-08-26,16.0,High
ORD150169,SPG,3,2025-09-12,25.0,Medium
ORD151832,XRZ,9,2025-11-06,23.0,Medium
ORD150357,FKQ,3,2026-03-04,13.0,High
ORD137002,CGW,2,2026-05-13,11.0,Medium
ORD138654,TRB,1,2025-12-03,12.0,Medium
ORD155635,HSD,3,2025-07-01,10.0,High
ORD179342,ZUW,1,2026-01-31,22.0,Medium
ORD182655,WRS,10,2026-01-06,18.0,High
ORD121315,KCJ,4,2026-02-10,10.0,High
ORD191666,IGP,3,2026-02-07,9.0,High
ORD134324,YYO,10,2025-11-09,13.0,High
ORD105814,OJI,1,2025-09-14,12.0,Medium
ORD175428,MDN,5,2025-10-03,14.0,High
ORD117324,CBB,2,2025-07-09,20.0,High
ORD193816,TRB,1,2025-06-07,12.0,Medium
ORD135829,HFC,1,2026-03-23,13.0,Medium
ORD163904,EVW,10,2025-12-24,7.0,High
ORD123292,CEG,1,2025-06-25,15.0,High
ORD185399,ZGM,6,2026-02-04,17.0,High
ORD130075,CEG,4,2025-09-26,15.0,High
ORD118995,RCW,5,2025-12-30,23.0,High
ORD181656,SMS,3,2026-01-13,23.0,Medium
ORD195205,KCJ,1,2025-06-05,10.0,High
ORD134925,EVW,1,2026-02-28,7.0,High
ORD153409,YYO,5,2025-11-05,13.0,High
ORD156589,JVR,1,2025-06-06,17.0,Medium
ORD155596,DIY,3,2025-07-11,12.0,Low
ORD115961,ADM,2,2026-04-18,20.0,High
ORD185786,UHR,2,2026-03-10,9.0,Low
ORD179016,WRS,10,2026-05-18,18.0,High
ORD186758,VJG,3,2025-11-14,10.0,High
ORD189949,VJG,10,2025-10-18,10.0,High
ORD177870,TAW,3,2025-12-27,17.0,Medium
ORD199421,KCJ,2,2025-09-05,10.0,High
ORD194971,JUG,4,2025-11-25,17.0,High
ORD183703,CQO,2,2025-06-07,5.0,High
ORD176560,DXB,9,2025-06-18,8.0,High
ORD163338,QMW,1,2026-01-19,25.0,High
ORD150419,WXE,10,2025-06-14,12.0,High
ORD119823,FLH,3,2025-12-06,10.0,High
ORD168520,RNZ,1,2025-06-20,10.0,Medium
ORD165906,BES,5,2025-08-16,15.0,High
ORD126609,NUD,1,2026-04-20,11.0,High
ORD167526,XVX,3,2025-11-12,23.0,High
ORD145052,SPV,4,2026-03-19,6.0,High
ORD187865,FJZ,3,2026-05-05,12.0,Medium
ORD189575,WRS,5,2025-10-11,18.0,High
ORD194670,NUD,4,2025-06-23,11.0,High
ORD176419,QAG,2,2025-09-02,18.0,High
ORD152252,ADM,4,2025-08-03,20.0,High
ORD178855,CXQ,2,2025-06-13,17.0,High
ORD157239,GZE,2,2025-11-12,15.0,Medium
ORD164072,NRP,1,2026-03-03,15.0,High
ORD196359,SCN,2,2025-09-13,20.0,High
ORD138179,GWD,3,2025-06-18,24.0,High
ORD110628,EVW,8,2025-10-14,7.0,High
ORD161148,QJK,1,2025-09-25,23.0,Low
ORD109701,KCJ,10,2025-09-07,10.0,High
ORD142455,QAG,6,2025-09-15,18.0,High
ORD140344,GBF,2,2025-06-18,24.0,Low
ORD101075,CWA,2,2025-08-23,20.0,High
ORD144405,WOW,3,2025-07-29,15.0,High
ORD188902,DXB,1,2025-09-24,8.0,High
ORD104082,WAN,3,2025-07-19,25.0,Medium
ORD157477,CQO,6,2025-12-25,5.0,High
ORD198300,QMW,2,2026-04-25,25.0,High
ORD173509,ZGM,2,2026-01-07,17.0,High
ORD186026,OYF,4,2025-10-20,6.0,High
ORD161836,WXE,4,2026-03-19,12.0,High
ORD134251,VMG,10,2025-09-07,22.0,Medium
ORD175527,MWM,7,2026-05-10,14.0,Medium
ORD131328,GBF,2,2026-03-05,24.0,Low
ORD133051,QMW,1,2025-09-18,25.0,High
ORD132567,RNZ,3,2025-07-18,10.0,Medium
ORD124229,VKI,10,2025-10-03,6.0,Medium
ORD172257,MBW,6,2025-08-17,9.0,Medium
ORD111816,GIJ,6,2025-10-09,18.0,Low
ORD179010,NRP,1,2026-01-04,15.0,High
ORD126786,MYU,4,2025-10-16,11.0,Low
ORD161929,NFQ,3,2026-04-29,10.0,High
ORD174314,CXQ,4,2025-12-06,17.0,High
ORD169191,BDV,9,2025-08-28,14.0,Low
ORD162227,LFP,4,2025-10-27,15.0,Low
ORD151108,OQN,1,2025-12-22,18.0,High
ORD159005,SNC,7,2025-07-05,12.0,High
ORD112854,WFV,9,2025-08-10,6.0,High
ORD196726,QMW,3,2026-05-14,25.0,High
ORD186997,JPK,4,2025-08-29,19.0,Medium
ORD128970,SNC,1,2025-06-13,12.0,High
ORD175872,XVX,1,2025-07-13,23.0,High
ORD169955,OYF,4,2025-08-09,6.0,High
ORD188426,VJG,8,2026-05-17,10.0,High
ORD184938,FLH,1,2026-05-11,10.0,High
ORD134228,CZS,2,2025-11-03,6.0,Medium
ORD121007,TAW,1,2025-06-25,17.0,Medium
ORD108627,LER,1,2025-07-27,20.0,High
ORD190055,FCY,2,2026-04-29,18.0,High
ORD129378,NRZ,9,2025-11-28,18.0,High
ORD152219,ADM,5,2025-12-23,20.0,High
ORD198567,KYB,3,2025-09-24,18.0,Medium
ORD114397,OQN,2,2025-08-10,18.0,High
ORD117719,RYE,3,2025-12-29,16.0,High
ORD151694,RCW,7,2025-08-22,23.0,High
ORD140013,LMQ,9,2026-03-17,20.0,High
ORD119236,RNL,3,2025-12-20,19.0,High
ORD138589,WXE,2,2025-06-23,12.0,High
ORD157966,IGP,10,2026-05-09,9.0,High
ORD184155,XVX,1,2026-03-02,23.0,High
ORD151825,GWD,1,2025-11-28,24.0,High
ORD169852,PSJ,2,2026-03-29,7.0,High
ORD196783,ADM,4,2026-01-22,20.0,High
ORD162483,CWA,2,2026-02-11,20.0,High
ORD131735,QMW,6,2026-04-22,25.0,High
ORD127546,DEW,2,2025-11-22,19.0,Low
ORD166265,HSD,2,2025-10-04,10.0,High
ORD155986,OVY,4,2025-09-09,8.0,Medium
ORD188475,CQO,1,2025-06-02,5.0,High
ORD130441,GZE,4,2025-06-08,15.0,Medium
ORD166884,YYO,1,2025-12-17,13.0,High
ORD118199,SPC,4,2025-11-23,7.0,High
ORD164169,ADM,8,2025-10-30,20.0,High
ORD180388,WAN,1,2025-08-26,25.0,Medium
ORD186363,LPS,1,2026-02-09,25.0,High
ORD146013,RYE,2,2025-10-13,16.0,High
ORD107515,SPC,7,2025-10-13,7.0,High
ORD123122,ZDV,3,2026-04-10,25.0,Medium
ORD177097,CWA,3,2025-07-12,20.0,High
ORD105900,MDN,2,2026-03-14,14.0,High
ORD140486,OQN,4,2025-06-07,18.0,High
ORD119331,IFG,3,2025-09-18,23.0,High
ORD136426,MDN,10,2025-06-17,14.0,High
ORD108641,LMQ,2,2025-11-02,20.0,High
ORD157640,MDN,7,2025-11-04,14.0,High
ORD178792,XVX,3,2025-07-19,23.0,High
ORD188393,SPC,2,2026-02-23,7.0,High
ORD114118,NRP,2,2026-03-12,15.0,High
ORD111635,CQK,1,2026-02-21,7.0,Medium
ORD155965,QMW,8,2026-02-25,25.0,High
ORD150505,GWD,4,2026-02-08,24.0,High
ORD106712,THQ,3,2026-05-01,5.0,Low
ORD170119,SPV,1,2025-09-17,6.0,High
ORD140353,ZQH,8,2025-06-18,9.0,High
ORD157423,JPK,3,2025-07-11,19.0,Medium
ORD123186,SNC,1,2026-01-25,12.0,High
ORD185667,OIT,7,2026-05-22,20.0,Medium
ORD138142,EVW,4,2025-09-27,7.0,High
ORD127249,IGP,1,2025-09-28,9.0,High
ORD146910,DXB,3,2026-01-11,8.0,High
ORD109034,RCW,2,2025-06-22,23.0,High
ORD126428,SCN,3,2025-09-24,20.0,High
ORD186558,RCW,4,2026-05-27,23.0,High
ORD166475,CSM,6,2026-03-20,14.0,Medium
ORD142563,LAU,3,2025-07-29,5.0,High
ORD180582,NRP,4,2025-07-03,15.0,High
ORD118572,ADM,2,2025-09-07,20.0,High
ORD192818,RBX,4,2025-09-20,21.0,High
ORD165044,FKQ,4,2025-07-22,13.0,High
ORD102248,NRP,2,2025-11-08,15.0,High
ORD149873,JZT,2,2026-05-28,17.0,High
ORD177981,QIE,1,2025-07-19,7.0,Low
ORD140531,VJG,7,2026-03-19,10.0,High
ORD146699,ADM,2,2026-01-02,20.0,High
ORD124308,DXB,10,2026-03-07,8.0,High
ORD195463,JLQ,4,2025-10-15,23.0,High
ORD163503,IGP,4,2026-03-09,9.0,High
ORD144606,JZT,1,2025-07-19,17.0,High
ORD183957,ZGM,3,2025-06-15,17.0,High
ORD191310,RCW,3,2025-08-04,23.0,High
ORD168362,QEU,8,2025-08-12,23.0,Medium
ORD115687,NRP,9,2026-04-30,15.0,High
ORD155715,CXQ,3,2025-12-04,17.0,High
ORD118190,MJP,4,2025-07-12,22.0,Low
ORD121684,RNL,1,2026-04-27,19.0,High
ORD135108,SNC,2,2025-06-08,12.0,High
ORD104718,HFC,4,2025-12-25,13.0,Medium
ORD137087,FCY,3,2025-09-09,18.0,High
ORD196952,GWD,5,2025-07-06,24.0,High
ORD155119,QMW,5,2025-07-17,25.0,High
ORD155610,GXL,1,2025-11-09,11.0,Medium
ORD153877,MYU,4,2025-08-31,11.0,Low
ORD100140,WRS,3,2025-12-08,18.0,High
ORD173270,EVW,2,2026-02-16,7.0,High
ORD178079,OVY,4,2025-11-13,8.0,Medium
ORD118102,BDV,4,2025-08-18,14.0,Low
ORD157923,SPV,2,2026-03-14,6.0,High
ORD175575,NFQ,4,2026-05-29,10.0,High
ORD132605,CEG,2,2025-06-26,15.0,High
ORD138012,JPK,7,2025-11-07,19.0,Medium
ORD100636,YYO,4,2026-01-29,13.0,High
ORD128285,OVY,4,2025-12-16,8.0,Medium
ORD177847,CBB,4,2025-12-26,20.0,High
ORD126675,NFQ,1,2025-12-05,10.0,High
ORD151246,JLQ,2,2026-03-10,23.0,High
ORD177500,CXQ,2,2025-09-26,17.0,High
ORD120175,ZQH,4,2025-09-30,9.0,High
ORD120136,CWA,2,2026-05-04,20.0,High
ORD128893,OBP,5,2025-10-19,5.0,Low
ORD163175,EVW,2,2025-07-22,7.0,High
ORD171444,BES,2,2025-08-30,15.0,High
ORD148757,LPS,6,2026-04-30,25.0,High
ORD100305,QMW,6,2025-09-04,25.0,High
ORD169543,OZB,3,2025-07-01,19.0,High
ORD190470,YYO,1,2026-03-20,13.0,High
ORD162386,VJG,1,2026-01-01,10.0,High
ORD176360,VJG,7,2026-04-22,10.0,High
ORD108907,ADM,1,2026-04-10,20.0,High
ORD149214,FLH,3,2026-05-31,10.0,High
ORD155852,CQO,6,2026-05-16,5.0,High
ORD121510,MBW,6,2025-10-28,9.0,Medium
ORD140576,ZUW,2,2025-11-27,22.0,Medium
ORD196139,PKF,4,2025-10-19,16.0,Medium
ORD182789,GBF,6,2026-03-02,24.0,Low
ORD173635,SPV,1,2025-06-26,6.0,High
ORD128879,DRD,1,2026-03-12,17.0,Low
ORD167385,NRZ,1,2026-01-02,18.0,High
ORD121656,WRS,1,2025-07-25,18.0,High
ORD195589,OQN,1,2026-05-14,18.0,High
ORD141233,WXE,2,2025-07-17,12.0,High
ORD134565,OQN,3,2025-07-10,18.0,High
ORD133069,LER,10,2025-08-14,20.0,High
ORD106023,DXB,2,2025-06-28,8.0,High
ORD195810,JVR,4,2026-02-27,17.0,Medium
ORD168907,JLQ,6,2025-06-04,23.0,High
ORD196213,XVX,1,2025-10-26,23.0,High
ORD154622,JZT,3,2025-08-24,17.0,High
ORD170391,SCN,6,2025-12-03,20.0,High
ORD168768,WXE,8,2026-02-17,12.0,High
ORD181911,JUG,1,2025-12-06,17.0,High
ORD130767,BRX,4,2025-09-18,15.0,Low
ORD106722,FKQ,4,2025-11-22,13.0,High
ORD185955,ADM,4,2026-03-01,20.0,High
ORD139264,YZD,2,2025-08-03,15.0,High
ORD130383,JLQ,3,2025-12-23,23.0,High
ORD136828,YYO,7,2026-05-07,13.0,High
ORD147021,QEU,8,2025-11-13,23.0,Medium
ORD127295,EGB,8,2026-02-19,13.0,Low
ORD163880,FKQ,2,2025-06-21,13.0,High
ORD137202,LRX,1,2025-06-12,18.0,Low
ORD130433,CZS,1,2026-05-02,6.0,Medium
ORD136786,NRP,1,2025-09-26,15.0,High
ORD189886,FKQ,2,2026-05-19,13.0,High
ORD113708,ROB,1,2026-01-17,15.0,Low
ORD127567,RRI,1,2025-11-23,11.0,Medium
ORD119318,WRS,1,2026-02-01,18.0,High
ORD120691,CQO,1,2025-12-03,5.0,High
ORD119493,ADM,2,2026-03-01,20.0,High
ORD159613,NTQ,4,2026-02-22,10.0,Low
ORD126131,AFY,3,2026-06-01,16.0,Low
ORD156473,SCN,8,2025-12-16,20.0,High
ORD155602,SCN,10,2026-03-11,20.0,High
ORD110709,KCJ,4,2026-02-14,10.0,High
ORD139173,LFP,7,2025-11-03,15.0,Low
ORD181696,MZV,10,2025-10-08,8.0,Medium
ORD198767,LAU,4,2025-12-18,5.0,High
ORD110196,VJG,2,2025-09-13,10.0,High
ORD163920,CXQ,1,2026-05-11,17.0,High
ORD122798,CWA,4,2025-12-03,20.0,High
ORD104307,PBM,7,2026-04-14,19.0,Medium
ORD169761,VKI,4,2025-08-27,6.0,Medium
ORD115724,RNL,1,2026-02-07,19.0,High
ORD143011,THQ,6,2025-07-25,5.0,Low
ORD193093,OQN,6,2026-02-14,18.0,High
ORD159478,NFQ,10,2025-09-30,10.0,High
ORD184787,NTQ,2,2025-11-14,10.0,Low
ORD164521,FKQ,3,2025-12-02,13.0,High
ORD151075,UAX,5,2025-11-19,16.0,Medium
ORD128584,MZV,9,2025-09-18,8.0,Medium
ORD162812,CEG,6,2025-09-15,15.0,High
ORD136025,ZQH,8,2026-03-12,9.0,High
ORD180279,WRS,3,2026-02-08,18.0,High
ORD130177,LQT,4,2025-11-18,20.0,Medium
ORD168929,OQN,2,2026-02-16,18.0,High
ORD133663,XMO,3,2025-10-11,24.0,Medium
ORD174699,XVX,6,2025-08-24,23.0,High
ORD152663,EVW,3,2025-07-09,7.0,High
ORD198609,ADM,1,2025-06-18,20.0,High
ORD141347,RNL,1,2025-12-25,19.0,High
ORD199845,IGP,3,2026-05-24,9.0,High
ORD161610,WOW,4,2026-01-09,15.0,High
ORD163965,VJG,3,2025-10-13,10.0,High
ORD118178,LAU,3,2025-11-11,5.0,High
ORD122104,PSJ,10,2026-01-21,7.0,High
ORD142790,MGY,3,2025-06-16,9.0,Low
ORD168887,LMQ,6,2025-12-18,20.0,High
ORD197864,MDN,2,2026-01-17,14.0,High
ORD122163,ZDV,1,2026-05-22,25.0,Medium
ORD112337,WOW,6,2025-07-22,15.0,High
ORD120447,ZQH,10,2026-01-18,9.0,High
ORD198160,WOW,10,2026-04-01,15.0,High
ORD188529,SPC,2,2026-04-10,7.0,High
ORD101151,RCW,4,2025-12-27,23.0,High
ORD168286,YYO,2,2026-03-01,13.0,High
ORD160411,MYU,2,2025-08-13,11.0,Low
ORD120597,CQO,2,2026-01-19,5.0,High
ORD193549,RCW,5,2025-09-24,23.0,High
ORD118069,YYO,4,2025-07-16,13.0,High
ORD132322,YOK,3,2025-08-09,14.0,Medium
ORD159242,LER,4,2025-08-03,20.0,High
ORD193624,NFQ,3,2025-06-03,10.0,High
ORD172799,FFE,2,2025-11-26,5.0,Medium
ORD178707,GWD,1,2025-07-30,24.0,High
ORD169369,SPV,7,2025-09-16,6.0,High
ORD163497,UAX,5,2025-10-07,16.0,Medium
ORD102535,NFQ,6,2025-07-19,10.0,High
ORD168188,MBW,2,2025-12-17,9.0,Medium
ORD164162,CQO,1,2025-06-07,5.0,High
ORD142000,PSJ,1,2025-06-12,7.0,High
ORD142003,ZGM,2,2025-12-14,17.0,High
ORD124143,JPK,1,2026-05-15,19.0,Medium
ORD144494,QAG,3,2025-07-11,18.0,High
ORD124922,GRT,5,2026-05-27,8.0,Medium
ORD149275,YZD,3,2026-03-21,15.0,High
ORD118795,XVX,2,2026-03-03,23.0,High
ORD158880,RNL,5,2025-08-07,19.0,High
ORD104004,RBX,7,2026-03-22,21.0,High
ORD167547,QMW,2,2026-02-08,25.0,High
ORD118731,YYO,1,2026-05-31,13.0,High
ORD138906,CQO,1,2026-01-08,5.0,High
ORD197189,CQO,3,2025-08-08,5.0,High
ORD108545,YYO,6,2025-09-14,13.0,High
ORD102818,ADM,1,2025-10-19,20.0,High
ORD156635,NUD,3,2025-10-29,11.0,High
ORD163536,ZQH,1,2026-03-28,9.0,High
ORD191242,DIY,3,2026-02-24,12.0,Low
ORD161215,NUD,3,2026-03-03,11.0,High
ORD133299,IFG,3,2025-07-30,23.0,High
ORD172507,NUD,4,2026-05-08,11.0,High
ORD189298,VJG,3,2026-04-14,10.0,High
ORD158050,VMG,2,2025-09-23,22.0,Medium
ORD168828,KYB,2,2026-01-13,18.0,Medium
ORD151085,NUD,1,2025-12-28,11.0,High
ORD153970,NRZ,2,2025-12-13,18.0,High
ORD192281,CEG,6,2025-10-19,15.0,High
ORD127584,ARU,4,2025-11-07,21.0,Medium
ORD187582,ZGM,5,2025-06-18,17.0,High
ORD186333,TIJ,9,2026-02-03,23.0,Low
ORD182061,JUG,4,2026-04-03,17.0,High
ORD189335,OVY,7,2025-09-27,8.0,Medium
ORD192838,RCW,3,2025-11-18,23.0,High
ORD155096,XRZ,4,2025-11-04,23.0,Medium
ORD110041,EVW,6,2025-10-10,7.0,High
ORD152116,QMW,4,2026-02-28,25.0,High
ORD165171,OVY,9,2026-04-01,8.0,Medium
ORD151978,LYE,6,2025-07-24,19.0,Low
ORD152431,KYB,2,2026-05-14,18.0,Medium
ORD180242,ADM,1,2026-04-30,20.0,High
ORD102718,ZGM,10,2025-07-24,17.0,High
ORD141113,XVX,4,2025-06-19,23.0,High
ORD174710,CXQ,1,2026-02-13,17.0,High
ORD146110,GWD,1,2026-03-24,24.0,High
ORD132509,OIT,7,2025-08-13,20.0,Medium
ORD104341,CQO,2,2025-08-09,5.0,High
ORD170526,YOK,6,2026-02-08,14.0,Medium
ORD157789,CEG,3,2026-02-06,15.0,High
ORD154609,LPS,2,2025-09-13,25.0,High
ORD133441,ZSI,1,2026-02-27,18.0,Low
ORD130769,QMW,2,2025-07-02,25.0,High
ORD101768,FCY,9,2026-03-07,18.0,High
ORD198310,ZGM,4,2025-11-15,17.0,High
ORD123121,ADM,2,2026-03-08,20.0,High
ORD122562,VJG,1,2026-03-14,10.0,High
ORD112908,QMW,3,2026-01-24,25.0,High
ORD199057,CEG,1,2026-04-18,15.0,High
ORD177286,SPV,4,2025-11-14,6.0,High
ORD108923,NUD,10,2025-09-11,11.0,High
ORD122719,NRP,2,2026-01-19,15.0,High
ORD111247,ZSI,3,2026-02-28,18.0,Low
ORD176884,CBB,1,2026-04-29,20.0,High
ORD107687,DXB,2,2026-02-05,8.0,High
ORD119619,EVW,2,2026-04-07,7.0,High
ORD196915,XIM,1,2025-11-22,12.0,Medium
ORD164345,PSJ,6,2025-11-06,7.0,High
ORD146075,IGP,5,2026-05-13,9.0,High
ORD126641,OQN,4,2026-01-24,18.0,High
ORD173278,QEU,1,2025-06-29,23.0,Medium
ORD158924,WXE,4,2025-12-29,12.0,High
ORD143382,QMW,8,2026-01-06,25.0,High
ORD123987,FFE,7,2025-11-14,5.0,Medium
ORD163827,VKI,1,2025-07-21,6.0,Medium
ORD131382,NUD,7,2026-04-17,11.0,High
ORD119927,IWO,3,2025-11-21,17.0,Low
ORD109044,LMQ,10,2025-12-24,20.0,High
ORD106639,CWA,4,2026-03-01,20.0,High
ORD143727,LPS,4,2026-05-28,25.0,High
ORD167469,IGP,4,2025-11-05,9.0,High
ORD153118,PSJ,3,2026-02-26,7.0,High
ORD126687,SCN,1,2026-01-31,20.0,High
ORD118681,ADM,2,2025-11-15,20.0,High
ORD100253,WFV,1,2026-01-05,6.0,High
ORD184837,SMS,3,2025-06-16,23.0,Medium
ORD102069,VQB,4,2026-03-26,14.0,Low
ORD126766,RYE,1,2025-06-05,16.0,High
ORD192885,CAT,4,2025-10-17,12.0,Low
ORD113003,DXB,2,2025-12-02,8.0,High
ORD126425,ZQH,2,2026-04-03,9.0,High
ORD198540,MGM,4,2025-11-13,12.0,Low
ORD188242,PSJ,4,2025-10-02,7.0,High
ORD110983,TAW,1,2026-02-03,17.0,Medium
ORD161556,RNL,3,2026-03-13,19.0,High
ORD141728,GWD,2,2025-12-13,24.0,High
ORD146267,ZQH,1,2025-06-29,9.0,High
ORD173947,NRP,8,2026-01-17,15.0,High
ORD127427,UAX,5,2025-10-14,16.0,Medium
ORD152005,RBX,3,2025-08-27,21.0,High
ORD163394,FFE,9,2025-12-23,5.0,Medium
ORD195550,QAG,4,2025-07-18,18.0,High
ORD126141,CWA,8,2026-03-27,20.0,High
ORD182218,XVX,3,2025-11-11,23.0,High
ORD139306,QAG,2,2025-10-16,18.0,High
ORD196885,CBB,8,2026-05-31,20.0,High
ORD127166,JVR,6,2026-01-04,17.0,Medium
ORD164627,VGB,3,2025-06-02,6.0,Low
ORD165729,YYO,8,2025-08-14,13.0,High
ORD104592,FJZ,3,2025-07-30,12.0,Medium
ORD184201,DXB,8,2025-07-17,8.0,High
ORD119418,RYE,4,2026-05-20,16.0,High
ORD152758,CQO,3,2025-07-31,5.0,High
ORD119799,IFG,8,2026-01-27,23.0,High
ORD192632,UPP,4,2026-05-16,10.0,Medium
ORD135815,NUD,6,2026-02-11,11.0,High
ORD118130,BES,1,2025-07-31,15.0,High
ORD186757,ZGM,1,2026-01-01,17.0,High
ORD196130,BDV,9,2025-10-01,14.0,Low
ORD129819,PKF,1,2026-02-10,16.0,Medium
ORD144340,RRI,2,2026-02-11,11.0,Medium
ORD166887,NFQ,4,2026-01-12,10.0,High
ORD156937,ZQH,2,2025-09-15,9.0,High
ORD184838,YYO,8,2026-01-18,13.0,High
ORD170214,QMW,4,2025-10-03,25.0,High
ORD101949,LAU,2,2026-01-29,5.0,High
ORD103690,GWD,9,2026-02-08,24.0,High
ORD129831,JVR,1,2025-12-05,17.0,Medium
ORD182297,SPC,3,2026-01-10,7.0,High
ORD135882,KYB,3,2026-04-16,18.0,Medium
ORD186296,DIY,5,2025-10-22,12.0,Low
ORD121191,THQ,2,2026-02-27,5.0,Low
ORD120716,OIT,3,2025-11-02,20.0,Medium
ORD109758,YBM,10,2025-12-07,5.0,Low
ORD102364,FLH,10,2025-08-05,10.0,High
ORD136502,IFG,4,2026-05-27,23.0,High
ORD176813,NRP,1,2026-03-22,15.0,High
ORD157706,YYO,4,2025-09-29,13.0,High
ORD102192,QIE,6,2026-04-14,7.0,Low
ORD112463,SPG,1,2025-08-06,25.0,Medium
ORD145532,LMQ,3,2025-06-04,20.0,High
ORD146687,XJB,2,2025-12-18,8.0,Low
ORD127370,WRS,8,2025-10-23,18.0,High
ORD106044,QMW,2,2026-04-28,25.0,High
ORD124485,GXL,4,2025-08-02,11.0,Medium
ORD140530,CXQ,1,2025-09-18,17.0,High
ORD150901,WOW,5,2025-10-15,15.0,High
ORD166366,FCY,3,2025-06-15,18.0,High
ORD109204,FLH,4,2026-04-20,10.0,High
ORD172736,WAN,4,2025-10-20,25.0,Medium
ORD155739,WXE,1,2026-04-30,12.0,High
ORD126096,VKI,3,2026-01-04,6.0,Medium
ORD108725,PSJ,3,2025-09-06,7.0,High
ORD128819,ESQ,1,2026-05-25,13.0,Low
ORD162292,FLH,4,2026-01-17,10.0,High
ORD131477,HSD,1,2025-11-15,10.0,High
ORD188382,CXQ,10,2026-02-05,17.0,High
ORD191654,EVW,7,2026-04-27,7.0,High
ORD101935,YZD,2,2026-03-26,15.0,High
ORD118048,NRZ,3,2025-10-03,18.0,High
ORD168092,RCW,7,2025-06-01,23.0,High
ORD188366,ZUW,1,2026-03-10,22.0,Medium
ORD139330,XJB,1,2026-04-18,8.0,Low
ORD154075,FKQ,9,2025-09-15,13.0,High
ORD150933,UPP,5,2026-02-18,10.0,Medium
ORD143579,MBW,2,2025-07-24,9.0,Medium
ORD180628,LMQ,4,2026-01-22,20.0,High
ORD175932,YZD,3,2026-02-03,15.0,High
ORD145573,ZSI,3,2026-01-01,18.0,Low
ORD152858,BES,5,2025-11-25,15.0,High
ORD127627,CEG,4,2025-07-24,15.0,High
ORD181441,WRS,1,2025-08-09,18.0,High
ORD124268,DXB,5,2025-06-08,8.0,High
ORD179834,PSJ,6,2026-02-21,7.0,High
ORD108153,LAU,5,2025-08-29,5.0,High
ORD139642,JLQ,9,2025-06-14,23.0,High
ORD143424,RNL,6,2025-08-11,19.0,High
ORD173059,ZUW,2,2025-08-13,22.0,Medium
ORD185061,OYF,9,2025-10-06,6.0,High
ORD111083,LAU,8,2025-12-05,5.0,High
ORD126844,HSD,7,2025-08-09,10.0,High
ORD160729,SCN,5,2025-06-27,20.0,High
ORD118945,OYF,2,2026-02-03,6.0,High
ORD138248,AFY,4,2025-12-17,16.0,Low
ORD135824,RNL,9,2025-10-30,19.0,High
ORD175162,WXE,1,2025-10-19,12.0,High
ORD150060,SPV,2,2026-05-16,6.0,High
ORD117217,FLH,5,2025-10-03,10.0,High
ORD126947,ZSI,2,2025-07-29,18.0,Low
ORD146437,FCY,4,2026-01-22,18.0,High
ORD155177,WEK,2,2026-05-22,14.0,Medium
ORD198716,OQN,6,2025-11-07,18.0,High
ORD173015,IGP,2,2025-11-01,9.0,High
ORD144692,SMS,2,2026-03-26,23.0,Medium
ORD171572,OYF,4,2026-05-16,6.0,High
ORD148473,JUG,7,2026-05-21,17.0,High
ORD131488,LMQ,4,2025-11-07,20.0,High
ORD128855,CQO,2,2025-11-13,5.0,High
ORD172485,OVY,2,2025-06-29,8.0,Medium
ORD115235,DXB,2,2025-07-23,8.0,High
ORD124591,JVR,4,2025-06-30,17.0,Medium
ORD187153,NRP,8,2025-06-17,15.0,High
ORD120962,NRZ,3,2026-03-14,18.0,High
ORD122757,WFV,3,2026-05-20,6.0,High
ORD104984,QAG,2,2026-03-07,18.0,High
ORD186603,SNC,10,2025-07-03,12.0,High
ORD160503,LMQ,1,2025-11-17,20.0,High
ORD107599,XVX,3,2025-08-15,23.0,High
ORD109663,JUG,9,2025-11-03,17.0,High
ORD124454,FCY,5,2026-05-02,18.0,High
ORD166840,DRD,2,2025-08-06,17.0,Low
ORD101268,QJK,3,2025-10-17,23.0,Low
ORD165484,FLH,2,2026-03-20,10.0,High
ORD162933,FLH,1,2025-08-19,10.0,High
ORD103475,NFQ,8,2026-05-25,10.0,High
ORD142339,FFE,1,2026-04-06,5.0,Medium
ORD199454,NUD,4,2026-05-15,11.0,High
ORD143574,OYF,4,2025-08-22,6.0,High
ORD117296,PSJ,2,2026-02-21,7.0,High
ORD197367,YYO,3,2026-01-04,13.0,High
ORD183373,SYF,3,2026-01-09,11.0,Low
ORD131574,VJG,3,2026-02-17,10.0,High
ORD123901,RCW,1,2025-09-28,23.0,High
ORD154194,CAT,4,2025-09-06,12.0,Low
ORD179286,YOK,3,2026-03-02,14.0,Medium
ORD131748,PSJ,7,2025-06-18,7.0,High
ORD180186,JUG,10,2026-04-17,17.0,High
ORD130422,BES,2,2026-01-05,15.0,High
ORD153713,RRI,1,2025-06-07,11.0,Medium
ORD129148,CEG,7,2025-06-27,15.0,High
ORD175865,FLH,1,2025-06-14,10.0,High
ORD156859,CQO,3,2025-12-18,5.0,High
ORD164488,QIE,4,2026-03-11,7.0,Low
ORD169787,LPS,6,2025-06-17,25.0,High
ORD179235,WFV,1,2026-04-11,6.0,High
ORD161740,CXQ,9,2026-05-09,17.0,High
ORD194945,SPV,2,2025-11-22,6.0,High
ORD123694,LNZ,1,2025-10-31,12.0,Medium
ORD170024,OJI,5,2025-11-19,12.0,Medium
ORD106734,SCN,4,2025-11-30,20.0,High
ORD178133,XIM,1,2025-12-09,12.0,Medium
ORD122904,RYE,4,2025-12-08,16.0,High
ORD129824,RYE,2,2025-12-20,16.0,High
ORD166458,OYF,1,2025-08-15,6.0,High
ORD155810,BES,4,2025-11-04,15.0,High
ORD125702,IGP,1,2026-02-08,9.0,High
ORD197569,BES,3,2026-05-05,15.0,High
ORD106033,THQ,4,2025-11-09,5.0,Low
ORD146625,NUD,8,2025-08-13,11.0,High
ORD142327,JZT,9,2026-03-24,17.0,High
ORD140181,CEG,3,2025-06-02,15.0,High
ORD175294,BKE,7,2026-04-06,20.0,Medium
ORD193957,HFC,2,2026-05-08,13.0,Medium
ORD179059,IFG,3,2026-05-17,23.0,High
ORD192100,XVX,4,2025-11-01,23.0,High
ORD102961,JUG,4,2025-08-20,17.0,High
ORD181680,LPS,4,2025-08-19,25.0,High
ORD181156,SCN,5,2025-12-30,20.0,High
ORD145625,IFG,3,2025-06-27,23.0,High
ORD125366,PKF,1,2025-09-23,16.0,Medium
ORD193566,OQN,1,2026-04-10,18.0,High
ORD147679,QAG,5,2025-07-17,18.0,High
ORD117192,WFV,1,2026-05-02,6.0,High
ORD176215,CBB,1,2026-05-23,20.0,High
ORD132654,LER,1,2026-04-20,20.0,High
ORD193376,CBB,10,2026-01-06,20.0,High
ORD167887,NRP,3,2025-12-12,15.0,High
ORD188455,RRI,2,2025-06-08,11.0,Medium
ORD159798,OJI,5,2025-08-14,12.0,Medium
ORD101152,OYF,3,2025-09-20,6.0,High
ORD109625,MDN,10,2025-08-18,14.0,High
ORD103790,CEG,1,2025-12-22,15.0,High
ORD140611,WOW,6,2026-04-18,15.0,High
ORD154905,YZD,8,2025-12-06,15.0,High
ORD135694,SNC,3,2025-06-05,12.0,High
ORD196833,LNZ,9,2026-02-19,12.0,Medium
ORD119519,DRD,3,2026-04-18,17.0,Low
ORD153349,ARU,2,2025-12-28,21.0,Medium
ORD117193,HSD,5,2025-12-23,10.0,High
ORD199967,JUG,3,2025-07-04,17.0,High
ORD104677,RNL,10,2025-09-01,19.0,High
ORD100300,CWA,9,2025-11-05,20.0,High
ORD147226,VQB,1,2025-08-23,14.0,Low
ORD113905,CWA,9,2026-03-26,20.0,High
ORD125610,JUG,3,2026-04-23,17.0,High
ORD140434,JZT,2,2025-07-29,17.0,High
ORD197898,EJV,1,2026-03-07,17.0,Low
ORD122898,SPV,3,2026-02-06,6.0,High
ORD187281,WXE,4,2025-11-26,12.0,High
ORD181243,WXE,1,2026-01-14,12.0,High
ORD194962,OZB,3,2025-09-18,19.0,High
ORD137172,JUC,2,2025-11-26,10.0,Medium
ORD164143,JZT,1,2026-05-17,17.0,High
ORD173675,ADM,2,2026-04-03,20.0,High
ORD137408,CBB,6,2026-05-10,20.0,High
ORD197908,MGM,1,2025-09-15,12.0,Low
ORD131027,IGP,2,2026-03-27,9.0,High
ORD189747,RCW,3,2025-06-09,23.0,High
ORD134685,ZGM,3,2025-06-28,17.0,High
ORD157445,RCW,7,2026-02-01,23.0,High
ORD120803,ZGM,1,2026-05-14,17.0,High
ORD112115,IGP,2,2025-09-16,9.0,High
ORD100174,QAG,4,2026-03-07,18.0,High
ORD100262,YZD,4,2026-03-23,15.0,High
ORD157084,CBB,2,2025-10-15,20.0,High
ORD169034,KYB,2,2026-04-05,18.0,Medium
ORD152979,OZB,4,2025-11-05,19.0,High
ORD105465,CQK,3,2025-06-14,7.0,Medium
ORD158972,SCN,1,2025-09-08,20.0,High
ORD100404,SCN,3,2025-09-22,20.0,High
ORD158430,KCJ,2,2026-04-03,10.0,High
ORD158706,QAG,1,2026-01-11,18.0,High
ORD102803,SCN,3,2025-07-03,20.0,High
ORD146574,SPC,8,2026-05-04,7.0,High
ORD103396,MYU,9,2026-05-30,11.0,Low
ORD113921,RCW,2,2025-06-24,23.0,High
ORD118562,LQT,3,2026-04-22,20.0,Medium
ORD175614,SPG,2,2025-11-04,25.0,Medium
ORD128451,OZB,2,2025-07-11,19.0,High
ORD103084,OZB,9,2025-09-03,19.0,High
ORD194328,WXE,1,2025-11-30,12.0,High
ORD164901,IFG,1,2025-11-12,23.0,High
ORD165147,BES,3,2025-11-26,15.0,High
ORD101356,RRI,2,2025-06-08,11.0,Medium
ORD121222,JZT,3,2026-05-25,17.0,High
ORD193790,RNL,7,2025-09-21,19.0,High
ORD114394,LPS,9,2025-06-04,25.0,High
ORD143084,SNY,2,2026-05-10,15.0,Medium
ORD132296,JUC,9,2026-05-12,10.0,Medium
ORD183846,CEG,7,2025-07-16,15.0,High
ORD135223,PSJ,2,2025-06-29,7.0,High
ORD138477,HFC,6,2026-04-30,13.0,Medium
ORD104754,SNC,2,2026-02-27,12.0,High
ORD193639,OIT,3,2026-03-05,20.0,Medium
ORD155821,QMW,4,2025-06-07,25.0,High
ORD130706,HFC,4,2025-07-16,13.0,Medium
ORD134283,BES,2,2026-04-12,15.0,High
ORD130219,ZGM,1,2025-10-06,17.0,High
ORD155061,OBP,1,2026-05-25,5.0,Low
ORD130967,DXB,3,2026-02-19,8.0,High
ORD121643,WFV,3,2025-09-13,6.0,High
ORD155581,RBX,3,2025-12-05,21.0,High
ORD157065,OQN,3,2025-11-18,18.0,High
ORD130514,DRD,10,2025-10-04,17.0,Low
ORD165860,NUD,4,2025-11-09,11.0,High
ORD132095,RNZ,7,2025-06-25,10.0,Medium
ORD193187,GYW,4,2025-08-29,24.0,Low
ORD188618,UPP,4,2025-08-03,10.0,Medium
ORD104300,ZGM,4,2026-02-18,17.0,High
ORD176288,QAG,9,2025-06-19,18.0,High
ORD169029,KCJ,2,2026-02-26,10.0,High
ORD162437,WEK,3,2025-11-26,14.0,Medium
ORD176913,NRZ,4,2025-10-23,18.0,High
ORD136044,ZQH,1,2026-06-01,9.0,High
ORD195422,AFY,4,2025-10-26,16.0,Low
ORD120681,QEU,3,2025-10-21,23.0,Medium
ORD125999,YYO,3,2026-03-03,13.0,High
ORD165575,RYE,1,2026-03-20,16.0,High
ORD144762,WXE,1,2026-02-16,12.0,High
ORD154134,QEU,10,2026-02-05,23.0,Medium
ORD120765,QAG,1,2025-12-28,18.0,High
ORD158987,VJG,1,2026-05-06,10.0,High
ORD112959,NRP,6,2026-05-16,15.0,High
ORD131106,WXE,1,2026-04-27,12.0,High
ORD167632,RYE,5,2025-06-27,16.0,High
ORD125080,LQT,3,2025-08-04,20.0,Medium
ORD129511,CEG,1,2026-03-24,15.0,High
ORD164166,QAG,9,2026-03-16,18.0,High
ORD155139,HFC,1,2026-02-21,13.0,Medium
ORD198736,DXB,9,2025-10-30,8.0,High
ORD183551,IFG,4,2025-11-09,23.0,High
ORD184009,OZB,8,2025-08-13,19.0,High
ORD138036,KYB,5,2026-06-01,18.0,Medium
ORD101229,INT,8,2026-04-02,18.0,Low
ORD175138,FNU,7,2026-01-08,8.0,Low
ORD166526,JUG,3,2026-02-06,17.0,High
ORD104439,QMW,1,2026-05-30,25.0,High
ORD177619,QAG,2,2026-05-15,18.0,High
ORD187499,CEG,2,2025-09-07,15.0,High
ORD107661,OJI,7,2025-10-24,12.0,Medium
ORD136921,HSD,4,2025-12-29,10.0,High
ORD174935,HSD,5,2025-06-21,10.0,High
ORD144456,SPV,2,2026-04-25,6.0,High
ORD157855,ZQH,1,2026-04-05,9.0,High
ORD141525,BES,2,2025-06-14,15.0,High
ORD113972,TIJ,3,2026-02-03,23.0,Low
ORD103817,SCN,7,2026-05-30,20.0,High
ORD170293,XMO,8,2026-01-31,24.0,Medium
ORD174601,CQO,2,2025-10-14,5.0,High
ORD181539,JZT,2,2025-06-03,17.0,High
ORD188442,GZE,1,2026-02-20,15.0,Medium
ORD148204,JUC,1,2025-09-05,10.0,Medium
ORD197653,KYB,1,2025-09-01,18.0,Medium
ORD188478,ZUW,3,2025-11-20,22.0,Medium
ORD140240,ZGM,4,2025-12-04,17.0,High
ORD114302,ADM,3,2025-10-24,20.0,High
ORD104334,ILE,2,2026-03-31,14.0,Medium
ORD177339,OYF,1,2026-05-01,6.0,High
ORD119347,SPV,1,2026-01-27,6.0,High
ORD137906,OYF,1,2026-01-13,6.0,High
ORD119902,CBB,4,2025-08-05,20.0,High
ORD161203,ZGM,4,2025-06-08,17.0,High
ORD192459,WOW,2,2026-04-04,15.0,High
ORD101163,NRZ,1,2026-05-14,18.0,High
ORD137447,OQN,2,2025-09-08,18.0,High
ORD193638,IGP,5,2025-10-08,9.0,High
ORD149518,JZT,8,2025-06-12,17.0,High
ORD122964,XVX,6,2025-12-05,23.0,High
ORD176416,RNL,3,2026-03-17,19.0,High
ORD105797,VMG,2,2026-04-24,22.0,Medium
ORD125774,NMS,9,2025-06-06,16.0,Low
ORD149877,CWA,2,2026-02-27,20.0,High
ORD196233,JZT,9,2025-08-18,17.0,High
ORD131582,WAN,4,2025-09-01,25.0,Medium
ORD138575,SCN,6,2025-12-28,20.0,High
ORD148966,EVW,10,2026-03-30,7.0,High
ORD135638,YZD,3,2025-08-24,15.0,High
ORD136628,SMS,4,2025-09-15,23.0,Medium
ORD119250,RNL,1,2025-12-03,19.0,High
ORD129012,LAU,4,2025-10-22,5.0,High
ORD138394,ADM,2,2025-11-12,20.0,High
ORD196635,CZS,2,2025-12-28,6.0,Medium
ORD134012,EVW,3,2026-01-29,7.0,High
ORD182389,BKE,4,2025-06-27,20.0,Medium
ORD160991,JZT,1,2026-04-09,17.0,High
ORD152785,TRB,1,2025-06-02,12.0,Medium
ORD191005,MYU,2,2026-04-08,11.0,Low
ORD171408,YZD,7,2026-05-05,15.0,High
ORD173153,GXL,3,2025-06-24,11.0,Medium
ORD190419,JUC,8,2026-02-25,10.0,Medium
ORD136163,CSM,2,2026-03-12,14.0,Medium
ORD112965,SPV,4,2026-02-26,6.0,High
ORD155010,ZGM,1,2025-09-05,17.0,High
ORD124412,WXE,3,2025-09-04,12.0,High
ORD170322,IGP,6,2026-04-04,9.0,High
ORD194787,FKQ,4,2026-03-29,13.0,High
ORD134690,XMO,2,2025-09-22,24.0,Medium
ORD141800,SCN,8,2025-07-04,20.0,High
ORD194216,LAU,4,2025-07-01,5.0,High
ORD105435,RCW,5,2026-05-07,23.0,High
ORD133855,OJI,4,2025-06-02,12.0,Medium
ORD106744,KCJ,6,2025-09-29,10.0,High
ORD181354,DXB,9,2025-06-21,8.0,High
ORD175479,DEW,7,2025-07-08,19.0,Low
ORD175060,IGP,4,2025-10-23,9.0,High
ORD149003,NRZ,4,2026-01-15,18.0,High
ORD184022,SCN,5,2025-12-30,20.0,High
ORD152779,RCW,1,2025-11-30,23.0,High
ORD191169,IGP,9,2025-08-08,9.0,High
ORD172719,SNY,3,2026-02-01,15.0,Medium
ORD198352,WFV,6,2026-05-19,6.0,High
ORD170649,HFC,3,2025-06-21,13.0,Medium
ORD149017,CQO,4,2026-01-25,5.0,High
ORD117966,LNZ,2,2025-09-09,12.0,Medium
ORD173043,JPK,3,2025-11-12,19.0,Medium
ORD193255,SPC,1,2025-11-20,7.0,High
ORD171399,CBB,8,2025-09-14,20.0,High
ORD139980,JLQ,4,2026-02-25,23.0,High
ORD120066,SCN,6,2026-05-01,20.0,High
ORD110331,IFG,1,2025-12-20,23.0,High
ORD151386,FKQ,3,2026-04-09,13.0,High
ORD131113,MDN,1,2025-12-22,14.0,High
ORD151093,CQO,3,2025-12-22,5.0,High
ORD106651,ZGM,10,2026-04-27,17.0,High
ORD157565,RCW,9,2026-02-13,23.0,High
ORD134231,UPP,1,2026-04-13,10.0,Medium
ORD134341,VJG,3,2025-07-06,10.0,High
ORD130434,TAW,3,2025-08-26,17.0,Medium
ORD180494,CGW,1,2026-05-07,11.0,Medium
ORD121563,UHR,3,2026-05-08,9.0,Low
ORD108338,WRS,3,2025-08-19,18.0,High
ORD153808,LQT,5,2025-09-11,20.0,Medium
ORD173455,JUC,8,2026-02-26,10.0,Medium
ORD135625,SCN,1,2026-02-23,20.0,High
ORD121278,WXE,2,2026-03-17,12.0,High
ORD183452,NRZ,4,2025-08-12,18.0,High
ORD122244,PKF,3,2025-06-06,16.0,Medium
ORD116409,MWM,1,2025-12-20,14.0,Medium
ORD128417,GWD,3,2025-09-23,24.0,High
ORD172901,UPP,2,2025-11-06,10.0,Medium
ORD135305,IFG,3,2025-08-15,23.0,High
ORD115857,FLH,2,2025-06-18,10.0,High
ORD169882,JZT,1,2025-10-28,17.0,High
ORD188076,KYB,6,2026-04-12,18.0,Medium
ORD147074,NGF,1,2025-09-22,19.0,Low
ORD128322,JUC,2,2025-08-06,10.0,Medium
ORD143865,KYB,1,2026-05-13,18.0,Medium
ORD164817,WFV,5,2026-01-30,6.0,High
ORD184673,ZQH,2,2026-01-08,9.0,High
ORD121534,LMQ,2,2025-06-07,20.0,High
ORD108492,PKF,2,2026-03-02,16.0,Medium
ORD100420,PSJ,4,2026-03-23,7.0,High
ORD178470,LER,2,2026-06-01,20.0,High
ORD126561,OQN,4,2025-09-23,18.0,High
ORD193377,CBB,4,2026-05-01,20.0,High
ORD162455,ADM,7,2025-11-24,20.0,High
ORD101627,JLQ,7,2025-12-30,23.0,High
ORD132397,FCY,2,2025-12-23,18.0,High
ORD184865,RBX,1,2025-12-24,21.0,High
ORD116503,SNC,3,2026-01-17,12.0,High
ORD170597,GZE,4,2025-10-28,15.0,Medium
ORD118303,JLQ,4,2025-08-13,23.0,High
ORD146548,SCN,1,2026-04-06,20.0,High
ORD143231,LPS,4,2025-07-22,25.0,High
ORD129409,QAG,9,2026-01-28,18.0,High
ORD141907,FLH,4,2025-12-10,10.0,High
ORD168066,SPV,2,2026-05-26,6.0,High
ORD163377,JZT,1,2026-05-17,17.0,High
ORD177983,SPG,1,2025-10-19,25.0,Medium
ORD112793,NRZ,1,2025-10-07,18.0,High
ORD118790,LQT,6,2026-02-12,20.0,Medium
ORD164487,SPC,1,2025-06-03,7.0,High
ORD111098,CEG,1,2025-10-20,15.0,High
ORD154098,GWD,2,2026-01-12,24.0,High
ORD124718,LFP,1,2025-07-07,15.0,Low
ORD196903,FCY,4,2025-06-21,18.0,High
ORD116728,RCW,4,2025-11-27,23.0,High
ORD104381,QEU,6,2026-03-23,23.0,Medium
ORD112041,ESQ,9,2026-01-19,13.0,Low
ORD135755,YZD,1,2025-07-26,15.0,High
ORD105094,MDN,4,2026-03-07,14.0,High
ORD156929,SNC,2,2025-06-01,12.0,High
ORD131769,WRS,2,2026-03-29,18.0,High
ORD113502,YZD,1,2026-02-13,15.0,High
ORD152718,CVO,1,2026-02-21,20.0,Low
ORD154979,DEW,1,2026-01-11,19.0,Low
ORD151204,BES,3,2026-01-29,15.0,High
ORD125361,XVX,2,2026-04-09,23.0,High
ORD160383,JZT,6,2026-02-13,17.0,High
ORD140429,RCW,6,2025-11-05,23.0,High
ORD119035,GIJ,4,2026-01-16,18.0,Low
ORD133319,CXQ,10,2025-10-16,17.0,High
ORD139699,JUG,3,2025-12-24,17.0,High
ORD162864,LER,1,2025-09-23,20.0,High
ORD108976,WOW,6,2025-08-30,15.0,High
ORD111846,MDN,4,2025-07-10,14.0,High
ORD175326,UPP,3,2026-04-14,10.0,Medium
ORD177195,RNL,5,2025-11-03,19.0,High
ORD171897,SNC,2,2025-11-24,12.0,High
ORD107904,YYO,2,2026-03-13,13.0,High
ORD138843,CXQ,1,2026-01-03,17.0,High
ORD184290,EVW,4,2026-02-25,7.0,High
ORD139336,RNL,4,2026-01-12,19.0,High
ORD116491,XVX,6,2026-03-29,23.0,High
ORD152899,FLH,4,2025-08-23,10.0,High
ORD109906,UPP,1,2025-08-30,10.0,Medium
ORD140339,SCN,10,2025-10-10,20.0,High
ORD137637,NRZ,4,2025-06-28,18.0,High
ORD165259,CVO,10,2025-11-29,20.0,Low
ORD153096,INT,6,2025-12-20,18.0,Low
ORD116333,RNL,10,2025-11-14,19.0,High
ORD160609,GRT,4,2025-12-19,8.0,Medium
ORD118616,NRP,1,2025-07-04,15.0,High
ORD157138,HSD,4,2026-01-02,10.0,High
ORD102317,CEG,3,2025-08-24,15.0,High
ORD137908,BKE,4,2025-12-02,20.0,Medium
ORD187933,CXQ,5,2025-10-13,17.0,High
ORD187237,IGP,2,2025-10-27,9.0,High
ORD171929,SPC,2,2025-08-29,7.0,High
ORD165608,GZE,2,2026-04-13,15.0,Medium
ORD149600,FKQ,7,2025-10-23,13.0,High
ORD129788,ZGM,4,2025-07-04,17.0,High
ORD145141,QEU,1,2026-05-09,23.0,Medium
ORD127767,OZB,6,2025-07-17,19.0,High
ORD123995,OQN,1,2026-02-20,18.0,High
ORD124449,CWA,7,2025-12-06,20.0,High
ORD166026,XVX,4,2026-02-20,23.0,High
ORD178727,XVX,1,2025-11-09,23.0,High
ORD185237,WRS,8,2025-11-21,18.0,High
ORD116700,JLQ,4,2026-05-05,23.0,High
ORD195876,SNY,4,2026-02-13,15.0,Medium
ORD113205,QMW,2,2025-09-03,25.0,High
ORD118065,RNZ,2,2026-02-07,10.0,Medium
ORD165148,LPS,9,2026-01-20,25.0,High
ORD133771,ZUW,6,2025-07-24,22.0,Medium
ORD117373,SNC,1,2025-10-17,12.0,High
ORD105365,MZV,1,2026-03-03,8.0,Medium
ORD144725,ESQ,6,2025-06-13,13.0,Low
ORD152488,EGB,2,2025-06-21,13.0,Low
ORD135896,XVX,7,2025-06-05,23.0,High
ORD141035,RYE,3,2025-07-18,16.0,High
ORD129413,WRS,4,2025-06-18,18.0,High
ORD136936,DXB,2,2025-09-25,8.0,High
ORD138444,OYF,2,2025-11-24,6.0,High
ORD127949,LMQ,10,2025-12-08,20.0,High
ORD139569,WXE,2,2025-12-10,12.0,High
ORD188581,BES,2,2025-07-25,15.0,High
ORD173532,DEW,4,2025-07-27,19.0,Low
ORD188111,DXB,1,2025-12-18,8.0,High
ORD118244,NFQ,3,2025-11-12,10.0,High
ORD104706,JVR,3,2025-08-17,17.0,Medium
ORD121924,HSD,4,2026-02-08,10.0,High
ORD186488,IFG,3,2026-03-26,23.0,High
ORD102179,WEK,2,2025-08-04,14.0,Medium
ORD185802,IFG,1,2025-09-15,23.0,High
ORD126895,ZQH,1,2026-02-26,9.0,High
ORD140142,QMW,4,2026-04-13,25.0,High
ORD196646,ADM,4,2025-07-30,20.0,High
ORD137570,SPV,2,2026-02-10,6.0,High
ORD130683,RCW,10,2026-02-14,23.0,High
ORD116086,CBB,3,2025-11-23,20.0,High
ORD130709,WRS,2,2025-10-02,18.0,High
ORD163657,RCW,4,2026-04-12,23.0,High
ORD113228,KCJ,10,2025-07-31,10.0,High
ORD112740,CQO,4,2026-05-17,5.0,High
ORD179307,NMS,4,2025-12-05,16.0,Low
ORD125960,ADM,4,2025-10-26,20.0,High
ORD118251,IGP,10,2025-06-13,9.0,High
ORD164792,ZDV,4,2025-10-09,25.0,Medium
ORD181711,FLH,8,2025-10-30,10.0,High
ORD102372,RNL,3,2026-01-20,19.0,High
ORD123920,CBB,4,2025-09-03,20.0,High
ORD121615,YZD,4,2026-04-14,15.0,High
ORD174196,CZS,4,2026-01-04,6.0,Medium
ORD170650,ADM,9,2025-08-28,20.0,High
ORD187458,GIJ,2,2026-06-01,18.0,Low
ORD166702,IFG,9,2026-05-13,23.0,High
ORD197532,KCJ,7,2025-12-17,10.0,High
ORD116165,NMS,10,2025-07-15,16.0,Low
ORD182638,LQT,8,2025-11-14,20.0,Medium
ORD153466,UHR,7,2025-06-05,9.0,Low
ORD116575,LYE,3,2025-07-15,19.0,Low
ORD103146,ADM,3,2025-10-14,20.0,High
ORD115936,WXE,1,2025-08-13,12.0,High
ORD187124,GIJ,1,2025-09-17,18.0,Low
ORD185384,MDN,3,2025-09-19,14.0,High
ORD165108,LMQ,3,2025-06-05,20.0,High
ORD148237,LAU,7,2025-12-08,5.0,High
ORD127788,OQN,3,2026-04-02,18.0,High
ORD150957,NRP,1,2025-12-15,15.0,High
ORD138845,VJG,9,2026-02-09,10.0,High
ORD198045,GXL,7,2025-06-27,11.0,Medium
ORD164337,UHR,4,2025-10-15,9.0,Low
ORD110653,ZQH,7,2025-10-29,9.0,High
ORD159647,CQO,10,2026-02-05,5.0,High
ORD102315,ZGM,7,2026-01-06,17.0,High
ORD149334,FCY,3,2025-10-31,18.0,High
ORD138745,XVX,2,2025-10-16,23.0,High
ORD109347,NRP,3,2025-06-30,15.0,High
ORD178499,JLQ,3,2025-10-25,23.0,High
ORD185638,NRZ,3,2025-10-24,18.0,High
ORD160323,PSJ,2,2025-08-27,7.0,High
ORD132380,CBB,1,2025-10-11,20.0,High
ORD160224,SNY,3,2025-06-17,15.0,Medium
ORD119918,XRZ,8,2025-08-05,23.0,Medium
ORD157992,CZS,1,2026-01-13,6.0,Medium
ORD170775,XVX,3,2025-09-24,23.0,High
ORD198259,EJV,5,2026-05-17,17.0,Low
ORD178135,JLQ,10,2026-02-10,23.0,High
ORD101313,RCW,2,2025-06-14,23.0,High
ORD125748,WFV,3,2026-04-16,6.0,High
ORD102577,TIJ,6,2025-11-15,23.0,Low
ORD130860,RCW,3,2025-06-22,23.0,High
ORD110793,IPE,7,2026-04-19,20.0,Medium
ORD104805,LAU,8,2025-09-18,5.0,High
ORD146233,CBB,1,2026-02-22,20.0,High
ORD118425,SCN,1,2025-11-20,20.0,High
ORD185838,ADM,4,2025-09-15,20.0,High
ORD154588,NUD,5,2026-03-23,11.0,High
ORD148895,EVW,2,2026-05-08,7.0,High
ORD100359,WFV,1,2025-09-21,6.0,High
ORD112308,FFE,1,2025-11-25,5.0,Medium
ORD165559,LAU,7,2025-12-17,5.0,High
ORD164870,VQB,3,2026-05-18,14.0,Low
ORD190792,GWD,7,2025-07-30,24.0,High
ORD115065,JZT,1,2025-11-26,17.0,High
ORD169020,SNY,1,2025-06-21,15.0,Medium
ORD125311,ZGM,5,2025-10-08,17.0,High
ORD159651,RCW,1,2025-10-13,23.0,High
ORD179564,MZV,1,2026-05-18,8.0,Medium
ORD182919,UHR,6,2026-04-15,9.0,Low
ORD126473,CBB,3,2025-12-14,20.0,High
ORD107128,WOW,2,2026-02-04,15.0,High
ORD121545,RYE,4,2026-03-18,16.0,High
ORD109460,PSJ,3,2026-05-02,7.0,High
ORD106850,SPC,3,2026-04-03,7.0,High
ORD103666,FKQ,2,2026-01-26,13.0,High
ORD121997,XIM,7,2026-03-24,12.0,Medium
ORD170558,LMQ,4,2025-08-11,20.0,High
ORD155670,VJG,4,2026-04-03,10.0,High
ORD187475,LAU,3,2026-03-15,5.0,High
ORD154976,UHR,3,2025-10-16,9.0,Low
ORD177992,CQO,2,2026-01-13,5.0,High
ORD125655,HSD,8,2026-01-21,10.0,High
ORD114506,YOK,2,2026-03-30,14.0,Medium
ORD139988,CBB,2,2025-09-21,20.0,High
ORD116944,AFY,2,2025-06-23,16.0,Low
ORD191346,NFQ,7,2026-02-01,10.0,High
ORD143594,PSJ,8,2025-11-21,7.0,High
ORD185029,NFQ,1,2026-03-15,10.0,High
ORD149823,NUD,3,2025-08-07,11.0,High
ORD109725,KYB,7,2025-10-31,18.0,Medium
ORD142763,GXL,9,2025-09-08,11.0,Medium
ORD152917,RCW,4,2025-10-30,23.0,High
ORD100088,JPK,7,2025-12-12,19.0,Medium
ORD189172,VGB,1,2026-03-21,6.0,Low
ORD183621,DXB,4,2026-01-03,8.0,High
ORD124115,RBX,3,2025-10-25,21.0,High
ORD105865,YZD,4,2025-09-26,15.0,High
ORD142726,JLQ,4,2025-11-28,23.0,High
ORD165546,NTQ,5,2025-11-20,10.0,Low
ORD147383,WRS,2,2025-11-29,18.0,High
ORD120373,SPV,3,2025-11-26,6.0,High
ORD158456,VQB,4,2026-05-09,14.0,Low
ORD120349,RYE,2,2025-11-09,16.0,High
ORD168444,BES,4,2026-03-31,15.0,High
ORD154184,ZUW,3,2025-10-02,22.0,Medium
ORD189750,CSM,8,2026-04-23,14.0,Medium
ORD135628,MJP,4,2025-11-21,22.0,Low
ORD195763,HQD,4,2025-12-23,11.0,Low
ORD100921,LQT,4,2025-10-09,20.0,Medium
ORD181392,LPS,9,2025-09-09,25.0,High
ORD191191,TAW,6,2025-09-20,17.0,Medium
ORD106529,LER,10,2025-06-18,20.0,High
ORD196513,DXB,4,2025-06-03,8.0,High
ORD173348,LPS,6,2025-11-17,25.0,High
ORD106757,ZQH,2,2026-05-31,9.0,High
ORD107642,GIJ,3,2025-12-14,18.0,Low
ORD154174,RBX,2,2026-03-06,21.0,High
ORD173803,CQO,6,2026-01-13,5.0,High
ORD123330,DXB,10,2026-04-26,8.0,High
ORD197541,KCJ,4,2025-07-13,10.0,High
ORD162456,JZT,10,2025-06-19,17.0,High
ORD166511,CQO,4,2026-01-16,5.0,High
ORD174952,SPV,10,2025-12-09,6.0,High
ORD122181,ADM,4,2025-12-21,20.0,High
ORD111780,LMQ,1,2025-09-02,20.0,High
ORD140385,CXQ,4,2025-11-23,17.0,High
ORD116237,SPV,2,2025-12-12,6.0,High
ORD118635,DXB,8,2025-11-24,8.0,High
ORD136836,OQN,5,2025-10-04,18.0,High
ORD137058,MJP,4,2025-11-23,22.0,Low
ORD186794,LER,1,2025-09-18,20.0,High
ORD152557,WFV,4,2025-12-06,6.0,High
ORD175994,OYF,2,2026-02-09,6.0,High
ORD141615,RYE,3,2025-08-23,16.0,High
ORD158760,RNL,3,2026-03-11,19.0,High
ORD148915,CEG,3,2025-08-19,15.0,High
ORD158393,WFV,6,2025-07-28,6.0,High
ORD135733,VQB,3,2025-12-16,14.0,Low
ORD152618,YYO,7,2026-03-01,13.0,High
ORD129380,IFG,9,2026-01-13,23.0,High
ORD180934,EVW,2,2025-09-30,7.0,High
ORD142266,JLQ,4,2025-12-06,23.0,High
ORD130969,GZE,5,2026-04-25,15.0,Medium
ORD171338,SPC,8,2025-08-30,7.0,High
ORD190306,FNU,3,2025-08-03,8.0,Low
ORD100131,CBB,7,2026-03-12,20.0,High
ORD145704,OZB,2,2025-09-17,19.0,High
ORD111856,XIM,7,2026-05-12,12.0,Medium
ORD149945,BES,4,2026-03-17,15.0,High
ORD102251,NUD,2,2026-03-22,11.0,High
ORD148852,ZDV,6,2026-04-18,25.0,Medium
ORD164843,VJG,7,2025-12-29,10.0,High
ORD165858,YOK,9,2025-06-27,14.0,Medium
ORD136994,ZQH,1,2025-08-21,9.0,High
ORD173214,JUG,1,2026-02-20,17.0,High
ORD107018,ZUW,7,2026-05-23,22.0,Medium
ORD133057,ZGM,2,2025-10-09,17.0,High
ORD164173,PBM,2,2026-01-20,19.0,Medium
ORD126387,LNZ,10,2025-07-09,12.0,Medium
ORD138175,OQN,2,2025-08-07,18.0,High
ORD168496,MJP,4,2026-03-22,22.0,Low
ORD112699,XRZ,10,2026-04-12,23.0,Medium
ORD121920,IFG,2,2026-05-27,23.0,High
ORD135282,EVW,5,2026-04-18,7.0,High
ORD178993,IGP,9,2025-06-21,9.0,High
ORD170709,WRS,1,2025-09-28,18.0,High
ORD132034,WRS,2,2025-08-25,18.0,High
ORD104662,WFV,7,2025-11-28,6.0,High
ORD173031,HQD,2,2026-03-04,11.0,Low
ORD165203,KCJ,1,2025-06-08,10.0,High
ORD173748,QMW,8,2026-04-08,25.0,High
ORD127809,SPC,2,2026-02-26,7.0,High
ORD194631,QAG,1,2026-03-26,18.0,High
ORD163011,FCY,1,2025-12-19,18.0,High
ORD168466,SPC,2,2025-07-28,7.0,High
ORD175694,CWA,9,2025-07-14,20.0,High
ORD132940,JLQ,4,2025-08-14,23.0,High
ORD172674,PSJ,2,2025-09-01,7.0,High
ORD129467,DXB,4,2026-05-15,8.0,High
ORD127556,YZD,2,2026-04-27,15.0,High
ORD168843,QMW,2,2026-03-11,25.0,High
ORD146907,SNC,1,2025-10-04,12.0,High
ORD108294,DRD,2,2026-01-17,17.0,Low
ORD112296,SPG,4,2025-08-10,25.0,Medium
ORD156522,GWD,2,2025-12-30,24.0,High
ORD108498,SYF,10,2026-01-19,11.0,Low
ORD133835,ZGM,4,2025-07-24,17.0,High
ORD132484,ZQH,1,2025-07-15,9.0,High
ORD171307,PBM,7,2025-10-11,19.0,Medium
ORD165143,FKQ,10,2025-11-28,13.0,High
ORD197025,CXQ,4,2026-05-06,17.0,High
ORD127151,ESQ,10,2025-12-23,13.0,Low
ORD145859,WFV,4,2026-04-20,6.0,High
ORD176393,MDN,4,2025-08-27,14.0,High
ORD198564,YZD,4,2026-03-18,15.0,High
ORD142720,MZV,4,2026-05-11,8.0,Medium
ORD110011,LYE,3,2026-04-02,19.0,Low
ORD114575,WFV,3,2025-11-19,6.0,High
ORD109256,OYF,6,2025-11-12,6.0,High
ORD139658,ADM,1,2025-10-25,20.0,High
ORD144469,JZT,10,2026-01-13,17.0,High
ORD192753,LER,9,2026-04-11,20.0,High
ORD157460,HSD,10,2025-06-23,10.0,High
ORD142578,QMW,7,2026-01-13,25.0,High
ORD140609,HSD,9,2026-01-20,10.0,High
ORD158555,YYO,4,2026-03-16,13.0,High
ORD140323,ILE,4,2026-03-04,14.0,Medium
ORD107442,KCJ,5,2025-12-12,10.0,High
ORD195129,SNY,1,2025-10-10,15.0,Medium
ORD193593,UAX,9,2026-04-09,16.0,Medium
ORD186576,UPP,4,2025-10-24,10.0,Medium
ORD190054,JZT,9,2025-09-05,17.0,High
ORD178152,JPK,4,2025-09-16,19.0,Medium
ORD112067,CBB,2,2025-09-24,20.0,High
ORD195959,HSD,2,2026-01-23,10.0,High
ORD126309,CEG,1,2025-10-16,15.0,High
ORD114154,RNZ,1,2026-03-23,10.0,Medium
ORD188554,NUD,9,2025-08-29,11.0,High
ORD138156,WXE,1,2025-09-14,12.0,High
ORD155714,ZGM,7,2026-01-28,17.0,High
ORD137612,ZDV,6,2026-05-29,25.0,Medium
ORD128663,RCW,9,2025-09-03,23.0,High
ORD118440,CAT,4,2026-04-10,12.0,Low
ORD157048,JUG,7,2026-02-07,17.0,High
ORD134070,FJZ,1,2026-03-03,12.0,Medium
ORD170478,FLH,4,2025-08-22,10.0,High
ORD194648,RNL,2,2026-05-15,19.0,High
ORD146616,TAW,4,2026-01-14,17.0,Medium
ORD101025,ZQH,3,2026-05-28,9.0,High
ORD121462,CGW,3,2026-05-27,11.0,Medium
ORD166279,PKF,9,2026-05-02,16.0,Medium
ORD117612,MGY,1,2025-08-16,9.0,Low
ORD143976,SMS,10,2025-12-17,23.0,Medium
ORD119150,SPC,7,2025-08-08,7.0,High
ORD163379,NGF,3,2025-07-12,19.0,Low
ORD197827,NUD,2,2025-06-24,11.0,High
ORD131118,JZT,5,2025-10-28,17.0,High
ORD115270,PKF,2,2025-11-09,16.0,Medium
ORD186760,IFG,9,2026-01-14,23.0,High
ORD155973,WRS,10,2025-07-30,18.0,High
ORD159244,IGP,2,2025-06-09,9.0,High
ORD144932,NTQ,3,2025-07-31,10.0,Low
ORD182551,SPV,2,2025-11-02,6.0,High
ORD145453,YZD,8,2025-12-22,15.0,High
ORD129701,ZQH,9,2026-02-25,9.0,High
ORD101452,ZQH,2,2026-01-21,9.0,High
ORD132332,WRS,2,2026-01-04,18.0,High
ORD120863,LFP,1,2025-08-18,15.0,Low
ORD124252,ZGM,1,2026-01-04,17.0,High
ORD182253,SPC,4,2026-03-02,7.0,High
ORD133213,CZS,2,2025-06-05,6.0,Medium
ORD156656,RBX,1,2026-05-16,21.0,High
ORD182560,MDN,2,2026-04-10,14.0,High
ORD132021,JVR,6,2026-02-21,17.0,Medium
ORD155433,NUD,1,2025-10-08,11.0,High
ORD125004,ILE,9,2026-02-08,14.0,Medium
ORD110100,OZB,2,2025-10-24,19.0,High
ORD118971,SPV,6,2026-01-24,6.0,High
ORD196641,EVW,9,2025-12-27,7.0,High
ORD122159,QJK,4,2025-08-24,23.0,Low
ORD160827,PSJ,2,2026-01-14,7.0,High
ORD165490,YYO,3,2025-09-27,13.0,High
ORD140925,QMW,2,2025-12-10,25.0,High
ORD120857,GWD,1,2026-02-16,24.0,High
ORD113912,HSD,2,2025-12-27,10.0,High
ORD194122,XRZ,3,2025-06-25,23.0,Medium
ORD140205,SCN,6,2026-04-12,20.0,High
ORD186793,JUC,10,2025-08-11,10.0,Medium
ORD177230,CBB,8,2026-05-04,20.0,High
ORD124665,WRS,3,2026-05-14,18.0,High
ORD177253,LMQ,7,2025-12-11,20.0,High
ORD138475,SMS,8,2025-11-17,23.0,Medium
ORD182206,GWD,6,2025-08-30,24.0,High
ORD121917,CXQ,3,2025-11-10,17.0,High
ORD173062,JZT,10,2026-05-01,17.0,High
ORD167686,CEG,4,2025-07-28,15.0,High
ORD131038,JLQ,3,2025-11-08,23.0,High
ORD166709,SYF,2,2025-08-04,11.0,Low
ORD169695,QMW,2,2025-10-21,25.0,High
ORD186424,OYF,1,2026-05-10,6.0,High
ORD194256,RYE,6,2026-05-04,16.0,High
ORD158436,KYB,7,2025-08-15,18.0,Medium
ORD151885,NUD,6,2025-09-21,11.0,High
ORD162411,JLQ,10,2026-01-28,23.0,High
ORD183089,CGW,1,2025-07-23,11.0,Medium
ORD106630,FCY,3,2025-07-17,18.0,High
ORD192478,FCY,1,2025-12-11,18.0,High
ORD105914,NRP,4,2025-12-03,15.0,High
ORD160601,KYB,7,2026-02-01,18.0,Medium
ORD138517,BES,4,2026-05-13,15.0,High
ORD151494,LMQ,2,2025-07-24,20.0,High
ORD143157,SPC,3,2026-03-13,7.0,High
ORD154158,RNL,10,2025-06-12,19.0,High
ORD127178,PSJ,4,2026-03-11,7.0,High
ORD102896,ZUW,3,2026-03-04,22.0,Medium
ORD156889,OYF,2,2026-02-24,6.0,High
ORD198130,OYF,2,2025-11-01,6.0,High
ORD190806,FCY,4,2025-11-11,18.0,High
ORD108143,VKI,3,2025-09-05,6.0,Medium
ORD104125,ADM,3,2025-10-23,20.0,High
ORD104314,RCW,4,2026-03-23,23.0,High
ORD173155,SNY,2,2025-12-12,15.0,Medium
ORD102996,OJI,3,2025-12-05,12.0,Medium
ORD161816,NUD,2,2025-10-24,11.0,High
ORD188305,FCF,4,2026-06-01,5.0,Low
ORD153747,NRZ,2,2025-11-26,18.0,High
ORD163781,TAW,1,2025-06-25,17.0,Medium
ORD135077,VMG,8,2025-09-14,22.0,Medium
ORD180177,OQN,4,2026-03-29,18.0,High
ORD146459,BRX,4,2025-06-25,15.0,Low
ORD117620,YYO,4,2026-04-16,13.0,High
ORD188550,EJV,4,2025-11-06,17.0,Low
ORD122175,BDV,1,2025-10-24,14.0,Low
ORD142257,DRD,8,2026-02-27,17.0,Low
ORD115340,NRP,1,2026-05-04,15.0,High
ORD167602,RBX,10,2026-02-16,21.0,High
ORD140701,OIT,4,2026-04-08,20.0,Medium
ORD109313,BES,2,2026-01-24,15.0,High
ORD100971,VKI,2,2025-07-25,6.0,Medium
ORD177226,SNY,1,2025-09-12,15.0,Medium
ORD147743,IFG,2,2025-08-06,23.0,High
ORD159031,TAW,4,2025-06-16,17.0,Medium
ORD181481,WXE,9,2025-11-24,12.0,High
ORD128481,RCW,1,2026-01-02,23.0,High
ORD178835,IGP,9,2025-07-19,9.0,High
ORD137629,OJI,3,2025-09-21,12.0,Medium
ORD144710,JUG,7,2025-12-05,17.0,High
ORD179730,WFV,3,2025-11-25,6.0,High
ORD145787,WFV,7,2025-08-02,6.0,High
ORD190098,NUD,4,2025-08-21,11.0,High
ORD130404,IFG,1,2026-01-06,23.0,High
ORD187572,JUG,1,2026-04-22,17.0,High
ORD195212,WXE,7,2026-02-06,12.0,High
ORD129771,ZQH,3,2025-07-20,9.0,High
ORD124947,LMQ,9,2025-06-23,20.0,High
ORD102119,FKQ,7,2025-11-05,13.0,High
ORD195928,JPK,9,2026-04-17,19.0,Medium
ORD183914,PSJ,1,2026-01-20,7.0,High
ORD132915,ADM,2,2025-06-25,20.0,High
ORD113350,NFQ,2,2025-08-15,10.0,High
ORD160758,RNL,5,2026-03-05,19.0,High
ORD185965,JLQ,3,2026-01-31,23.0,High
ORD137380,KYB,2,2025-11-07,18.0,Medium
ORD190586,XJB,1,2025-06-09,8.0,Low
ORD101557,ADM,4,2025-07-20,20.0,High
ORD197691,GZE,10,2025-06-21,15.0,Medium
ORD167820,TRB,6,2025-06-09,12.0,Medium
ORD171346,PKF,6,2026-04-15,16.0,Medium
ORD127228,ADM,4,2025-08-04,20.0,High
ORD123726,SMS,7,2025-08-21,23.0,Medium
ORD148499,NFQ,10,2026-05-07,10.0,High
ORD132517,YZD,4,2025-06-14,15.0,High
ORD173251,YYO,7,2026-05-05,13.0,High
ORD127100,FLH,4,2025-07-08,10.0,High
ORD117164,LYE,3,2025-08-11,19.0,Low
ORD195258,QIE,3,2025-10-16,7.0,Low
ORD155615,CWA,8,2025-12-20,20.0,High
ORD159430,OYF,4,2026-01-01,6.0,High
ORD107920,LPS,8,2025-06-27,25.0,High
ORD156248,JUG,3,2025-08-13,17.0,High
ORD114018,LFP,1,2025-09-06,15.0,Low
ORD142740,UYZ,3,2026-02-10,22.0,Low
ORD132948,XIM,10,2025-07-14,12.0,Medium
ORD119515,FCY,3,2025-07-26,18.0,High
ORD187450,GZE,3,2026-05-11,15.0,Medium
ORD135564,NRP,1,2026-03-09,15.0,High
ORD157862,WOW,6,2025-12-19,15.0,High
ORD120039,GYW,8,2026-01-06,24.0,Low
ORD191234,MYU,4,2025-10-19,11.0,Low
ORD160544,JLQ,3,2025-06-27,23.0,High
ORD128447,ZDV,2,2025-07-21,25.0,Medium
ORD153287,MDN,8,2026-01-23,14.0,High
ORD108447,LER,2,2025-08-08,20.0,High
ORD134119,JUG,6,2025-08-20,17.0,High
ORD178819,ADM,7,2025-06-20,20.0,High
ORD168350,FFE,3,2026-04-12,5.0,Medium
ORD103176,HQD,9,2025-09-10,11.0,Low
ORD131414,CBB,2,2025-06-24,20.0,High
ORD188818,GZE,10,2026-02-11,15.0,Medium
ORD184553,LER,4,2025-07-21,20.0,High
ORD114443,CBB,3,2025-12-06,20.0,High
ORD176134,WAN,4,2025-10-26,25.0,Medium
ORD160504,PKF,2,2025-09-03,16.0,Medium
ORD194454,ARU,4,2025-10-27,21.0,Medium
ORD136939,CWA,4,2025-06-03,20.0,High
ORD138221,BES,3,2026-05-02,15.0,High
ORD106522,MDN,4,2025-06-16,14.0,High
ORD115658,KCJ,5,2025-08-11,10.0,High
ORD148114,EVW,5,2025-11-15,7.0,High
ORD150524,ZGM,10,2025-12-03,17.0,High
ORD162067,OQN,1,2026-02-07,18.0,High
ORD167561,ILE,4,2025-11-27,14.0,Medium
ORD171522,JVR,2,2026-03-23,17.0,Medium
ORD143037,OYF,2,2025-07-05,6.0,High
ORD121859,SPV,10,2026-03-14,6.0,High
ORD116386,FCY,1,2025-09-22,18.0,High
ORD139782,RCW,5,2025-11-10,23.0,High
ORD169122,RNL,10,2026-01-17,19.0,High
ORD178349,DXB,1,2026-02-11,8.0,High
ORD195294,EVW,1,2026-02-21,7.0,High
ORD182413,XRZ,2,2026-05-25,23.0,Medium
ORD107437,CQK,2,2026-04-14,7.0,Medium
ORD106724,CXQ,4,2026-03-31,17.0,High
ORD124364,ZQH,4,2025-10-03,9.0,High
ORD132684,RCW,4,2025-11-13,23.0,High
ORD108155,SPV,7,2026-02-22,6.0,High
ORD168477,WEK,2,2026-02-20,14.0,Medium
ORD183540,OVY,2,2025-11-12,8.0,Medium
ORD194086,QAG,4,2026-04-01,18.0,High
ORD178898,HSD,4,2025-11-14,10.0,High
ORD190319,IGP,9,2026-02-19,9.0,High
ORD167795,CQO,2,2025-08-15,5.0,High
ORD188871,JZT,5,2025-08-28,17.0,High
ORD196353,DXB,10,2026-05-01,8.0,High
ORD176615,EVW,1,2025-09-21,7.0,High
ORD145004,NFQ,10,2025-06-01,10.0,High
ORD155002,LPS,4,2026-05-09,25.0,High
ORD120992,GWD,4,2026-01-25,24.0,High
ORD116348,ILE,4,2025-06-12,14.0,Medium
ORD115868,MDN,2,2026-01-24,14.0,High
ORD155366,QJK,5,2025-11-19,23.0,Low
ORD199894,QEU,4,2025-06-19,23.0,Medium
ORD140447,FLH,1,2025-10-14,10.0,High
ORD131401,FLH,3,2025-12-13,10.0,High
ORD136311,KCJ,2,2025-08-26,10.0,High
ORD105445,CXQ,2,2025-09-17,17.0,High
ORD180457,QMW,10,2025-09-02,25.0,High
ORD112417,QMW,3,2025-12-03,25.0,High
ORD118165,BKE,9,2026-05-23,20.0,Medium
ORD118928,JUC,3,2025-08-27,10.0,Medium
ORD137245,QMW,1,2026-05-20,25.0,High
ORD115063,OZB,1,2025-11-03,19.0,High
ORD112718,DXB,9,2025-11-28,8.0,High
ORD121165,BRX,3,2025-12-07,15.0,Low
ORD179802,SPC,7,2025-08-18,7.0,High
ORD169673,CXQ,4,2026-05-17,17.0,High
ORD180262,LAU,7,2025-10-30,5.0,High
ORD199749,YZD,4,2025-08-26,15.0,High
ORD117932,CEG,1,2025-10-24,15.0,High
ORD148004,FKQ,6,2025-10-13,13.0,High
ORD104005,CEG,10,2026-03-29,15.0,High
ORD107348,PSJ,1,2025-06-25,7.0,High
ORD156973,FKQ,5,2025-12-29,13.0,High
ORD199733,OJI,2,2026-03-24,12.0,Medium
ORD106477,RYE,3,2026-02-16,16.0,High
ORD199031,FCY,3,2025-06-06,18.0,High
ORD150241,VKI,4,2025-09-26,6.0,Medium
ORD141616,FCY,8,2025-12-25,18.0,High
ORD183478,QAG,3,2026-02-27,18.0,High
ORD162588,JZT,1,2025-10-07,17.0,High
ORD128822,CXQ,8,2025-12-12,17.0,High
ORD164367,WRS,1,2025-07-22,18.0,High
ORD139176,OZB,1,2026-05-21,19.0,High
ORD175923,BES,2,2026-01-21,15.0,High
ORD180938,OZB,9,2026-04-07,19.0,High
ORD102615,NFQ,4,2026-01-09,10.0,High
ORD174891,FKQ,1,2025-12-29,13.0,High
ORD142016,QAG,10,2025-11-04,18.0,High
ORD124808,QIE,4,2026-02-02,7.0,Low
ORD197928,LFP,2,2026-03-04,15.0,Low
ORD181987,JPK,10,2025-09-29,19.0,Medium
ORD178342,TAW,7,2026-05-27,17.0,Medium
ORD169144,MZV,3,2025-06-29,8.0,Medium
ORD136735,KCJ,10,2025-09-01,10.0,High
ORD166453,ZQH,8,2025-09-09,9.0,High
ORD178083,KYB,2,2025-07-13,18.0,Medium
ORD117910,WOW,2,2025-07-17,15.0,High
ORD170550,SPV,2,2025-09-27,6.0,High
ORD127375,SCN,2,2026-04-09,20.0,High
ORD144858,CQO,3,2025-08-02,5.0,High
ORD119972,YYO,2,2026-03-21,13.0,High
ORD155905,GBF,1,2026-04-03,24.0,Low
ORD185513,LER,4,2026-03-18,20.0,High
ORD111525,BDV,3,2026-05-11,14.0,Low
ORD121873,YZD,3,2025-09-08,15.0,High
ORD180979,FCY,5,2025-09-22,18.0,High
ORD168910,CBB,9,2026-05-23,20.0,High
ORD137276,CWA,5,2025-09-27,20.0,High
ORD181380,ZGM,4,2026-04-04,17.0,High
ORD107617,NTQ,2,2025-09-17,10.0,Low
ORD152067,GXL,1,2026-03-02,11.0,Medium
ORD181261,CBB,4,2025-06-11,20.0,High
ORD115723,CWA,1,2026-05-27,20.0,High
ORD115298,IPE,3,2025-07-20,20.0,Medium
ORD145165,IFG,7,2026-04-26,23.0,High
ORD177693,GXL,1,2026-04-08,11.0,Medium
ORD103147,LNZ,5,2025-09-03,12.0,Medium
ORD197463,JUG,1,2025-12-12,17.0,High
ORD128560,IPE,4,2026-03-01,20.0,Medium
ORD187293,ZGM,9,2026-04-08,17.0,High
ORD189110,CBB,6,2026-04-24,20.0,High
ORD134533,RIJ,3,2025-09-17,12.0,Low
ORD148738,SPC,3,2025-08-22,7.0,High
ORD124081,NGF,9,2026-04-09,19.0,Low
ORD167071,JLQ,9,2025-10-25,23.0,High
ORD188740,VJG,2,2026-05-10,10.0,High
ORD180598,WRS,5,2025-06-23,18.0,High
ORD102635,ADM,1,2026-02-07,20.0,High
ORD114096,EOS,2,2025-09-24,25.0,Low
ORD133637,OJI,1,2026-03-09,12.0,Medium
ORD136291,BES,4,2025-08-13,15.0,High
ORD186517,RCW,3,2025-06-16,23.0,High
ORD164698,INT,3,2026-01-22,18.0,Low
ORD169257,TRB,9,2026-01-20,12.0,Medium
ORD195186,GZE,5,2025-08-15,15.0,Medium
ORD157807,DXB,10,2026-03-15,8.0,High
ORD181338,UPP,6,2025-09-11,10.0,Medium
ORD154838,JZT,4,2026-05-16,17.0,High
ORD157152,LMQ,6,2026-02-27,20.0,High
ORD139391,ZGM,6,2025-06-12,17.0,High
ORD195599,JPK,8,2025-06-01,19.0,Medium
ORD172651,XVX,8,2026-05-05,23.0,High
ORD159364,IFG,6,2025-08-11,23.0,High
ORD178525,LPS,10,2026-01-04,25.0,High
ORD120917,CEG,3,2026-01-05,15.0,High
ORD113431,SNC,1,2026-01-23,12.0,High
ORD167268,FJZ,2,2025-10-14,12.0,Medium
ORD114843,WAN,1,2026-02-19,25.0,Medium
ORD180791,GZE,3,2025-06-12,15.0,Medium
ORD189296,ADM,3,2025-06-06,20.0,High
ORD112424,AFY,2,2026-03-09,16.0,Low
ORD175818,LPS,3,2025-10-26,25.0,High
ORD137333,BES,5,2025-11-12,15.0,High
ORD148113,DXB,2,2025-06-21,8.0,High
ORD104463,LER,10,2026-02-27,20.0,High
ORD148484,PSJ,4,2026-05-10,7.0,High
ORD102180,NRP,2,2026-01-10,15.0,High
ORD184915,RCW,4,2026-05-05,23.0,High
ORD180071,YYO,3,2025-11-11,13.0,High
ORD140645,RCW,5,2026-01-26,23.0,High
ORD171769,FCY,2,2026-02-17,18.0,High
ORD103206,WXE,2,2025-08-31,12.0,High
ORD172171,WFV,10,2026-04-21,6.0,High
ORD156823,GWD,2,2025-08-22,24.0,High
ORD119905,CBB,4,2025-09-24,20.0,High
ORD179996,OYF,5,2025-08-31,6.0,High
ORD124806,NRZ,4,2025-10-16,18.0,High
ORD179252,RBX,9,2025-10-30,21.0,High
ORD117437,ZGM,1,2026-01-18,17.0,High
ORD156971,LER,2,2026-01-06,20.0,High
ORD171374,IGP,1,2025-07-26,9.0,High
ORD132848,LAU,3,2025-07-21,5.0,High
ORD157124,WAN,1,2026-03-08,25.0,Medium
ORD115683,MDN,3,2025-07-02,14.0,High
ORD140917,BES,2,2025-07-10,15.0,High
ORD192278,ZQH,1,2025-11-26,9.0,High
ORD106242,ZUW,2,2026-01-15,22.0,Medium
ORD146739,FKQ,2,2026-01-27,13.0,High
ORD169705,QAG,3,2025-07-22,18.0,High
ORD176681,NRZ,1,2026-03-02,18.0,High
ORD122564,ZQH,1,2025-11-13,9.0,High
ORD166894,LAU,1,2025-06-18,5.0,High
ORD198638,SPV,3,2025-12-09,6.0,High
ORD158813,RNL,3,2026-02-01,19.0,High
ORD190151,NUD,3,2025-08-23,11.0,High
ORD119721,GWD,4,2026-04-05,24.0,High
ORD192080,LMQ,4,2025-09-08,20.0,High
ORD187993,JPK,6,2025-06-07,19.0,Medium
ORD155479,SCN,4,2026-04-25,20.0,High
ORD138941,NRP,10,2026-01-10,15.0,High
ORD107129,EVW,1,2026-06-01,7.0,High
ORD149751,CBB,2,2025-08-06,20.0,High
ORD110172,IFG,1,2025-09-22,23.0,High
ORD143049,KYB,3,2025-08-16,18.0,Medium
ORD183070,NRZ,6,2025-08-27,18.0,High
ORD134666,MDN,3,2025-10-31,14.0,High
ORD144557,KCJ,1,2025-06-29,10.0,High
ORD143091,HGC,6,2025-07-03,14.0,Low
ORD172984,TRB,4,2025-10-10,12.0,Medium
ORD149384,OQN,2,2025-11-11,18.0,High
ORD177997,ADM,1,2026-04-25,20.0,High
ORD161088,NRP,2,2025-10-03,15.0,High
ORD156557,SCN,4,2025-07-09,20.0,High
ORD168672,VJG,10,2025-10-16,10.0,High
ORD153702,CQK,3,2026-04-24,7.0,Medium
ORD175005,ZDV,10,2025-11-04,25.0,Medium
ORD126629,FLH,4,2025-09-23,10.0,High
ORD101366,CQO,1,2025-07-14,5.0,High
ORD153139,CEG,3,2025-06-01,15.0,High
ORD105829,YYO,4,2025-11-02,13.0,High
ORD142904,LMQ,6,2026-05-27,20.0,High
ORD197416,JLQ,4,2025-11-08,23.0,High
ORD195268,JUC,6,2026-01-29,10.0,Medium
ORD102358,MGY,1,2025-06-02,9.0,Low
ORD172018,IFG,4,2026-05-28,23.0,High
ORD123532,ZQH,1,2026-03-25,9.0,High
ORD148279,KCJ,1,2025-07-08,10.0,High
ORD181862,RCW,7,2026-03-05,23.0,High
ORD102410,KRU,2,2025-09-27,16.0,Low
ORD111278,NFQ,3,2026-03-12,10.0,High
ORD106265,ZUW,6,2025-08-31,22.0,Medium
ORD145952,DXB,3,2025-09-24,8.0,High
ORD170430,SPV,5,2026-03-22,6.0,High
ORD112848,JLQ,9,2025-11-11,23.0,High
ORD135013,LNZ,1,2026-03-15,12.0,Medium
ORD161953,RNZ,2,2026-03-16,10.0,Medium
ORD136772,SMS,2,2026-01-07,23.0,Medium
ORD198345,RNL,3,2025-08-20,19.0,High
ORD192722,YZD,3,2026-04-24,15.0,High
ORD113507,RBX,7,2025-08-01,21.0,High
ORD142132,OQN,4,2025-08-30,18.0,High
ORD176132,XVX,3,2026-01-17,23.0,High
ORD163688,LNZ,6,2025-08-16,12.0,Medium
ORD156281,XVX,6,2026-02-17,23.0,High
ORD158607,GWD,4,2025-12-23,24.0,High
ORD132916,ZDV,3,2025-11-03,25.0,Medium
ORD168583,NUD,5,2025-11-23,11.0,High
ORD101560,RYE,3,2026-04-07,16.0,High
ORD102124,OQN,10,2026-01-13,18.0,High
ORD151185,GWD,7,2025-12-01,24.0,High
ORD125177,BES,3,2025-09-28,15.0,High
ORD138338,RBX,10,2025-08-13,21.0,High
ORD142133,LAU,5,2026-03-15,5.0,High
ORD132833,IFG,1,2025-08-17,23.0,High
ORD149617,NRP,4,2025-06-15,15.0,High
ORD122701,KCJ,3,2025-12-12,10.0,High
ORD120577,LAU,2,2026-02-27,5.0,High
ORD116615,NRP,1,2025-10-07,15.0,High
ORD126960,ESQ,10,2026-01-17,13.0,Low
ORD103092,QMW,1,2026-01-17,25.0,High
ORD120771,JUG,2,2026-01-06,17.0,High
ORD172954,NUD,2,2026-02-02,11.0,High
ORD148213,HSD,2,2026-04-21,10.0,High
ORD116565,LER,3,2026-04-12,20.0,High
ORD176561,LMQ,1,2025-07-03,20.0,High
ORD124650,ZQH,3,2025-11-28,9.0,High
ORD177631,LPS,3,2025-12-22,25.0,High
ORD172022,NUD,1,2025-07-08,11.0,High
ORD137596,ZDV,9,2025-07-24,25.0,Medium
ORD149738,SPG,1,2025-09-19,25.0,Medium
ORD136452,GWD,4,2026-04-09,24.0,High
ORD185551,SPV,4,2025-06-14,6.0,High
ORD169635,ZQH,4,2025-10-11,9.0,High
ORD100868,SPC,10,2025-07-30,7.0,High
ORD132229,UPP,10,2025-09-21,10.0,Medium
ORD171409,ADM,2,2026-01-01,20.0,High
ORD125897,ROB,10,2026-04-26,15.0,Low
ORD187770,YZD,10,2025-12-11,15.0,High
ORD126664,LPS,1,2025-10-29,25.0,High
ORD122402,NGF,3,2025-10-16,19.0,Low
ORD169390,ARU,7,2026-01-01,21.0,Medium
ORD122536,CWA,3,2025-06-16,20.0,High
ORD156851,ZQH,5,2025-06-04,9.0,High
ORD129098,KRU,7,2026-05-04,16.0,Low
ORD124950,RNL,1,2025-07-14,19.0,High
ORD153865,MZV,4,2025-12-30,8.0,Medium
ORD123842,LNZ,4,2026-01-03,12.0,Medium
ORD139051,WEK,10,2026-03-10,14.0,Medium
ORD184927,IGP,1,2026-05-29,9.0,High
ORD163070,FKQ,1,2025-07-11,13.0,High
ORD180603,CQK,4,2025-07-31,7.0,Medium
ORD111847,CEG,3,2025-06-23,15.0,High
ORD148668,QAG,5,2025-09-13,18.0,High
ORD126655,SNC,3,2026-04-06,12.0,High
ORD182912,XVX,1,2025-07-06,23.0,High
ORD165039,IPE,1,2026-01-14,20.0,Medium
ORD126213,WRS,2,2025-09-30,18.0,High
ORD150956,ZGM,9,2025-08-29,17.0,High
ORD162731,IPE,2,2026-03-03,20.0,Medium
ORD159972,VJG,8,2025-11-19,10.0,High
ORD101113,WFV,10,2025-06-20,6.0,High
ORD173816,JLQ,4,2025-10-30,23.0,High
ORD108097,ZGM,5,2026-02-21,17.0,High
ORD174323,SCN,1,2025-06-27,20.0,High
ORD174692,VJG,3,2025-12-11,10.0,High
ORD166504,THQ,5,2026-01-19,5.0,Low
ORD102990,GWD,4,2025-11-21,24.0,High
ORD111785,ZQH,4,2025-10-01,9.0,High
ORD181361,VJG,2,2025-11-15,10.0,High
ORD154594,JPK,1,2026-04-30,19.0,Medium
ORD199481,IFG,9,2026-01-21,23.0,High
ORD163180,CXQ,6,2025-10-11,17.0,High
ORD166492,VQB,8,2025-07-01,14.0,Low
ORD195513,SCN,2,2026-02-09,20.0,High
ORD165075,ADM,2,2025-06-01,20.0,High
ORD133285,QJK,10,2025-10-22,23.0,Low
ORD172000,CQO,2,2026-03-25,5.0,High
ORD128892,WXE,5,2026-02-21,12.0,High
ORD197030,CXQ,8,2025-06-24,17.0,High
ORD182828,JUG,10,2026-05-26,17.0,High
ORD159636,QIE,2,2025-09-04,7.0,Low
ORD137225,EVW,2,2025-06-10,7.0,High
ORD152942,YYO,2,2025-08-25,13.0,High
ORD180604,OZB,7,2025-12-28,19.0,High
ORD166105,WFV,7,2025-09-21,6.0,High
ORD136640,ZSI,2,2025-12-09,18.0,Low
ORD113602,FLH,6,2025-12-08,10.0,High
ORD161866,CWA,1,2025-10-18,20.0,High
ORD130148,NRP,4,2025-12-19,15.0,High
ORD153626,NRZ,3,2025-10-25,18.0,High
ORD176247,ZSI,2,2026-01-18,18.0,Low
ORD178971,AFY,4,2025-11-19,16.0,Low
ORD120796,MYU,2,2025-12-10,11.0,Low
ORD129123,NUD,4,2025-08-04,11.0,High
ORD126384,IGP,1,2025-08-14,9.0,High
ORD125948,WFV,1,2026-05-11,6.0,High
ORD157677,WAN,1,2026-02-20,25.0,Medium
ORD136663,WRS,1,2025-11-02,18.0,High
ORD117553,OYF,3,2026-01-08,6.0,High
ORD184527,QEU,10,2026-03-06,23.0,Medium
ORD153632,SCN,4,2025-08-22,20.0,High
ORD150787,PKF,3,2025-11-22,16.0,Medium
ORD115131,BDV,4,2025-06-16,14.0,Low
ORD167360,ILE,6,2025-08-28,14.0,Medium
ORD149848,GRT,4,2026-03-14,8.0,Medium
ORD154793,SPC,4,2026-01-27,7.0,High
ORD171314,QAG,7,2025-12-15,18.0,High
ORD103430,SPV,4,2026-02-08,6.0,High
ORD139177,YYO,3,2025-09-17,13.0,High
ORD150183,LAU,4,2025-07-02,5.0,High
ORD105571,MDN,3,2025-11-02,14.0,High
ORD124720,CEG,10,2025-09-19,15.0,High
ORD113195,JLQ,3,2025-11-21,23.0,High
ORD196496,EVW,4,2025-11-16,7.0,High
ORD193925,PKF,9,2026-01-09,16.0,Medium
ORD188179,GXL,7,2025-12-05,11.0,Medium
ORD180659,DRD,3,2025-06-22,17.0,Low
ORD186382,BES,2,2025-06-20,15.0,High
ORD191552,LNZ,2,2025-08-20,12.0,Medium
ORD184028,JUG,2,2026-04-17,17.0,High
ORD109508,JLQ,3,2025-12-14,23.0,High
ORD195265,LER,4,2026-04-22,20.0,High
ORD165253,UYZ,9,2026-01-11,22.0,Low
ORD186966,QAG,2,2026-04-03,18.0,High
ORD165250,MDN,2,2025-12-31,14.0,High
ORD153386,NRP,5,2026-02-01,15.0,High
ORD123118,JZT,3,2026-05-02,17.0,High
ORD196741,BKE,2,2025-08-31,20.0,Medium
ORD150285,RNL,5,2025-12-30,19.0,High
ORD108198,ZQH,2,2025-06-27,9.0,High
ORD109356,ZUW,2,2025-06-28,22.0,Medium
ORD158329,TIJ,4,2025-07-09,23.0,Low
ORD154070,TAW,5,2026-02-16,17.0,Medium
ORD139481,ILE,6,2026-04-07,14.0,Medium
ORD110092,JPK,2,2025-08-11,19.0,Medium
ORD149710,ARU,4,2026-01-27,21.0,Medium
ORD166497,GZE,10,2026-02-08,15.0,Medium
ORD165258,ZQH,2,2025-06-07,9.0,High
ORD152303,FCY,2,2025-07-23,18.0,High
ORD130165,ZQH,3,2025-06-26,9.0,High
ORD151914,VJG,4,2026-02-26,10.0,High
ORD153725,EOS,1,2026-04-25,25.0,Low
ORD121631,OQN,1,2025-11-18,18.0,High
ORD185067,YZD,4,2025-10-15,15.0,High
ORD190607,ZUW,3,2025-12-14,22.0,Medium
ORD197959,MDN,3,2026-05-01,14.0,High
ORD121832,SCN,3,2026-05-31,20.0,High
ORD118867,SPC,2,2026-03-12,7.0,High
ORD159139,JVR,10,2025-08-14,17.0,Medium
ORD110397,CWA,3,2026-04-21,20.0,High
ORD152755,LMQ,2,2026-01-24,20.0,High
ORD161578,RBX,2,2026-01-20,21.0,High
ORD188334,NFQ,4,2026-04-24,10.0,High
ORD164480,XVX,2,2025-07-19,23.0,High
ORD145692,UAX,4,2025-07-25,16.0,Medium
ORD124156,SPC,1,2025-10-15,7.0,High
ORD178259,JZT,3,2026-04-20,17.0,High
ORD138342,YYO,2,2025-06-25,13.0,High
ORD188352,SMS,4,2026-05-12,23.0,Medium
ORD112522,HSD,1,2025-12-13,10.0,High
ORD115440,RCW,4,2025-08-23,23.0,High
ORD196906,PKF,4,2025-09-10,16.0,Medium
ORD110314,MYU,3,2025-10-29,11.0,Low
ORD188836,MBW,1,2025-10-13,9.0,Medium
ORD166332,NNV,1,2026-03-17,12.0,Low
ORD198506,ZGM,3,2026-05-07,17.0,High
ORD103371,CWA,1,2025-06-02,20.0,High
ORD157421,OVY,4,2025-08-31,8.0,Medium
ORD164643,SPV,5,2026-03-02,6.0,High
ORD112743,CQO,2,2026-03-29,5.0,High
ORD167428,JLQ,7,2026-02-24,23.0,High
ORD160093,RCW,1,2025-07-15,23.0,High
ORD198341,RYE,2,2026-01-10,16.0,High
ORD184459,SNC,1,2026-05-21,12.0,High
ORD142208,CQO,5,2026-04-22,5.0,High
ORD112361,NRZ,1,2026-04-12,18.0,High
ORD139968,LQT,4,2025-09-08,20.0,Medium
ORD176446,BES,2,2025-10-09,15.0,High
ORD155941,SCN,5,2025-06-03,20.0,High
ORD110638,IPE,5,2025-07-12,20.0,Medium
ORD170691,CXQ,9,2025-11-19,17.0,High
ORD125579,QIE,1,2025-07-31,7.0,Low
ORD156100,OIT,9,2026-02-06,20.0,Medium
ORD192603,RYE,9,2026-03-27,16.0,High
ORD194862,YYO,5,2025-09-09,13.0,High
ORD188767,FCY,2,2025-12-16,18.0,High
ORD171230,EVW,4,2025-11-30,7.0,High
ORD182595,ZQH,2,2026-05-23,9.0,High
ORD153173,WOW,10,2025-08-27,15.0,High
ORD198371,BES,4,2025-12-08,15.0,High
ORD101920,HFC,7,2026-02-15,13.0,Medium
ORD104611,ILE,4,2026-05-14,14.0,Medium
ORD164868,QMW,2,2026-03-25,25.0,High
ORD122546,IGP,9,2026-04-25,9.0,High
ORD114048,ADM,2,2025-10-26,20.0,High
ORD178340,RCW,8,2026-04-30,23.0,High
ORD150716,LMQ,8,2025-10-19,20.0,High
ORD172994,CQO,3,2026-04-16,5.0,High
ORD198437,BKE,4,2025-06-02,20.0,Medium
ORD180948,CXQ,6,2025-11-28,17.0,High
ORD182053,RYE,4,2025-08-20,16.0,High
ORD119535,GYW,4,2025-08-05,24.0,Low
ORD142544,VJG,3,2025-12-11,10.0,High
ORD115840,SPG,10,2025-06-26,25.0,Medium
ORD175306,XVX,4,2025-08-08,23.0,High
ORD183221,EVW,4,2025-11-17,7.0,High
ORD142639,RNL,6,2026-01-21,19.0,High
ORD188454,LMQ,3,2025-07-31,20.0,High
ORD170058,YYO,2,2026-04-02,13.0,High
ORD129202,OQN,10,2025-11-23,18.0,High
ORD113872,GWD,1,2025-06-25,24.0,High
ORD109287,TRB,4,2025-08-15,12.0,Medium
ORD178638,LER,2,2025-09-23,20.0,High
ORD104460,XVX,2,2025-10-11,23.0,High
ORD126677,VJG,5,2026-05-08,10.0,High
ORD192131,JZT,9,2025-08-19,17.0,High
ORD163589,ZGM,8,2025-08-10,17.0,High
ORD120621,KRU,2,2025-11-29,16.0,Low
ORD101329,MDN,2,2026-04-18,14.0,High
ORD127737,XVX,1,2026-02-15,23.0,High
ORD111477,ZQH,9,2025-07-20,9.0,High
ORD114290,YYO,1,2025-08-10,13.0,High
ORD143798,RYE,2,2026-01-24,16.0,High
ORD156215,MJP,7,2026-05-18,22.0,Low
ORD171219,OYF,1,2026-03-16,6.0,High
ORD121115,RCW,3,2026-05-30,23.0,High
ORD170280,JLQ,10,2025-09-22,23.0,High
ORD112917,XIM,2,2025-09-08,12.0,Medium
ORD187845,VJG,1,2025-09-20,10.0,High
ORD111093,NRZ,3,2026-01-11,18.0,High
ORD180456,LER,3,2026-04-30,20.0,High
ORD141840,GIJ,4,2026-03-20,18.0,Low
ORD161246,JVR,1,2025-08-07,17.0,Medium
ORD131778,BES,3,2026-03-07,15.0,High
ORD190814,GWD,4,2026-05-19,24.0,High
ORD105726,CBB,9,2025-06-08,20.0,High
ORD121929,IFG,9,2026-05-21,23.0,High
ORD125685,NUD,4,2026-02-22,11.0,High
ORD189865,WRS,1,2026-05-20,18.0,High
ORD173401,WRS,4,2025-12-08,18.0,High
ORD199762,ADM,7,2026-01-30,20.0,High
ORD105940,FCY,6,2025-06-08,18.0,High
ORD104433,NUD,2,2025-09-12,11.0,High
ORD158093,ADM,1,2026-01-29,20.0,High
ORD119521,BES,10,2026-01-06,15.0,High
ORD179849,YYO,8,2026-04-25,13.0,High
ORD111124,CZS,1,2026-03-13,6.0,Medium
ORD198402,NMS,1,2026-01-09,16.0,Low
ORD172063,VJG,7,2025-08-29,10.0,High
ORD184872,LYE,2,2026-04-03,19.0,Low
ORD124355,OVY,2,2026-04-04,8.0,Medium
ORD137244,MDN,4,2026-05-08,14.0,High
ORD102305,CXQ,9,2025-07-04,17.0,High
ORD140456,CEG,3,2026-02-19,15.0,High
ORD191388,VJG,4,2025-12-30,10.0,High
ORD168607,DXB,4,2026-02-18,8.0,High
ORD130458,LNZ,2,2025-09-29,12.0,Medium
ORD102741,VJG,2,2026-04-04,10.0,High
ORD157013,XVX,8,2025-07-18,23.0,High
ORD122897,DXB,5,2026-01-12,8.0,High
ORD195270,OVY,4,2026-03-18,8.0,Medium
ORD136067,FKQ,4,2025-12-06,13.0,High
ORD144380,EOS,4,2025-07-09,25.0,Low
ORD168001,LAU,7,2025-07-13,5.0,High
ORD183592,JUG,10,2026-05-31,17.0,High
ORD159894,GRT,5,2026-05-19,8.0,Medium
ORD136384,ADM,1,2025-06-27,20.0,High
ORD130555,GBF,4,2025-12-31,24.0,Low
ORD164016,QAG,8,2025-08-19,18.0,High
ORD156192,UPP,4,2026-03-10,10.0,Medium
ORD105335,WOW,4,2025-10-11,15.0,High
ORD129772,MWM,4,2025-06-01,14.0,Medium
ORD197317,JUG,2,2026-06-01,17.0,High
ORD161661,MGY,3,2026-05-05,9.0,Low
ORD191168,QAG,10,2025-07-27,18.0,High
ORD113006,SPC,5,2026-02-08,7.0,High
ORD141281,VMG,4,2025-09-13,22.0,Medium
ORD116928,XIM,7,2026-04-08,12.0,Medium
ORD149082,YYO,3,2026-03-26,13.0,High
ORD122716,ZSI,3,2025-11-10,18.0,Low
ORD190802,LMQ,4,2026-02-16,20.0,High
ORD135658,HSD,3,2025-08-25,10.0,High
ORD107833,GRT,2,2026-02-22,8.0,Medium
ORD128798,MDN,1,2026-02-28,14.0,High
ORD125394,MZV,1,2026-03-11,8.0,Medium
ORD184382,HSD,1,2025-09-22,10.0,High
ORD109223,PSJ,3,2025-09-21,7.0,High
ORD145675,CWA,1,2026-02-07,20.0,High
ORD149864,RNZ,3,2025-10-18,10.0,Medium
ORD163689,CAT,2,2025-06-21,12.0,Low
ORD137613,OYF,4,2026-02-09,6.0,High
ORD108167,RYE,2,2025-10-30,16.0,High
ORD181082,CBB,2,2026-01-03,20.0,High
ORD196459,WRS,3,2025-12-13,18.0,High
ORD148118,EVW,1,2025-09-06,7.0,High
ORD193075,IWO,2,2025-12-31,17.0,Low
ORD176700,CEG,1,2025-07-19,15.0,High
ORD149516,VJG,2,2025-08-20,10.0,High
ORD180555,GWD,4,2026-02-11,24.0,High
ORD114861,TAW,7,2026-03-10,17.0,Medium
ORD165132,WXE,1,2026-04-01,12.0,High
ORD190744,CQO,4,2025-08-06,5.0,High
ORD159568,UAX,5,2026-05-03,16.0,Medium
ORD132224,KCJ,8,2025-09-09,10.0,High
ORD106085,WRS,5,2026-04-12,18.0,High
ORD147326,ZSI,4,2025-06-01,18.0,Low
ORD150875,OIT,8,2025-12-12,20.0,Medium
ORD130984,MGM,2,2025-08-05,12.0,Low
ORD184785,LFP,3,2026-01-11,15.0,Low
ORD111591,IFG,4,2025-08-15,23.0,High
ORD130270,IGP,4,2025-07-26,9.0,High
ORD129915,JLQ,5,2026-05-21,23.0,High
ORD113780,VJG,2,2025-09-07,10.0,High
ORD193688,LPS,1,2026-04-10,25.0,High
ORD129340,CSM,2,2026-04-08,14.0,Medium
ORD154247,NUD,4,2026-04-05,11.0,High
ORD121264,MDN,7,2025-10-18,14.0,High
ORD191931,QMW,3,2025-10-28,25.0,High
ORD163662,LAU,2,2026-05-31,5.0,High
ORD118919,IGP,1,2025-07-11,9.0,High
ORD175921,SCN,7,2025-10-26,20.0,High
ORD191778,FFE,4,2025-12-12,5.0,Medium
ORD112559,RIJ,10,2026-02-22,12.0,Low
ORD192261,CGW,7,2026-05-02,11.0,Medium
ORD144429,FKQ,2,2026-03-13,13.0,High
ORD187919,VGB,5,2025-11-14,6.0,Low
ORD100079,LRX,4,2026-04-17,18.0,Low
ORD129629,SPV,2,2026-02-20,6.0,High
ORD149253,SPV,2,2026-04-07,6.0,High
ORD121318,LAU,9,2026-04-14,5.0,High
ORD112706,KCJ,4,2025-08-17,10.0,High
ORD190563,LYE,6,2025-12-13,19.0,Low
ORD127753,SPG,7,2025-07-02,25.0,Medium
ORD141780,LAU,8,2026-03-21,5.0,High
ORD144170,CBB,1,2026-02-16,20.0,High
ORD190506,NUD,8,2026-03-04,11.0,High
ORD120226,EOS,2,2026-05-05,25.0,Low
ORD144629,VJG,1,2026-02-10,10.0,High
ORD185478,OQN,4,2026-05-25,18.0,High
ORD103490,BKE,4,2026-04-23,20.0,Medium
ORD196470,WOW,1,2025-11-08,15.0,High
ORD190293,ADM,1,2025-09-10,20.0,High
ORD155773,FCY,2,2025-07-18,18.0,High
ORD184654,YBM,6,2026-03-01,5.0,Low
ORD103106,RYE,1,2025-12-14,16.0,High
ORD141448,OQN,2,2025-11-08,18.0,High
ORD122028,LYE,6,2025-11-10,19.0,Low
ORD101690,VKI,4,2025-10-29,6.0,Medium
ORD126721,YOK,6,2025-11-21,14.0,Medium
ORD143073,RRI,10,2026-02-08,11.0,Medium
ORD142695,LPS,8,2026-05-04,25.0,High
ORD126336,EJV,4,2026-01-24,17.0,Low
ORD141688,CWE,9,2026-05-04,24.0,Low
ORD135402,QMW,8,2025-11-30,25.0,High
ORD140270,HSD,3,2026-03-22,10.0,High
ORD149980,SCN,4,2025-07-08,20.0,High
ORD195936,LER,3,2025-08-16,20.0,High
ORD152338,CZS,7,2026-04-18,6.0,Medium
ORD151182,MDN,8,2025-08-26,14.0,High
ORD170952,RBX,4,2025-06-20,21.0,High
ORD149008,XVX,4,2025-12-29,23.0,High
ORD156705,JPK,5,2026-01-13,19.0,Medium
ORD155062,LRX,6,2025-06-06,18.0,Low
ORD146181,XMO,3,2026-03-01,24.0,Medium
ORD182900,LMQ,4,2026-01-07,20.0,High
ORD146122,BES,1,2025-10-21,15.0,High
ORD154188,RYE,5,2025-06-01,16.0,High
ORD152263,CXQ,4,2026-02-06,17.0,High
ORD197386,JLQ,10,2025-06-28,23.0,High
ORD131463,LMQ,3,2025-12-25,20.0,High
ORD193195,XIM,3,2026-03-03,12.0,Medium
ORD121564,WXE,10,2026-02-04,12.0,High
ORD194693,JLQ,8,2025-06-05,23.0,High
ORD141515,FLH,3,2026-02-09,10.0,High
ORD137104,NRP,2,2025-08-02,15.0,High
ORD196940,ARU,4,2025-08-14,21.0,Medium
ORD115544,JZT,2,2026-03-23,17.0,High
ORD138232,WAN,4,2025-07-05,25.0,Medium
ORD161749,ADM,2,2026-01-20,20.0,High
ORD160241,FLH,1,2025-07-19,10.0,High
ORD178052,GWD,3,2026-03-05,24.0,High
ORD148608,WOW,4,2025-11-01,15.0,High
ORD155617,FKQ,1,2026-04-18,13.0,High
ORD109923,MWM,2,2026-06-01,14.0,Medium
ORD105034,RCW,3,2025-09-08,23.0,High
ORD186361,VGB,7,2025-12-11,6.0,Low
ORD162138,CQO,1,2026-01-29,5.0,High
ORD106936,MZV,4,2026-04-23,8.0,Medium
ORD171685,OZB,4,2026-01-14,19.0,High
ORD139163,OQN,4,2025-08-04,18.0,High
ORD111248,CQO,2,2026-01-24,5.0,High
ORD177169,HSD,2,2026-03-03,10.0,High
ORD196282,IGP,8,2025-11-04,9.0,High
ORD129144,QIE,7,2026-02-13,7.0,Low
ORD178347,JUG,4,2025-08-08,17.0,High
ORD103829,EVW,1,2026-02-15,7.0,High
ORD186175,RNL,4,2025-07-30,19.0,High
ORD189357,EVW,4,2025-12-20,7.0,High
ORD180800,ARU,2,2025-07-15,21.0,Medium
ORD115823,GRT,8,2026-02-12,8.0,Medium
ORD176725,IFG,2,2025-08-03,23.0,High
ORD151767,XVX,3,2025-08-06,23.0,High
ORD125420,SPC,4,2025-11-26,7.0,High
ORD176026,BES,3,2026-05-07,15.0,High
ORD175229,WOW,3,2025-06-23,15.0,High
ORD171001,UAX,1,2025-12-19,16.0,Medium
ORD120658,CBB,2,2026-02-16,20.0,High
ORD140613,SCN,8,2025-09-20,20.0,High
ORD165486,SCN,5,2026-01-24,20.0,High
ORD183298,OZB,1,2026-05-09,19.0,High
ORD122398,CSM,4,2025-06-22,14.0,Medium
ORD152935,LMQ,3,2026-05-07,20.0,High
ORD181767,FLH,7,2026-04-24,10.0,High
ORD123902,LAU,1,2025-07-25,5.0,High
ORD126738,JUC,4,2026-02-05,10.0,Medium
ORD171031,IPE,3,2025-09-18,20.0,Medium
ORD193364,OIT,1,2025-09-02,20.0,Medium
ORD174748,WXE,3,2026-03-22,12.0,High
ORD154313,QAG,1,2025-08-28,18.0,High
ORD167987,WXE,4,2025-08-12,12.0,High
ORD129751,QAG,2,2025-11-18,18.0,High
ORD179217,LPS,7,2025-12-06,25.0,High
ORD197945,MBW,3,2026-01-21,9.0,Medium
ORD190327,SPC,3,2025-07-10,7.0,High
ORD139162,WEK,1,2026-05-15,14.0,Medium
ORD137332,OJI,4,2025-09-07,12.0,Medium
ORD139796,YYO,3,2026-02-05,13.0,High
ORD172656,RRI,8,2025-12-21,11.0,Medium
ORD168044,JZT,1,2026-03-01,17.0,High
ORD160306,NUD,2,2025-06-21,11.0,High
ORD171661,QMW,4,2026-05-09,25.0,High
ORD132400,ZQH,10,2025-12-27,9.0,High
ORD159322,LQT,3,2026-05-07,20.0,Medium
ORD141482,VGB,9,2025-08-11,6.0,Low
ORD144930,LMQ,3,2025-10-16,20.0,High
ORD140388,CEG,5,2026-04-10,15.0,High
ORD152666,IGP,1,2025-08-03,9.0,High
ORD112653,JLQ,10,2026-02-26,23.0,High
ORD113874,OQN,8,2026-01-06,18.0,High
ORD143022,ARU,3,2026-03-09,21.0,Medium
ORD144326,WFV,4,2026-03-26,6.0,High
ORD132624,CBB,8,2025-06-23,20.0,High
ORD193072,IFG,4,2025-10-14,23.0,High
ORD104552,SCN,1,2026-02-28,20.0,High
ORD169314,RBX,5,2025-09-14,21.0,High
ORD176818,SNC,3,2025-06-18,12.0,High
ORD166143,CZS,2,2026-03-09,6.0,Medium
ORD135143,CBB,6,2025-06-27,20.0,High
ORD156171,OQN,9,2025-12-09,18.0,High
ORD125588,KCJ,4,2026-01-14,10.0,High
ORD190237,NUD,2,2026-01-25,11.0,High
ORD118180,ZGM,9,2025-07-24,17.0,High
ORD198081,WXE,1,2025-11-19,12.0,High
ORD165016,MZV,3,2026-04-12,8.0,Medium
ORD150500,ZQH,8,2025-12-05,9.0,High
ORD162787,WXE,4,2026-02-21,12.0,High
ORD134089,JLQ,2,2025-07-27,23.0,High
ORD108222,RCW,3,2025-10-10,23.0,High
ORD128353,UHR,5,2025-11-16,9.0,Low
ORD155882,NUD,1,2026-01-28,11.0,High
ORD147577,WFV,2,2025-07-17,6.0,High
ORD194849,EVW,3,2026-02-19,7.0,High
ORD188502,WFV,1,2026-01-11,6.0,High
ORD155896,ADM,1,2026-03-04,20.0,High
ORD141027,WRS,3,2026-05-28,18.0,High
ORD116288,LAU,4,2025-07-15,5.0,High
ORD135169,RIJ,2,2026-05-07,12.0,Low
ORD173674,QEU,8,2025-09-10,23.0,Medium
ORD191616,MDN,9,2025-09-11,14.0,High
ORD103291,BDV,2,2026-04-30,14.0,Low
ORD174657,GZE,3,2025-10-19,15.0,Medium
ORD146166,VJG,5,2025-09-12,10.0,High
ORD140194,CXQ,8,2026-03-07,17.0,High
ORD187115,QAG,2,2026-03-04,18.0,High
ORD128905,OQN,8,2025-12-07,18.0,High
ORD139497,CBB,4,2026-05-20,20.0,High
ORD108719,WXE,1,2025-09-04,12.0,High
ORD152089,CWA,2,2025-06-05,20.0,High
ORD110501,LYE,1,2026-01-30,19.0,Low
ORD123953,FLH,3,2026-02-10,10.0,High
ORD163626,RYE,3,2026-04-08,16.0,High
ORD170620,CXQ,8,2026-02-15,17.0,High
ORD179292,EVW,8,2026-03-29,7.0,High
ORD105724,VGB,2,2025-06-27,6.0,Low
ORD130127,RCW,5,2025-06-09,23.0,High
ORD142554,RCW,1,2026-03-29,23.0,High
ORD175051,HSD,5,2026-01-07,10.0,High
ORD157295,RRI,2,2025-08-11,11.0,Medium
ORD194699,LAU,9,2026-02-17,5.0,High
ORD104571,SCN,3,2026-05-14,20.0,High
ORD129103,CQO,8,2026-04-09,5.0,High
ORD142579,KRU,5,2025-06-29,16.0,Low
ORD113564,JUG,10,2026-04-04,17.0,High
ORD145029,KYB,2,2026-01-08,18.0,Medium
ORD130925,BES,2,2026-01-22,15.0,High
ORD173588,OZB,4,2026-05-05,19.0,High
ORD110456,LER,1,2025-11-22,20.0,High
ORD190747,OQN,7,2026-01-19,18.0,High
ORD188545,QAG,1,2026-05-28,18.0,High
ORD165487,LMQ,4,2025-07-08,20.0,High
ORD199846,CQO,5,2026-03-14,5.0,High
ORD136562,DXB,2,2025-07-23,8.0,High
ORD118472,SPC,8,2026-04-01,7.0,High
ORD176836,CWA,3,2025-09-28,20.0,High
ORD191606,LFP,9,2025-11-11,15.0,Low
ORD186101,CXQ,3,2025-10-23,17.0,High
ORD182713,VJG,1,2025-08-01,10.0,High
ORD133141,SNC,4,2026-05-05,12.0,High
ORD112317,IGP,4,2026-01-02,9.0,High
ORD186198,WFV,3,2026-02-27,6.0,High
ORD104988,LAU,5,2026-04-05,5.0,High
ORD114408,MWM,1,2026-05-18,14.0,Medium
ORD123332,ADM,9,2025-09-16,20.0,High
ORD128419,RNL,3,2026-02-27,19.0,High
ORD180597,MBW,4,2026-03-08,9.0,Medium
ORD168054,FLH,4,2026-01-03,10.0,High
ORD142858,UPP,1,2025-10-21,10.0,Medium
ORD193909,RNL,3,2026-04-14,19.0,High
ORD192840,FKQ,1,2025-06-02,13.0,High
ORD142286,XVX,4,2025-11-05,23.0,High
ORD189846,VMG,4,2025-08-06,22.0,Medium
ORD126068,VJG,8,2025-06-24,10.0,High
ORD131646,SPV,1,2025-08-29,6.0,High
ORD196602,CEG,4,2025-09-11,15.0,High
ORD185565,DXB,2,2025-07-22,8.0,High
ORD179597,SPV,4,2025-09-28,6.0,High
ORD107983,LER,3,2025-11-30,20.0,High
ORD186182,ZGM,1,2026-03-20,17.0,High
ORD150441,JLQ,2,2025-08-29,23.0,High
ORD198988,WXE,10,2026-04-02,12.0,High
ORD182198,GRT,2,2026-04-29,8.0,Medium
ORD193314,MGM,3,2025-09-23,12.0,Low
ORD111269,SPC,2,2025-07-24,7.0,High
ORD103952,RNL,4,2026-03-02,19.0,High
ORD155474,YOK,2,2026-04-17,14.0,Medium
ORD103694,OQN,10,2026-04-28,18.0,High
ORD195873,SCN,2,2026-03-15,20.0,High
ORD133824,ESQ,4,2026-01-16,13.0,Low
ORD102588,NUD,9,2026-03-29,11.0,High
ORD118703,CXQ,10,2025-07-02,17.0,High
ORD107566,CBB,3,2025-07-31,20.0,High
ORD124844,RNL,2,2025-07-04,19.0,High
ORD194864,NRP,2,2026-05-02,15.0,High
ORD110877,IGP,4,2026-01-29,9.0,High
ORD176201,RIJ,3,2025-09-22,12.0,Low
ORD117306,NTQ,4,2025-07-06,10.0,Low
ORD170984,CAT,4,2026-05-15,12.0,Low
ORD176657,KCJ,4,2025-08-17,10.0,High
ORD131555,SNC,3,2025-11-25,12.0,High
ORD172923,ZUW,4,2026-04-21,22.0,Medium
ORD198908,OYF,3,2025-08-06,6.0,High
ORD191721,LPS,3,2025-11-15,25.0,High
ORD165372,QAG,5,2025-07-07,18.0,High
ORD133064,OJI,3,2026-01-18,12.0,Medium
ORD145030,QAG,1,2026-05-04,18.0,High
ORD178325,GZE,1,2026-01-18,15.0,Medium
ORD175260,CBB,1,2025-07-19,20.0,High
ORD108629,XRZ,2,2025-11-07,23.0,Medium
ORD181926,MBW,1,2025-11-16,9.0,Medium
ORD175699,JZT,3,2025-06-15,17.0,High
ORD194851,RYE,1,2025-11-21,16.0,High
ORD163970,IGP,3,2026-05-12,9.0,High
ORD160950,FLH,2,2025-10-11,10.0,High
ORD145197,KCJ,10,2026-02-12,10.0,High
ORD123447,LMQ,8,2026-01-25,20.0,High
ORD104416,CSM,2,2026-04-12,14.0,Medium
ORD122930,SCN,7,2025-08-20,20.0,High
ORD182342,PSJ,4,2026-04-16,7.0,High
ORD177621,VQB,4,2025-08-10,14.0,Low
ORD183742,NFQ,2,2025-07-27,10.0,High
ORD108195,WRS,2,2026-03-28,18.0,High
ORD170070,CQK,4,2025-06-12,7.0,Medium
ORD147128,NUD,5,2025-08-11,11.0,High
ORD160402,CSM,4,2026-01-03,14.0,Medium
ORD187480,LYE,2,2026-02-13,19.0,Low
ORD152510,SNC,3,2026-05-04,12.0,High
ORD199722,GIJ,1,2025-10-05,18.0,Low
ORD191591,QMW,9,2025-09-29,25.0,High
ORD189177,RCW,2,2025-06-09,23.0,High
ORD141539,TAW,7,2025-12-13,17.0,Medium
ORD189513,EJV,10,2026-01-25,17.0,Low
ORD147585,YZD,6,2026-03-03,15.0,High
ORD193606,IGP,1,2025-07-01,9.0,High
ORD141341,FJZ,1,2025-12-23,12.0,Medium
ORD195758,JZT,1,2025-12-03,17.0,High
ORD129974,ZDV,7,2026-01-08,25.0,Medium
ORD141634,WOW,2,2025-12-31,15.0,High
ORD159729,LER,1,2026-04-08,20.0,High
ORD135846,BES,7,2025-10-12,15.0,High
ORD141380,SNC,2,2025-12-06,12.0,High
ORD193289,CEG,3,2025-11-05,15.0,High
ORD134096,HQD,2,2025-12-16,11.0,Low
ORD184026,NUD,1,2025-09-12,11.0,High
ORD122248,ZUW,9,2026-03-14,22.0,Medium
ORD184570,CQO,2,2025-08-05,5.0,High
ORD122033,RCW,1,2026-02-06,23.0,High
ORD134920,IFG,10,2026-04-03,23.0,High
ORD150083,HSD,4,2026-03-08,10.0,High
ORD108147,YZD,3,2026-02-13,15.0,High
ORD159870,CAT,3,2026-05-31,12.0,Low
ORD195597,WFV,1,2025-10-21,6.0,High
ORD120457,JPK,5,2026-04-03,19.0,Medium
ORD158408,XRZ,3,2025-11-24,23.0,Medium
ORD106628,OYF,4,2025-08-02,6.0,High
ORD107149,UYZ,4,2026-04-17,22.0,Low
ORD115844,CQO,10,2025-12-02,5.0,High
ORD140715,XRZ,4,2025-11-17,23.0,Medium
ORD176249,EVW,1,2026-05-07,7.0,High
ORD151244,LER,9,2026-04-24,20.0,High
ORD183005,MZV,2,2025-08-07,8.0,Medium
ORD158568,QEU,2,2025-10-01,23.0,Medium
ORD137960,FFE,7,2026-01-15,5.0,Medium
ORD150090,JLQ,3,2025-10-20,23.0,High
ORD120443,BES,6,2026-03-02,15.0,High
ORD157691,NRP,9,2025-08-29,15.0,High
ORD187325,SYF,10,2026-04-04,11.0,Low
ORD175025,RYE,4,2025-06-08,16.0,High
ORD195664,OYF,3,2025-12-16,6.0,High
ORD184261,PSJ,4,2025-10-09,7.0,High
ORD167921,NRP,2,2025-12-07,15.0,High
ORD161649,VGB,4,2025-11-17,6.0,Low
ORD194243,FCF,7,2025-12-06,5.0,Low
ORD144376,FCY,2,2025-11-16,18.0,High
ORD136013,HSD,6,2025-11-11,10.0,High
ORD192849,JZT,4,2026-03-18,17.0,High
ORD181358,XIM,2,2025-06-20,12.0,Medium
ORD184211,QMW,3,2026-03-25,25.0,High
ORD117849,UAX,3,2026-05-26,16.0,Medium
ORD164650,GRT,2,2025-07-25,8.0,Medium
ORD197090,PBM,10,2025-10-10,19.0,Medium
ORD174715,QMW,1,2025-08-02,25.0,High
ORD125844,WEK,2,2026-01-28,14.0,Medium
ORD184746,HGC,8,2026-05-28,14.0,Low
ORD171280,EVW,7,2025-12-16,7.0,High
ORD134149,CEG,8,2025-12-23,15.0,High
ORD105913,SCN,4,2025-12-25,20.0,High
ORD163690,CWA,4,2026-05-11,20.0,High
ORD110995,EVW,3,2025-12-28,7.0,High
ORD193198,TRB,4,2026-03-11,12.0,Medium
ORD165192,WEK,3,2025-06-17,14.0,Medium
ORD136958,KYB,8,2025-10-06,18.0,Medium
ORD185252,KCJ,1,2026-02-23,10.0,High
ORD159137,NRZ,4,2025-06-18,18.0,High
ORD138512,LRX,10,2025-11-28,18.0,Low
ORD119446,PSJ,3,2026-05-26,7.0,High
ORD112138,WRS,2,2026-04-25,18.0,High
ORD118531,KYB,2,2026-01-19,18.0,Medium
ORD154429,FKQ,4,2026-01-26,13.0,High
ORD168841,XVX,4,2025-07-10,23.0,High
ORD142965,NFQ,2,2026-05-22,10.0,High
ORD149302,FJZ,2,2025-10-01,12.0,Medium
ORD113753,PKF,4,2026-03-08,16.0,Medium
ORD169922,OZB,4,2026-04-05,19.0,High
ORD106559,ZUW,6,2025-06-02,22.0,Medium
ORD132425,FLH,3,2025-10-09,10.0,High
ORD139645,YBM,4,2026-04-01,5.0,Low
ORD150547,LMQ,2,2025-08-04,20.0,High
ORD124894,IFG,4,2026-03-09,23.0,High
ORD103091,XVX,2,2025-11-30,23.0,High
ORD159002,QJK,4,2026-01-01,23.0,Low
ORD172686,RNL,3,2025-11-23,19.0,High
ORD191184,IFG,1,2025-09-12,23.0,High
ORD111200,PSJ,6,2025-07-16,7.0,High
ORD107460,NGF,4,2025-12-08,19.0,Low
ORD172606,GBF,2,2026-05-13,24.0,Low
ORD179035,EVW,4,2026-05-09,7.0,High
ORD142020,VKI,1,2025-10-17,6.0,Medium
ORD186552,XMO,3,2025-11-06,24.0,Medium
ORD110562,OZB,2,2026-01-28,19.0,High
ORD153189,QMW,3,2025-09-19,25.0,High
ORD139325,CXQ,2,2026-03-31,17.0,High
ORD115029,BKE,3,2025-10-24,20.0,Medium
ORD168231,CAT,1,2026-03-25,12.0,Low
ORD125829,ZQH,2,2026-05-25,9.0,High
ORD105528,ZUW,9,2026-03-04,22.0,Medium
ORD117607,WOW,8,2026-04-11,15.0,High
ORD189299,ILE,3,2026-02-13,14.0,Medium
ORD142956,NUD,1,2026-04-06,11.0,High
ORD125301,SPC,2,2025-12-04,7.0,High
ORD156495,CVO,2,2025-11-23,20.0,Low
ORD105270,WRS,4,2025-06-06,18.0,High
ORD143949,MDN,4,2026-01-20,14.0,High
ORD130483,ESQ,4,2025-12-24,13.0,Low
ORD181615,YZD,1,2026-05-25,15.0,High
ORD198283,WRS,1,2026-01-05,18.0,High
ORD106058,FJZ,6,2025-10-16,12.0,Medium
ORD164052,BES,2,2026-02-14,15.0,High
ORD146401,TAW,4,2026-01-15,17.0,Medium
ORD135489,CWA,1,2025-07-22,20.0,High
ORD147614,WFV,1,2025-12-10,6.0,High
ORD196227,HSD,6,2025-06-15,10.0,High
ORD143662,CQK,3,2026-01-08,7.0,Medium
ORD118576,KRU,8,2025-08-06,16.0,Low
ORD153133,LMQ,1,2026-01-16,20.0,High
ORD189592,XIM,9,2026-05-29,12.0,Medium
ORD195594,YBM,10,2025-07-14,5.0,Low
ORD151362,UAX,8,2026-05-28,16.0,Medium
ORD100383,WXE,2,2025-09-28,12.0,High
ORD137190,LPS,2,2026-03-26,25.0,High
ORD194816,WFV,10,2026-03-29,6.0,High
ORD104289,WRS,2,2026-03-15,18.0,High
ORD184721,LYE,2,2026-01-14,19.0,Low
ORD184671,YZD,3,2025-11-24,15.0,High
ORD182108,KCJ,8,2025-11-03,10.0,High
ORD123533,GWD,3,2025-06-23,24.0,High
ORD165049,OZB,2,2025-08-26,19.0,High
ORD135211,RCW,2,2025-11-06,23.0,High
ORD132248,ZGM,4,2026-03-23,17.0,High
ORD133556,UAX,4,2025-09-02,16.0,Medium
ORD137674,SPC,7,2026-02-02,7.0,High
ORD101697,SPV,1,2025-09-29,6.0,High
ORD135362,XMO,3,2025-11-01,24.0,Medium
ORD144949,LMQ,1,2025-12-10,20.0,High
ORD138720,IGP,4,2025-07-13,9.0,High
ORD142756,WFV,1,2025-11-21,6.0,High
ORD112875,IFG,4,2026-02-15,23.0,High
ORD173659,NFQ,6,2026-02-01,10.0,High
ORD163157,OZB,3,2026-01-09,19.0,High
ORD127441,SNC,2,2025-06-09,12.0,High
ORD183766,JLQ,3,2025-08-12,23.0,High
ORD138778,LFP,6,2025-10-26,15.0,Low
ORD193430,IPE,1,2026-02-05,20.0,Medium
ORD196640,THQ,2,2025-06-09,5.0,Low
ORD134974,HFC,1,2025-11-09,13.0,Medium
ORD145101,DXB,4,2026-04-17,8.0,High
ORD111710,VJG,4,2025-11-04,10.0,High
ORD129731,FLH,2,2025-07-10,10.0,High
ORD114787,DXB,2,2026-05-27,8.0,High
ORD183688,RIJ,7,2026-01-16,12.0,Low
ORD183618,ZGM,3,2025-08-27,17.0,High
ORD145485,GIJ,2,2026-04-29,18.0,Low
ORD175015,YBM,3,2026-01-27,5.0,Low
ORD108531,FKQ,4,2026-02-03,13.0,High
ORD122520,YYO,1,2026-01-09,13.0,High
ORD149035,VJG,6,2026-04-10,10.0,High
ORD170361,WRS,7,2026-01-10,18.0,High
ORD136619,THQ,1,2025-11-13,5.0,Low
ORD120153,MWM,2,2025-10-06,14.0,Medium
ORD166418,RBX,6,2025-12-15,21.0,High
ORD195323,WXE,2,2026-03-26,12.0,High
ORD153841,XIM,2,2025-09-18,12.0,Medium
ORD193468,CQO,10,2026-01-30,5.0,High
ORD169926,NFQ,4,2025-12-15,10.0,High
ORD170410,MGY,6,2025-06-15,9.0,Low
ORD138959,CQO,2,2026-04-01,5.0,High
ORD143297,IFG,5,2025-07-26,23.0,High
ORD134670,WOW,1,2025-06-01,15.0,High
ORD150404,ADM,5,2025-09-03,20.0,High
ORD138198,PSJ,2,2025-07-14,7.0,High
ORD130726,SCN,3,2025-08-29,20.0,High
ORD150412,MYU,2,2025-12-14,11.0,Low
ORD114008,RYE,4,2026-02-16,16.0,High
ORD119498,ZUW,3,2026-05-13,22.0,Medium
ORD136561,NFQ,2,2025-10-22,10.0,High
ORD162164,KRU,2,2026-02-08,16.0,Low
ORD184612,NUD,9,2026-04-14,11.0,High
ORD105487,WOW,8,2026-05-22,15.0,High
ORD172399,NFQ,5,2025-09-16,10.0,High
ORD189486,GZE,2,2026-03-13,15.0,Medium
ORD195579,YYO,4,2025-07-14,13.0,High
ORD169877,ZQH,9,2025-08-27,9.0,High
ORD104320,PKF,1,2025-06-12,16.0,Medium
ORD124011,QIE,3,2026-05-30,7.0,Low
ORD138362,MDN,1,2025-10-21,14.0,High
ORD153222,HSD,4,2026-01-03,10.0,High
ORD172224,RYE,7,2025-09-15,16.0,High
ORD171057,CEG,3,2026-01-19,15.0,High
ORD186226,OQN,1,2026-01-07,18.0,High
ORD187758,MJP,9,2025-06-05,22.0,Low
ORD103035,NUD,3,2026-05-31,11.0,High
ORD131310,WXE,1,2025-09-27,12.0,High
ORD143038,VJG,1,2025-08-29,10.0,High
ORD162901,RBX,5,2026-04-10,21.0,High
ORD130267,VJG,1,2025-08-28,10.0,High
ORD184650,SCN,3,2025-06-27,20.0,High
ORD114494,LNZ,1,2025-07-11,12.0,Medium
ORD138263,SPV,2,2025-11-23,6.0,High
ORD167502,XVX,2,2026-03-08,23.0,High
ORD116943,QAG,3,2026-01-05,18.0,High
ORD171951,SMS,10,2026-02-01,23.0,Medium
ORD144839,IFG,1,2026-04-08,23.0,High
ORD162583,FLH,7,2026-04-16,10.0,High
ORD175613,DIY,4,2025-06-06,12.0,Low
ORD103855,LAU,8,2026-03-20,5.0,High
ORD169483,GWD,1,2026-04-29,24.0,High
ORD124223,SNY,5,2026-03-31,15.0,Medium
ORD171609,FKQ,3,2026-02-12,13.0,High
ORD128949,PSJ,6,2025-11-06,7.0,High
ORD134968,OZB,6,2025-07-26,19.0,High
ORD192590,SNC,3,2025-11-26,12.0,High
ORD193809,OBP,3,2025-11-24,5.0,Low
ORD127146,FCY,9,2025-10-11,18.0,High
ORD125912,EOS,7,2026-05-06,25.0,Low
ORD106168,BDV,2,2025-07-04,14.0,Low
ORD112382,QAG,5,2025-09-19,18.0,High
ORD123311,NRP,9,2026-05-09,15.0,High
ORD173578,JZT,4,2026-03-01,17.0,High
ORD145355,CBB,4,2025-11-27,20.0,High
ORD184979,JLQ,3,2025-06-23,23.0,High
ORD159286,FCY,1,2025-09-29,18.0,High
ORD198530,SPC,10,2025-09-06,7.0,High
ORD151464,RCW,7,2026-02-27,23.0,High
ORD183934,RCW,1,2025-12-17,23.0,High
ORD191229,WRS,7,2026-04-04,18.0,High
ORD111600,LMQ,6,2025-06-25,20.0,High
ORD125330,CAT,4,2025-08-23,12.0,Low
ORD199230,FKQ,7,2026-05-10,13.0,High
ORD116156,OJI,3,2025-10-27,12.0,Medium
ORD130322,OZB,6,2026-03-08,19.0,High
ORD178080,HFC,2,2026-01-02,13.0,Medium
ORD150238,JUG,3,2026-01-08,17.0,High
ORD175875,NFQ,4,2025-08-11,10.0,High
ORD123699,LAU,2,2026-01-15,5.0,High
ORD161456,IPE,3,2025-08-21,20.0,Medium
ORD181626,EVW,7,2026-05-10,7.0,High
ORD147242,SPV,1,2025-07-23,6.0,High
ORD127444,QIE,4,2026-05-30,7.0,Low
ORD141222,EVW,4,2025-10-18,7.0,High
ORD186512,OQN,4,2026-03-04,18.0,High
ORD113408,MYU,2,2025-11-12,11.0,Low
ORD119388,XIM,4,2026-01-31,12.0,Medium
ORD150725,DXB,6,2025-11-18,8.0,High
ORD166228,FKQ,2,2026-04-05,13.0,High
ORD103054,CWA,1,2025-09-30,20.0,High
ORD173505,SNC,1,2025-08-08,12.0,High
ORD153561,XRZ,1,2026-01-05,23.0,Medium
ORD115033,RBX,7,2025-12-21,21.0,High
ORD153697,NFQ,2,2026-02-27,10.0,High
ORD111141,GWD,2,2025-10-24,24.0,High
ORD100820,TRB,4,2025-12-04,12.0,Medium
ORD124468,LAU,2,2025-07-18,5.0,High
ORD144952,NFQ,1,2025-07-12,10.0,High
ORD185857,IGP,9,2025-11-26,9.0,High
ORD142650,BES,4,2025-07-11,15.0,High
ORD112583,LMQ,2,2026-02-11,20.0,High
ORD166066,FLH,5,2026-03-17,10.0,High
ORD118485,NFQ,9,2026-05-15,10.0,High
ORD120753,ZQH,8,2025-10-27,9.0,High
ORD136652,SPC,2,2025-06-02,7.0,High
ORD109691,BES,7,2026-04-07,15.0,High
ORD148642,CEG,9,2026-03-27,15.0,High
ORD103565,PSJ,1,2025-06-24,7.0,High
ORD149701,THQ,2,2025-07-10,5.0,Low
ORD103760,OZB,2,2026-03-26,19.0,High
ORD129959,MDN,3,2026-02-01,14.0,High
ORD178522,XVX,3,2026-05-23,23.0,High
ORD112374,NFQ,1,2026-04-20,10.0,High
ORD181973,RNL,1,2026-02-11,19.0,High
ORD160076,CXQ,4,2026-01-29,17.0,High
ORD194568,NRP,3,2025-10-23,15.0,High
ORD154993,WEK,4,2025-07-30,14.0,Medium
ORD104038,JZT,1,2026-05-18,17.0,High
ORD164755,HFC,2,2025-09-12,13.0,Medium
ORD147493,SNC,2,2025-06-19,12.0,High
ORD159006,TIJ,1,2025-08-04,23.0,Low
ORD182590,ADM,8,2026-05-26,20.0,High
ORD113125,LPS,2,2025-12-25,25.0,High
ORD184641,DIY,1,2025-12-29,12.0,Low
ORD110415,MZV,1,2025-06-20,8.0,Medium
ORD157785,YBM,3,2026-04-08,5.0,Low
ORD144644,CEG,2,2025-07-20,15.0,High
ORD172499,XVX,10,2025-07-09,23.0,High
ORD193142,JUG,2,2025-12-14,17.0,High
ORD111041,WOW,2,2026-02-18,15.0,High
ORD197580,ADM,1,2025-06-04,20.0,High
ORD102683,WFV,2,2026-03-15,6.0,High
ORD167203,JVR,2,2025-12-16,17.0,Medium
ORD122383,SNC,7,2026-01-21,12.0,High
ORD109831,NRP,5,2025-06-18,15.0,High
ORD199299,MBW,3,2026-03-17,9.0,Medium
ORD130606,ZGM,5,2026-02-10,17.0,High
ORD151802,FLH,8,2025-11-22,10.0,High
ORD193823,WFV,7,2025-09-01,6.0,High
ORD162833,NRP,3,2025-11-19,15.0,High
ORD154764,OJI,1,2026-01-14,12.0,Medium
ORD127164,ZDV,2,2026-04-15,25.0,Medium
ORD173554,LER,7,2026-01-27,20.0,High
ORD112096,WRS,9,2025-06-30,18.0,High
ORD149592,MDN,9,2025-12-28,14.0,High
ORD172771,CGW,6,2025-07-19,11.0,Medium
ORD161289,LPS,7,2025-09-07,25.0,High
ORD168366,VJG,4,2025-06-03,10.0,High
ORD102538,FFE,4,2025-12-11,5.0,Medium
ORD124820,CWA,5,2026-03-25,20.0,High
ORD152121,NTQ,2,2026-01-21,10.0,Low
ORD198215,NNV,5,2025-12-18,12.0,Low
ORD155586,NRZ,6,2025-07-12,18.0,High
ORD108299,QAG,1,2025-09-16,18.0,High
ORD103060,KCJ,2,2025-12-30,10.0,High
ORD186894,MGM,2,2026-04-28,12.0,Low
ORD163422,NRP,3,2025-07-01,15.0,High
ORD100104,SPG,4,2026-04-10,25.0,Medium
ORD139523,FCY,8,2025-09-19,18.0,High
ORD174871,CEG,9,2025-11-20,15.0,High
ORD118511,NUD,4,2026-03-05,11.0,High
ORD121000,ZDV,2,2026-03-14,25.0,Medium
ORD122103,LNZ,6,2025-07-17,12.0,Medium
ORD174985,IGP,6,2025-11-02,9.0,High
ORD189035,RNL,7,2026-05-02,19.0,High
ORD195011,FCY,4,2025-09-10,18.0,High
ORD122725,SCN,1,2025-11-10,20.0,High
ORD102419,NRZ,2,2026-04-21,18.0,High
ORD106313,WRS,3,2025-11-19,18.0,High
ORD195648,WOW,4,2026-04-16,15.0,High
ORD188327,VJG,1,2026-01-13,10.0,High
ORD191849,NUD,2,2025-11-22,11.0,High
ORD156993,ADM,10,2025-12-22,20.0,High
ORD185805,FJZ,2,2026-02-04,12.0,Medium
ORD172523,JVR,3,2025-12-27,17.0,Medium
ORD117958,LPS,3,2025-11-05,25.0,High
ORD147260,MDN,1,2026-05-03,14.0,High
ORD193332,JUG,8,2026-04-09,17.0,High
ORD191432,QAG,8,2026-04-18,18.0,High
ORD185360,FJZ,2,2025-07-12,12.0,Medium
ORD192360,VQB,4,2025-10-04,14.0,Low
ORD119445,YZD,1,2026-04-02,15.0,High
ORD126393,YZD,10,2026-04-11,15.0,High
ORD169333,LER,3,2025-11-12,20.0,High
ORD197850,GRT,4,2026-03-11,8.0,Medium
ORD198494,GWD,1,2026-05-20,24.0,High
ORD163952,SNC,2,2025-06-24,12.0,High
ORD178175,ZSI,2,2025-08-30,18.0,Low
ORD161218,MJP,4,2025-10-13,22.0,Low
ORD105603,GZE,5,2025-09-26,15.0,Medium
ORD144894,VJG,4,2025-08-16,10.0,High
ORD158124,JZT,1,2025-09-14,17.0,High
ORD169417,LQT,8,2025-09-07,20.0,Medium
ORD183995,QEU,3,2025-08-03,23.0,Medium
ORD186554,XIM,7,2026-03-13,12.0,Medium
ORD140257,GXL,8,2025-07-07,11.0,Medium
ORD184315,OYF,10,2025-10-13,6.0,High
ORD190956,LNZ,8,2025-10-19,12.0,Medium
ORD130091,RCW,2,2025-11-28,23.0,High
ORD178737,RYE,3,2026-01-11,16.0,High
ORD143872,JZT,4,2026-05-18,17.0,High
ORD156718,WOW,2,2025-06-26,15.0,High
ORD140040,ZQH,7,2025-12-30,9.0,High
ORD145868,WXE,9,2026-01-31,12.0,High
ORD160484,PKF,5,2025-11-12,16.0,Medium
ORD159951,CZS,5,2026-03-14,6.0,Medium
ORD197539,QAG,3,2025-11-03,18.0,High
ORD138185,CVO,3,2025-11-01,20.0,Low
ORD127700,OQN,10,2026-05-10,18.0,High
ORD166485,IFG,10,2026-02-09,23.0,High
ORD153929,OQN,5,2026-04-14,18.0,High
ORD108108,OYF,2,2025-10-20,6.0,High
ORD199030,RYE,10,2025-11-26,16.0,High
ORD125679,IGP,9,2025-06-03,9.0,High
ORD140999,WFV,9,2025-11-23,6.0,High
ORD102825,DXB,2,2025-12-03,8.0,High
ORD179984,NRP,3,2025-12-24,15.0,High
ORD132081,YOK,4,2026-04-12,14.0,Medium
ORD181129,WFV,8,2026-01-12,6.0,High
ORD110856,ESQ,4,2025-12-11,13.0,Low
ORD155636,QMW,7,2025-08-24,25.0,High
ORD184429,LER,9,2025-09-24,20.0,High
ORD165478,KYB,2,2025-06-10,18.0,Medium
ORD111136,GRT,1,2026-05-08,8.0,Medium
ORD110279,MGY,4,2025-07-01,9.0,Low
ORD148498,CZS,2,2026-02-27,6.0,Medium
ORD101057,SCN,4,2025-08-21,20.0,High
ORD166657,FCY,3,2025-11-26,18.0,High
ORD158836,JUC,4,2025-10-04,10.0,Medium
ORD109531,CBB,3,2026-05-21,20.0,High
ORD105932,RCW,7,2025-10-27,23.0,High
ORD173266,MDN,8,2025-11-03,14.0,High
ORD124828,BKE,4,2026-02-16,20.0,Medium
ORD195788,UYZ,7,2026-03-13,22.0,Low
ORD111165,OJI,4,2025-06-11,12.0,Medium
ORD129282,RNL,10,2026-01-01,19.0,High
ORD114505,CXQ,1,2025-12-11,17.0,High
ORD193261,WXE,1,2025-08-10,12.0,High
ORD163730,TIJ,3,2026-01-09,23.0,Low
ORD108053,CXQ,3,2026-05-24,17.0,High
ORD119792,LAU,1,2026-01-12,5.0,High
ORD139200,DIY,4,2026-03-31,12.0,Low
ORD163205,PSJ,1,2026-02-28,7.0,High
ORD176014,CEG,3,2026-02-13,15.0,High
ORD154886,RNL,3,2025-07-15,19.0,High
ORD133870,NRZ,6,2025-12-29,18.0,High
ORD107002,OYF,8,2026-01-07,6.0,High
ORD121915,RBX,2,2025-12-18,21.0,High
ORD169370,RRI,6,2026-01-25,11.0,Medium
ORD134605,RYE,9,2026-02-08,16.0,High
ORD148450,JZT,4,2025-11-25,17.0,High
ORD138637,ROB,3,2026-05-21,15.0,Low
ORD100818,QMW,4,2026-02-07,25.0,High
ORD133153,CGW,3,2025-07-07,11.0,Medium
ORD160101,CGW,6,2025-10-16,11.0,Medium
ORD115639,YBM,2,2025-09-16,5.0,Low
ORD117727,NRZ,2,2026-04-17,18.0,High
ORD151731,QMW,7,2026-02-05,25.0,High
ORD187064,ADM,9,2025-10-01,20.0,High
ORD193329,CQK,6,2025-09-30,7.0,Medium
ORD152820,FCF,3,2025-06-15,5.0,Low
ORD196014,PSJ,4,2025-08-26,7.0,High
ORD161500,LYE,3,2025-07-19,19.0,Low
ORD195473,NFQ,10,2026-02-16,10.0,High
ORD116730,JUC,3,2025-09-02,10.0,Medium
ORD194301,OZB,8,2025-12-03,19.0,High
ORD135268,RCW,1,2026-04-25,23.0,High
ORD148533,RCW,5,2025-10-02,23.0,High
ORD116137,LAU,3,2026-05-27,5.0,High
ORD167080,NUD,9,2026-02-08,11.0,High
ORD137926,IFG,6,2025-08-05,23.0,High
ORD145811,SNC,8,2025-09-17,12.0,High
ORD136071,NRZ,3,2026-03-24,18.0,High
ORD195779,LAU,4,2026-03-13,5.0,High
ORD124264,LPS,7,2025-06-07,25.0,High
ORD169716,JUG,9,2025-10-17,17.0,High
ORD146515,ZGM,10,2025-07-21,17.0,High
ORD188637,OZB,8,2025-09-04,19.0,High
ORD160723,JLQ,1,2025-08-31,23.0,High
ORD179332,RNL,8,2025-06-01,19.0,High
ORD173498,IGP,2,2026-04-03,9.0,High
ORD112846,CQO,1,2026-01-04,5.0,High
ORD122149,CBB,2,2025-09-15,20.0,High
ORD155192,WXE,1,2026-01-27,12.0,High
ORD170890,MGY,8,2025-07-07,9.0,Low
ORD136385,AFY,3,2026-03-21,16.0,Low
ORD167957,MZV,6,2026-02-08,8.0,Medium
ORD116723,NRZ,1,2025-10-27,18.0,High
ORD126233,QEU,1,2026-01-16,23.0,Medium
ORD176983,ZGM,7,2025-07-26,17.0,High
ORD157073,JLQ,5,2025-07-04,23.0,High
ORD181157,VJG,1,2026-04-23,10.0,High
ORD163903,RCW,4,2025-06-07,23.0,High
ORD149361,MZV,1,2025-06-21,8.0,Medium
ORD103458,SPC,1,2026-04-20,7.0,High
ORD120748,RNZ,1,2026-04-20,10.0,Medium
ORD120944,LPS,3,2025-07-23,25.0,High
ORD150539,WEK,3,2025-11-10,14.0,Medium
ORD166246,GWD,2,2025-08-17,24.0,High
ORD144209,DXB,1,2025-09-01,8.0,High
ORD131586,QMW,4,2025-12-14,25.0,High
ORD145548,LER,1,2026-01-22,20.0,High
ORD119408,RIJ,3,2025-06-25,12.0,Low
ORD164728,LPS,2,2025-07-16,25.0,High
ORD118943,IWO,5,2025-10-11,17.0,Low
ORD118005,ZQH,4,2025-08-01,9.0,High
ORD155204,INT,8,2026-02-20,18.0,Low
ORD166489,EVW,4,2026-02-18,7.0,High
ORD173049,JLQ,3,2026-03-16,23.0,High
ORD139542,IGP,4,2025-07-07,9.0,High
ORD119646,SYF,4,2025-12-05,11.0,Low
ORD112355,WRS,2,2025-12-12,18.0,High
ORD101594,LAU,3,2025-10-23,5.0,High
ORD117755,JZT,1,2025-12-04,17.0,High
ORD162639,RYE,7,2026-04-26,16.0,High
ORD195746,ADM,2,2026-01-17,20.0,High
ORD165238,JUG,4,2025-07-12,17.0,High
ORD149684,CWA,3,2026-04-20,20.0,High
ORD177620,CBB,3,2025-06-24,20.0,High
ORD162897,OYF,4,2025-07-29,6.0,High
ORD118296,JVR,4,2025-12-10,17.0,Medium
ORD191042,JLQ,9,2026-04-06,23.0,High
ORD181693,OBP,1,2025-12-01,5.0,Low
ORD125722,JUG,8,2026-01-06,17.0,High
ORD101432,YZD,8,2025-07-09,15.0,High
ORD145550,QMW,3,2025-11-12,25.0,High
ORD122052,LQT,3,2025-08-01,20.0,Medium
ORD142038,CXQ,1,2025-09-06,17.0,High
ORD124266,BKE,8,2026-02-24,20.0,Medium
ORD105549,ZGM,4,2026-03-23,17.0,High
ORD101674,WAN,2,2026-03-06,25.0,Medium
ORD161342,MYU,3,2026-04-16,11.0,Low
ORD119608,ZSI,8,2026-05-28,18.0,Low
ORD137467,RYE,1,2026-05-26,16.0,High
ORD196506,SPC,7,2026-02-19,7.0,High
ORD108141,YOK,3,2025-10-12,14.0,Medium
ORD151994,NFQ,7,2026-05-14,10.0,High
ORD169833,OJI,5,2025-11-24,12.0,Medium
ORD193529,NRP,2,2025-12-14,15.0,High
ORD157900,LAU,10,2025-07-21,5.0,High
ORD118369,NFQ,3,2025-12-26,10.0,High
ORD159845,IFG,1,2026-05-04,23.0,High
ORD176666,YZD,1,2026-02-11,15.0,High
ORD188814,JUG,4,2025-07-20,17.0,High
ORD184097,CEG,3,2025-12-22,15.0,High
ORD147404,OYF,8,2025-08-07,6.0,High
ORD133216,LMQ,1,2025-12-16,20.0,High
ORD172856,INT,9,2025-12-21,18.0,Low
ORD107456,RYE,2,2025-11-24,16.0,High
ORD180179,NRP,1,2025-08-27,15.0,High
ORD109271,JLQ,7,2025-08-19,23.0,High
ORD196405,IFG,1,2025-12-19,23.0,High
ORD194728,WRS,8,2025-06-23,18.0,High
ORD150229,SNC,3,2026-04-14,12.0,High
ORD160754,ZQH,4,2025-08-28,9.0,High
ORD156679,OQN,2,2025-08-29,18.0,High
ORD188255,FLH,3,2025-11-30,10.0,High
ORD198557,PKF,1,2025-12-01,16.0,Medium
ORD175233,JUG,7,2025-10-31,17.0,High
ORD182486,TIJ,4,2026-02-04,23.0,Low
ORD107105,VJG,8,2026-05-04,10.0,High
ORD198639,JLQ,7,2025-09-12,23.0,High
ORD100797,RCW,10,2026-01-17,23.0,High
ORD182906,SNC,2,2026-01-29,12.0,High
ORD175900,XVX,4,2025-11-05,23.0,High
ORD119494,VGB,9,2025-11-12,6.0,Low
ORD175530,YYO,2,2026-01-07,13.0,High
ORD106568,RCW,6,2025-06-05,23.0,High
ORD116061,QMW,8,2026-05-25,25.0,High
ORD155910,FCY,3,2025-12-24,18.0,High
ORD104428,CQO,1,2025-08-17,5.0,High
ORD112934,NRZ,5,2025-11-26,18.0,High
ORD168328,FLH,1,2025-06-18,10.0,High
ORD158740,PSJ,1,2026-04-06,7.0,High
ORD194752,IPE,9,2026-04-13,20.0,Medium
ORD122692,VMG,8,2025-06-10,22.0,Medium
ORD167210,WFV,2,2025-11-18,6.0,High
ORD142881,MBW,8,2026-05-19,9.0,Medium
ORD167834,JLQ,1,2025-09-22,23.0,High
ORD178758,IWO,4,2026-03-16,17.0,Low
ORD183207,JLQ,2,2025-12-10,23.0,High
ORD122366,SNC,2,2025-10-21,12.0,High
ORD144445,RNL,10,2025-09-19,19.0,High
ORD159706,OQN,2,2026-05-02,18.0,High
ORD195508,VJG,1,2025-12-02,10.0,High
ORD150065,VGB,2,2025-12-23,6.0,Low
ORD131922,TAW,3,2025-12-15,17.0,Medium
ORD110225,SCN,1,2025-12-14,20.0,High
ORD185164,WXE,1,2025-08-23,12.0,High
ORD191223,VMG,10,2026-04-17,22.0,Medium
ORD190246,CAT,6,2025-07-13,12.0,Low
ORD196965,DXB,4,2026-05-22,8.0,High
ORD112584,SNC,2,2026-02-10,12.0,High
ORD165763,SCN,2,2026-02-13,20.0,High
ORD117773,MDN,1,2026-05-27,14.0,High
ORD160477,JZT,4,2026-04-15,17.0,High
ORD180335,AFY,2,2025-06-10,16.0,Low
ORD141200,LER,10,2025-11-19,20.0,High
ORD170903,NFQ,1,2025-08-05,10.0,High
ORD146060,KCJ,3,2025-06-26,10.0,High
ORD151889,OYF,4,2025-12-10,6.0,High
ORD132314,NRP,1,2026-03-28,15.0,High
ORD174356,PSJ,2,2026-05-07,7.0,High
ORD160985,TAW,3,2026-02-11,17.0,Medium
ORD152221,FKQ,3,2025-12-11,13.0,High
ORD192806,HGC,3,2025-07-31,14.0,Low
ORD133291,XVX,6,2026-03-23,23.0,High
ORD132267,DXB,9,2025-11-30,8.0,High
ORD180759,SMS,4,2026-03-22,23.0,Medium
ORD195274,RBX,2,2026-04-01,21.0,High
ORD183628,HQD,3,2025-09-27,11.0,Low
ORD167589,NTQ,3,2025-10-22,10.0,Low
ORD189554,JUG,3,2025-08-18,17.0,High
ORD168329,PKF,1,2025-12-12,16.0,Medium
ORD137240,VJG,4,2026-02-03,10.0,High
ORD147377,VMG,1,2026-05-04,22.0,Medium
ORD135011,ADM,5,2025-07-06,20.0,High
ORD136787,JLQ,7,2025-08-10,23.0,High
ORD156609,WAN,3,2025-11-13,25.0,Medium
ORD198137,VJG,1,2025-10-12,10.0,High
ORD198924,YOK,9,2026-06-01,14.0,Medium
ORD176620,NUD,2,2025-08-05,11.0,High
ORD151293,HSD,3,2025-09-21,10.0,High
ORD113822,XIM,3,2026-02-13,12.0,Medium
ORD191673,CZS,2,2025-12-22,6.0,Medium
ORD184099,NRZ,1,2025-06-02,18.0,High
ORD122250,SNC,3,2026-01-10,12.0,High
ORD162625,CBB,2,2025-08-20,20.0,High
ORD110291,RBX,3,2025-12-03,21.0,High
ORD111275,QAG,5,2025-11-27,18.0,High
ORD137248,FKQ,3,2025-09-04,13.0,High
ORD157485,MDN,6,2026-01-21,14.0,High
ORD171473,IFG,2,2025-11-22,23.0,High
ORD190828,GBF,4,2026-05-09,24.0,Low
ORD127453,CXQ,1,2025-07-10,17.0,High
ORD195556,SCN,1,2026-03-09,20.0,High
ORD107108,SPG,3,2025-12-18,25.0,Medium
ORD186236,SCN,3,2025-08-15,20.0,High
ORD165971,CWE,10,2025-11-28,24.0,Low
ORD101031,MWM,2,2025-11-24,14.0,Medium
ORD124192,NRZ,3,2025-06-05,18.0,High
ORD114187,OIT,3,2025-08-04,20.0,Medium
ORD171341,SPG,5,2025-09-14,25.0,Medium
ORD119812,LER,1,2025-12-17,20.0,High
ORD118960,CEG,3,2025-10-04,15.0,High
ORD176536,RNL,3,2026-01-28,19.0,High
ORD188354,SPC,2,2026-02-05,7.0,High
ORD188794,TRB,10,2026-02-09,12.0,Medium
ORD125856,RRI,4,2025-11-22,11.0,Medium
ORD192499,SNC,6,2026-04-23,12.0,High
ORD127872,CBB,3,2026-01-30,20.0,High
ORD140304,ADM,1,2025-09-06,20.0,High
ORD151621,OZB,7,2025-06-05,19.0,High
ORD130584,JLQ,6,2026-05-14,23.0,High
ORD159952,OJI,4,2026-02-09,12.0,Medium
ORD144562,ADM,8,2025-11-25,20.0,High
ORD147050,ILE,2,2026-05-30,14.0,Medium
ORD126459,QIE,4,2025-09-07,7.0,Low
ORD154094,LAU,1,2026-05-02,5.0,High
ORD145701,DRD,9,2025-12-20,17.0,Low
ORD180266,PSJ,6,2026-04-22,7.0,High
ORD183018,YBM,1,2025-09-19,5.0,Low
ORD119541,QMW,2,2025-12-04,25.0,High
ORD153330,BKE,1,2026-01-10,20.0,Medium
ORD104664,YYO,5,2026-05-04,13.0,High
ORD187207,FCY,1,2026-02-22,18.0,High
ORD160292,JZT,1,2025-09-07,17.0,High
ORD182048,NRP,2,2025-08-22,15.0,High
ORD118347,YZD,2,2025-09-14,15.0,High
ORD113081,IWO,1,2026-03-17,17.0,Low
ORD116336,IGP,7,2026-01-28,9.0,High
ORD122502,YOK,10,2025-11-27,14.0,Medium
ORD137451,SPV,4,2025-07-16,6.0,High
ORD140006,LPS,3,2026-01-07,25.0,High
ORD120236,NNV,2,2026-01-01,12.0,Low
ORD135787,SPG,10,2026-02-18,25.0,Medium
ORD133323,CZS,2,2026-03-18,6.0,Medium
ORD194647,VMG,1,2025-09-21,22.0,Medium
ORD132936,LMQ,2,2026-04-19,20.0,High
ORD137832,YZD,2,2026-03-24,15.0,High
ORD131053,XRZ,3,2026-03-16,23.0,Medium
ORD122811,NRP,6,2026-02-06,15.0,High
ORD185365,OYF,6,2025-08-07,6.0,High
ORD102838,OIT,5,2025-10-04,20.0,Medium
ORD187861,SNC,4,2026-01-31,12.0,High
ORD169598,IPE,3,2025-09-24,20.0,Medium
ORD128489,LMQ,4,2025-09-07,20.0,High
ORD134053,WRS,2,2026-03-16,18.0,High
ORD197985,YZD,2,2026-01-06,15.0,High
ORD119112,WRS,2,2025-11-26,18.0,High
ORD117454,LER,1,2026-01-02,20.0,High
ORD194797,BES,4,2025-10-09,15.0,High
ORD132037,RRI,6,2025-07-10,11.0,Medium
ORD172241,NUD,8,2026-02-02,11.0,High
ORD195391,PSJ,1,2025-08-24,7.0,High
ORD165923,ZGM,1,2026-05-21,17.0,High
ORD143978,DXB,3,2026-02-11,8.0,High
ORD178812,OVY,9,2025-10-13,8.0,Medium
ORD189292,ZQH,6,2026-02-12,9.0,High
ORD183424,ZGM,1,2026-03-22,17.0,High
ORD188850,FLH,1,2026-05-18,10.0,High
ORD153531,WOW,10,2025-08-01,15.0,High
ORD162689,EJV,1,2025-11-19,17.0,Low
ORD128393,IPE,8,2026-05-31,20.0,Medium
ORD146527,WFV,9,2025-12-21,6.0,High
ORD174069,QMW,8,2025-12-22,25.0,High
ORD175625,ROB,4,2025-08-23,15.0,Low
ORD165683,OQN,10,2025-07-21,18.0,High
ORD182857,WXE,1,2025-07-04,12.0,High
ORD148438,IPE,7,2026-02-19,20.0,Medium
ORD161855,RBX,6,2025-06-20,21.0,High
ORD140807,CXQ,6,2026-01-30,17.0,High
ORD182049,SNC,4,2026-03-06,12.0,High
ORD166267,JLQ,6,2025-11-23,23.0,High
ORD191478,SPV,5,2025-10-06,6.0,High
ORD136759,LPS,1,2026-03-02,25.0,High
ORD161516,CBB,2,2026-04-24,20.0,High
ORD189845,CEG,7,2025-06-26,15.0,High
ORD107212,CXQ,10,2025-07-05,17.0,High
ORD165090,RYE,7,2025-11-24,16.0,High
ORD143521,CXQ,4,2025-09-10,17.0,High
ORD185810,RBX,1,2026-01-14,21.0,High
ORD156194,FCY,10,2026-03-22,18.0,High
ORD133809,NRP,3,2025-11-09,15.0,High
ORD106491,BES,3,2025-12-20,15.0,High
ORD125902,WEK,8,2025-07-08,14.0,Medium
ORD165895,GWD,5,2025-07-20,24.0,High
ORD198039,BES,6,2025-10-19,15.0,High
ORD146240,RCW,5,2025-09-01,23.0,High
ORD126478,MGY,3,2026-02-21,9.0,Low
ORD191797,NRP,2,2026-02-01,15.0,High
ORD159077,WFV,3,2025-07-16,6.0,High
ORD112770,NFQ,10,2026-02-05,10.0,High
ORD109521,RBX,9,2026-05-17,21.0,High
ORD130702,QMW,9,2025-09-21,25.0,High
ORD134010,ZGM,1,2025-06-13,17.0,High
ORD168154,TRB,2,2025-10-09,12.0,Medium
ORD169508,QEU,10,2026-04-16,23.0,Medium
ORD121878,NFQ,7,2026-04-19,10.0,High
ORD127845,KCJ,3,2026-03-26,10.0,High
ORD172639,MJP,1,2026-01-14,22.0,Low
ORD147907,SMS,5,2025-12-15,23.0,Medium
ORD107803,ADM,1,2025-10-14,20.0,High
ORD131670,WEK,3,2026-05-21,14.0,Medium
ORD137709,ZQH,1,2025-06-02,9.0,High
ORD110559,SPC,7,2025-06-13,7.0,High
ORD118883,JZT,2,2026-04-13,17.0,High
ORD178884,VMG,3,2025-09-18,22.0,Medium
ORD192404,JLQ,2,2026-04-08,23.0,High
ORD110015,RBX,2,2025-10-11,21.0,High
ORD171301,LMQ,10,2025-10-12,20.0,High
ORD186688,SNC,1,2026-04-17,12.0,High
ORD139322,NGF,3,2026-02-28,19.0,Low
ORD121039,WOW,7,2025-07-30,15.0,High
ORD135707,IFG,3,2026-03-30,23.0,High
ORD114698,FLH,4,2026-05-16,10.0,High
ORD123628,NRP,4,2025-10-09,15.0,High
ORD160300,CWA,10,2025-06-09,20.0,High
ORD157461,SPG,2,2025-11-02,25.0,Medium
ORD178410,CQO,4,2025-08-17,5.0,High
ORD179919,FLH,9,2025-07-30,10.0,High
ORD188233,CXQ,3,2026-04-22,17.0,High
ORD182333,NRP,5,2025-06-29,15.0,High
ORD191264,LER,4,2026-01-07,20.0,High
ORD197183,LER,1,2025-12-20,20.0,High
ORD169733,CXQ,10,2026-05-30,17.0,High
ORD102684,CXQ,6,2026-03-19,17.0,High
ORD128388,KRU,4,2026-01-19,16.0,Low
ORD122090,NRP,2,2025-08-02,15.0,High
ORD129491,LMQ,1,2025-11-08,20.0,High
ORD137412,ZQH,4,2026-05-18,9.0,High
ORD199240,NRP,1,2026-04-17,15.0,High
ORD155914,ZUW,9,2025-08-09,22.0,Medium
ORD118479,OZB,1,2025-12-29,19.0,High
ORD165172,ZQH,4,2025-12-21,9.0,High
ORD154177,YZD,6,2026-01-29,15.0,High
ORD156043,FLH,4,2025-09-15,10.0,High
ORD167548,GRT,5,2025-08-06,8.0,Medium
ORD145445,OQN,3,2026-05-07,18.0,High
ORD119191,OZB,2,2025-06-18,19.0,High
ORD146974,RCW,3,2025-06-20,23.0,High
ORD190199,RYE,4,2025-09-08,16.0,High
ORD154915,HSD,4,2025-09-18,10.0,High
ORD140983,XVX,6,2025-11-16,23.0,High
ORD173618,ZQH,2,2025-10-29,9.0,High
ORD172041,ZQH,6,2026-05-19,9.0,High
ORD188728,RRI,2,2025-10-17,11.0,Medium
ORD199139,JVR,2,2026-02-17,17.0,Medium
ORD187044,EVW,1,2026-03-08,7.0,High
ORD133883,XVX,3,2025-11-16,23.0,High
ORD180876,QEU,2,2025-12-30,23.0,Medium
ORD145752,CXQ,1,2025-07-16,17.0,High
ORD144293,JLQ,2,2026-03-18,23.0,High
ORD145975,QAG,2,2026-05-05,18.0,High
ORD151902,XVX,2,2026-02-21,23.0,High
ORD164258,SNC,1,2025-07-29,12.0,High
ORD139485,SPV,2,2025-10-26,6.0,High
ORD138885,RRI,8,2025-12-19,11.0,Medium
ORD154273,XVX,5,2026-02-05,23.0,High
ORD109946,KCJ,4,2025-09-26,10.0,High
ORD108529,XVX,4,2025-10-16,23.0,High
ORD123758,XIM,1,2026-04-09,12.0,Medium
ORD164490,IGP,3,2026-04-19,9.0,High
ORD182066,WEK,2,2026-01-14,14.0,Medium
ORD127284,GWD,7,2026-01-11,24.0,High
ORD158591,WEK,4,2025-09-20,14.0,Medium
ORD193193,IPE,3,2025-08-24,20.0,Medium
ORD108551,YZD,1,2026-05-17,15.0,High
ORD129784,JUG,2,2026-05-03,17.0,High
ORD154592,FCF,4,2025-08-03,5.0,Low
ORD199754,IGP,3,2026-05-06,9.0,High
ORD165214,JUG,3,2025-06-01,17.0,High
ORD196956,FKQ,1,2025-09-10,13.0,High
ORD156376,VKI,10,2025-06-09,6.0,Medium
ORD168594,TAW,10,2026-05-10,17.0,Medium
ORD179366,CQO,1,2026-02-01,5.0,High
ORD100810,SYF,3,2026-01-18,11.0,Low
ORD161295,RBX,8,2025-09-02,21.0,High
ORD116340,HGC,4,2026-04-13,14.0,Low
ORD152815,IFG,3,2025-08-13,23.0,High
ORD180571,RNL,4,2026-01-23,19.0,High
ORD103710,QEU,1,2025-12-02,23.0,Medium
ORD159933,ZGM,7,2025-06-04,17.0,High
ORD185893,BDV,5,2026-01-13,14.0,Low
ORD199335,JLQ,8,2025-08-28,23.0,High
ORD108630,QIE,1,2025-07-16,7.0,Low
ORD175171,GWD,3,2025-11-03,24.0,High
ORD162907,ZGM,6,2026-05-07,17.0,High
ORD172390,JZT,10,2026-02-03,17.0,High
ORD151274,PKF,9,2026-05-31,16.0,Medium
ORD128239,WOW,1,2026-03-16,15.0,High
ORD115449,OZB,1,2026-05-28,19.0,High
ORD164014,WFV,4,2025-12-15,6.0,High
ORD169966,RYE,3,2025-08-21,16.0,High
ORD105840,CWA,2,2026-04-27,20.0,High
ORD136220,CQK,10,2025-11-02,7.0,Medium
ORD110681,QMW,3,2025-06-01,25.0,High
ORD115869,VJG,3,2026-02-05,10.0,High
ORD163334,CEG,2,2025-10-27,15.0,High
ORD189569,FCY,2,2025-11-14,18.0,High
ORD113645,GZE,3,2025-11-13,15.0,Medium
ORD103521,LPS,2,2026-03-01,25.0,High
ORD123064,INT,2,2025-07-21,18.0,Low
ORD151254,FLH,2,2025-10-20,10.0,High
ORD109777,KCJ,4,2025-10-21,10.0,High
ORD140625,OQN,2,2026-03-31,18.0,High
ORD162838,IGP,2,2025-12-20,9.0,High
ORD118581,ZGM,7,2025-10-13,17.0,High
ORD127431,YZD,1,2025-09-01,15.0,High
ORD112457,NRZ,9,2026-01-04,18.0,High
ORD134558,OQN,5,2026-01-08,18.0,High
ORD155845,SNY,3,2025-08-28,15.0,Medium
ORD185772,NFQ,2,2025-08-06,10.0,High
ORD193597,JUG,1,2025-08-04,17.0,High
ORD151128,JUG,3,2026-04-17,17.0,High
ORD106692,CEG,6,2025-11-20,15.0,High
ORD139126,PSJ,1,2025-07-28,7.0,High
ORD173778,WRS,2,2025-06-05,18.0,High
ORD171332,JUC,7,2026-05-18,10.0,Medium
ORD179421,SPV,3,2025-06-03,6.0,High
ORD163250,BDV,7,2025-11-25,14.0,Low
ORD197137,OYF,4,2025-06-27,6.0,High
ORD138197,GWD,8,2025-10-09,24.0,High
ORD168730,FKQ,2,2025-08-31,13.0,High
ORD153191,YYO,3,2025-10-28,13.0,High
ORD191846,ADM,2,2025-10-03,20.0,High
ORD154322,NRZ,7,2025-09-03,18.0,High
ORD149093,DXB,10,2026-03-26,8.0,High
ORD175981,QMW,1,2026-01-08,25.0,High
ORD174840,CWA,9,2025-07-22,20.0,High
ORD157798,OZB,10,2025-11-25,19.0,High
ORD139201,XVX,1,2025-12-19,23.0,High
ORD133823,WFV,4,2026-01-13,6.0,High
ORD147214,CBB,1,2025-10-28,20.0,High
ORD131161,LER,9,2026-05-02,20.0,High
ORD162891,LPS,5,2025-11-07,25.0,High
ORD154235,NRZ,1,2025-11-27,18.0,High
ORD173786,GWD,9,2026-03-10,24.0,High
ORD155802,BES,2,2026-03-18,15.0,High
ORD107736,XVX,3,2025-12-28,23.0,High
ORD160486,IGP,2,2025-12-11,9.0,High
ORD100375,WFV,3,2025-09-04,6.0,High
ORD195950,XVX,4,2025-10-20,23.0,High
ORD114881,FJZ,10,2026-04-12,12.0,Medium
ORD143959,LER,6,2026-05-19,20.0,High
ORD181901,DXB,3,2025-10-14,8.0,High
ORD192117,WRS,2,2025-07-11,18.0,High
ORD111471,CZS,3,2025-12-11,6.0,Medium
ORD114904,IFG,8,2025-06-11,23.0,High
ORD102914,JUG,6,2025-07-19,17.0,High
ORD110084,NFQ,3,2026-01-24,10.0,High
ORD143053,PSJ,10,2026-05-31,7.0,High
ORD122680,RYE,5,2025-06-15,16.0,High
ORD143356,HSD,2,2026-01-24,10.0,High
ORD177661,MDN,2,2025-08-01,14.0,High
ORD153745,UHR,2,2025-06-06,9.0,Low
ORD151861,TIJ,7,2025-07-12,23.0,Low
ORD109017,NMS,1,2026-04-26,16.0,Low
ORD107490,GXL,4,2025-11-23,11.0,Medium
ORD121857,XVX,1,2025-08-13,23.0,High
ORD165237,PBM,9,2026-01-21,19.0,Medium
ORD140089,ADM,2,2025-11-09,20.0,High
ORD182577,QAG,1,2026-03-27,18.0,High
ORD197423,WEK,1,2025-07-20,14.0,Medium
ORD195596,NRZ,4,2025-07-22,18.0,High
ORD152929,GBF,4,2025-08-17,24.0,Low
ORD178537,BRX,1,2026-02-06,15.0,Low
ORD178717,RNL,3,2026-01-24,19.0,High
ORD119957,ZGM,2,2025-10-16,17.0,High
ORD163057,YOK,3,2026-03-25,14.0,Medium
ORD114558,NRP,1,2026-04-05,15.0,High
ORD172467,OJI,9,2025-06-15,12.0,Medium
ORD133712,FKQ,1,2025-07-26,13.0,High
ORD193746,XJB,3,2026-01-04,8.0,Low
ORD173061,WRS,1,2026-05-06,18.0,High
ORD146968,NFQ,3,2025-12-19,10.0,High
ORD105460,QAG,1,2025-09-09,18.0,High
ORD129967,DXB,6,2025-10-28,8.0,High
ORD130924,QAG,6,2026-05-06,18.0,High
ORD122110,FCY,4,2025-07-15,18.0,High
ORD162375,MBW,2,2025-08-25,9.0,Medium
ORD169707,WFV,2,2026-01-05,6.0,High
ORD184333,SPC,4,2026-01-02,7.0,High
ORD146971,WOW,4,2025-07-22,15.0,High
ORD192203,OYF,1,2026-02-12,6.0,High
ORD103782,DXB,8,2025-11-28,8.0,High
ORD130326,LQT,1,2026-03-25,20.0,Medium
ORD105324,CXQ,1,2026-02-10,17.0,High
ORD102540,QAG,3,2025-12-04,18.0,High
ORD121559,SPV,4,2026-01-12,6.0,High
ORD174296,MBW,4,2025-10-02,9.0,Medium
ORD178067,ZUW,4,2026-03-08,22.0,Medium
ORD111252,EVW,1,2026-01-14,7.0,High
ORD183711,LPS,4,2026-05-07,25.0,High
ORD103256,QMW,9,2025-11-21,25.0,High
ORD146798,BES,9,2025-12-13,15.0,High
ORD162804,CQO,3,2025-09-18,5.0,High
ORD126736,DEW,2,2025-07-27,19.0,Low
ORD142983,BRX,1,2025-06-28,15.0,Low
ORD178097,GXL,4,2026-02-03,11.0,Medium
ORD163200,NRP,2,2026-02-24,15.0,High
ORD128833,SNC,3,2026-04-20,12.0,High
ORD178064,LER,1,2026-01-23,20.0,High
ORD191912,OQN,1,2025-12-26,18.0,High
ORD183443,VQB,1,2026-05-28,14.0,Low
ORD155453,NRZ,3,2026-03-11,18.0,High
ORD126937,IGP,7,2025-09-12,9.0,High
ORD162513,JUG,2,2025-10-06,17.0,High
ORD170803,SNC,8,2025-08-21,12.0,High
ORD132927,VMG,6,2026-03-06,22.0,Medium
ORD130620,OQN,3,2026-04-04,18.0,High
ORD169629,NRZ,5,2025-12-12,18.0,High
ORD191513,NFQ,3,2026-02-19,10.0,High
ORD178833,HSD,4,2026-04-04,10.0,High
ORD115460,SCN,4,2025-10-27,20.0,High
ORD151823,WFV,3,2026-01-17,6.0,High
ORD131539,CEG,3,2026-05-23,15.0,High
ORD132042,ZQH,4,2026-04-09,9.0,High
ORD188813,PKF,4,2025-09-20,16.0,Medium
ORD184185,NFQ,8,2026-03-26,10.0,High
ORD101127,LMQ,4,2025-12-21,20.0,High
ORD171560,RCW,1,2025-12-17,23.0,High
ORD148295,XVX,3,2025-07-08,23.0,High
ORD171183,QEU,4,2025-09-18,23.0,Medium
ORD115391,JZT,3,2026-01-11,17.0,High
ORD120861,QMW,1,2025-08-13,25.0,High
ORD106954,WXE,3,2025-12-27,12.0,High
ORD132681,QAG,1,2025-06-25,18.0,High
ORD119187,SNY,4,2025-12-09,15.0,Medium
ORD101273,WXE,2,2026-01-20,12.0,High
ORD129163,RCW,2,2026-03-25,23.0,High
ORD109998,CQO,1,2026-02-02,5.0,High
ORD168058,QMW,3,2026-03-25,25.0,High
ORD131636,QMW,4,2025-10-04,25.0,High
ORD166224,XMO,1,2026-04-08,24.0,Medium
ORD130049,NRP,4,2025-08-14,15.0,High
ORD125204,WFV,4,2026-03-21,6.0,High
ORD139353,NRP,4,2026-03-08,15.0,High
ORD187357,ADM,1,2025-11-11,20.0,High
ORD110323,HSD,3,2025-10-20,10.0,High
ORD141402,FKQ,4,2025-09-10,13.0,High
ORD136659,LPS,3,2025-09-03,25.0,High
ORD142520,FFE,5,2026-04-01,5.0,Medium
ORD170632,WRS,3,2025-07-18,18.0,High
ORD135857,QEU,3,2025-12-18,23.0,Medium
ORD135346,IGP,10,2026-03-07,9.0,High
ORD154525,RIJ,3,2026-03-04,12.0,Low
ORD107794,IPE,10,2025-09-28,20.0,Medium
ORD146009,WFV,7,2025-10-19,6.0,High
ORD100741,MWM,3,2025-07-17,14.0,Medium
ORD187666,FLH,9,2025-10-13,10.0,High
ORD122316,XVX,4,2026-05-03,23.0,High
ORD110443,JUG,3,2025-10-03,17.0,High
ORD165856,HQD,8,2025-10-16,11.0,Low
ORD109590,LAU,1,2025-09-17,5.0,High
ORD172199,JUG,4,2025-12-26,17.0,High
ORD159655,ZGM,2,2025-09-28,17.0,High
ORD136108,ZGM,4,2026-03-24,17.0,High
ORD130759,LAU,5,2026-01-16,5.0,High
ORD107828,RYE,4,2026-05-05,16.0,High
ORD147137,NUD,3,2025-12-18,11.0,High
ORD186671,WFV,1,2026-01-10,6.0,High
ORD169883,SCN,1,2026-03-02,20.0,High
ORD102347,HSD,2,2025-11-09,10.0,High
ORD193831,LER,1,2025-06-12,20.0,High
ORD137229,INT,1,2026-02-09,18.0,Low
ORD164946,ZQH,4,2025-09-22,9.0,High
ORD119715,VJG,5,2026-04-20,10.0,High
ORD111715,ZQH,9,2026-04-30,9.0,High
ORD167396,DXB,8,2025-09-11,8.0,High
ORD137437,CQK,5,2026-05-09,7.0,Medium
ORD125231,RRI,2,2026-02-08,11.0,Medium
ORD199492,DXB,10,2025-07-26,8.0,High
ORD131458,LPS,5,2026-02-23,25.0,High
ORD165796,THQ,2,2026-04-03,5.0,Low
ORD154585,TRB,4,2025-07-12,12.0,Medium
ORD125495,OVY,2,2026-03-24,8.0,Medium
ORD108230,JLQ,7,2026-05-15,23.0,High
ORD166312,ZUW,4,2025-08-10,22.0,Medium
ORD105544,EVW,1,2026-02-23,7.0,High
ORD126494,SPV,8,2025-08-18,6.0,High
ORD108104,CEG,5,2025-12-31,15.0,High
ORD165743,CQK,3,2025-10-13,7.0,Medium
ORD174577,NRP,2,2025-07-21,15.0,High
ORD192088,BES,9,2026-01-21,15.0,High
ORD169619,WRS,2,2025-06-24,18.0,High
ORD146619,EOS,8,2025-06-06,25.0,Low
ORD101099,FKQ,10,2025-07-13,13.0,High
ORD199544,PSJ,2,2026-05-02,7.0,High
ORD156825,CQK,4,2026-04-23,7.0,Medium
ORD191207,DEW,1,2025-12-26,19.0,Low
ORD149141,QEU,2,2026-04-11,23.0,Medium
ORD180497,GZE,10,2025-11-07,15.0,Medium
ORD147851,IGP,3,2025-08-06,9.0,High
ORD194791,RCW,6,2025-08-27,23.0,High
ORD128259,RNZ,3,2025-11-20,10.0,Medium
ORD190287,WOW,1,2025-10-30,15.0,High
ORD144254,TAW,1,2025-09-07,17.0,Medium
ORD182686,GZE,2,2026-01-28,15.0,Medium
ORD117301,CBB,2,2026-04-02,20.0,High
ORD137317,ADM,3,2025-08-16,20.0,High
ORD117424,KCJ,2,2026-02-27,10.0,High
ORD126313,ZQH,4,2025-07-28,9.0,High
ORD156579,OYF,4,2025-08-05,6.0,High
ORD109288,NNV,4,2025-08-13,12.0,Low
ORD121719,CXQ,3,2026-02-09,17.0,High
ORD191967,RCW,3,2025-11-16,23.0,High
ORD161647,GWD,9,2026-04-19,24.0,High
ORD119509,SNC,9,2025-07-14,12.0,High
ORD168002,SPC,9,2025-09-27,7.0,High
ORD194281,GXL,9,2025-09-15,11.0,Medium
ORD167667,RRI,3,2025-06-06,11.0,Medium
ORD106028,MDN,3,2026-02-03,14.0,High
ORD169809,NRZ,1,2026-03-30,18.0,High
ORD193230,FCY,1,2025-08-06,18.0,High
ORD126104,RNZ,7,2026-06-01,10.0,Medium
ORD154018,FCY,7,2026-05-03,18.0,High
ORD198748,ZGM,3,2025-08-27,17.0,High
ORD127327,PSJ,1,2026-05-03,7.0,High
ORD153737,XVX,8,2026-03-01,23.0,High
ORD186262,MDN,4,2026-01-29,14.0,High
ORD175119,YYO,1,2025-10-03,13.0,High
ORD198499,MZV,3,2025-11-25,8.0,Medium
ORD187473,ADM,6,2026-05-18,20.0,High
ORD193778,IGP,1,2026-02-09,9.0,High
ORD167482,NRZ,3,2025-06-02,18.0,High
ORD109432,WXE,4,2025-11-17,12.0,High
ORD190877,PSJ,10,2025-08-11,7.0,High
ORD105742,IGP,1,2025-06-23,9.0,High
ORD159349,YOK,8,2026-05-13,14.0,Medium
ORD122752,WFV,1,2025-06-08,6.0,High
ORD102481,YYO,1,2025-07-19,13.0,High
ORD170375,RBX,1,2026-01-15,21.0,High
ORD102043,SPV,7,2025-06-16,6.0,High
ORD179694,FCY,2,2026-01-12,18.0,High
ORD107914,PSJ,2,2026-03-14,7.0,High
ORD106330,OQN,8,2025-12-23,18.0,High
ORD113022,FLH,2,2025-10-02,10.0,High
ORD191544,WRS,4,2025-12-19,18.0,High
ORD156754,JUG,3,2026-05-12,17.0,High
ORD172502,WRS,2,2026-03-09,18.0,High
ORD189901,LNZ,2,2026-04-26,12.0,Medium
ORD164796,KCJ,3,2026-04-14,10.0,High
ORD186474,GIJ,2,2025-09-30,18.0,Low
ORD148673,WOW,2,2026-04-22,15.0,High
ORD167304,MWM,9,2025-10-30,14.0,Medium
ORD197678,CQK,6,2025-11-12,7.0,Medium
ORD178334,BES,6,2026-01-06,15.0,High
ORD158595,CWA,7,2026-04-11,20.0,High
ORD100148,HGC,6,2025-08-27,14.0,Low
ORD121324,SPV,10,2025-06-14,6.0,High
ORD114718,CEG,10,2026-04-18,15.0,High
ORD148759,ADM,8,2026-02-18,20.0,High
ORD137446,OYF,1,2026-03-14,6.0,High
ORD184239,JPK,4,2025-12-05,19.0,Medium
ORD162760,OYF,2,2025-10-04,6.0,High
ORD111674,RYE,3,2025-07-20,16.0,High
ORD144694,WFV,4,2026-01-24,6.0,High
ORD108059,MWM,4,2026-02-11,14.0,Medium
ORD110222,GWD,8,2025-07-26,24.0,High
ORD136124,VKI,1,2026-05-18,6.0,Medium
ORD135423,HQD,2,2026-01-27,11.0,Low
ORD175745,SNC,2,2025-09-16,12.0,High
ORD161487,YOK,10,2025-10-19,14.0,Medium
ORD167622,SPC,6,2025-06-04,7.0,High
ORD147503,IFG,2,2025-11-11,23.0,High
ORD168530,MDN,7,2026-04-28,14.0,High
ORD128045,IGP,7,2026-01-30,9.0,High
ORD110737,RCW,3,2025-06-04,23.0,High
ORD131729,EVW,2,2025-08-30,7.0,High
ORD164130,TAW,3,2026-01-06,17.0,Medium
ORD119604,QAG,3,2025-12-09,18.0,High
ORD124358,ZDV,3,2025-08-23,25.0,Medium
ORD133681,OQN,3,2026-01-03,18.0,High
ORD108871,JZT,10,2025-08-17,17.0,High
ORD123020,ZQH,5,2026-05-10,9.0,High
ORD153217,DEW,10,2025-11-02,19.0,Low
ORD172977,DRD,6,2026-04-01,17.0,Low
ORD191349,LMQ,10,2025-06-01,20.0,High
ORD103510,VMG,1,2026-05-12,22.0,Medium
ORD164047,ZDV,1,2026-02-22,25.0,Medium
ORD101211,MDN,7,2025-09-14,14.0,High
ORD111107,ZQH,1,2025-10-29,9.0,High
ORD141796,OZB,10,2026-05-09,19.0,High
ORD144601,QAG,1,2026-03-05,18.0,High
ORD175525,KCJ,2,2025-10-17,10.0,High
ORD142252,RYE,3,2025-08-19,16.0,High
ORD116342,GRT,1,2025-06-18,8.0,Medium
ORD152162,NMS,2,2026-02-03,16.0,Low
ORD158373,RNL,4,2026-03-06,19.0,High
ORD181757,XRZ,4,2026-05-01,23.0,Medium
ORD162733,SPC,4,2025-11-03,7.0,High
ORD134058,MJP,1,2026-04-05,22.0,Low
ORD162656,BES,2,2025-08-06,15.0,High
ORD189275,NRP,3,2025-09-07,15.0,High
ORD128562,LNZ,5,2025-06-07,12.0,Medium
ORD199821,MBW,2,2025-08-13,9.0,Medium
ORD189256,OYF,3,2025-12-31,6.0,High
ORD120483,NFQ,2,2025-12-24,10.0,High
ORD112621,IGP,4,2026-01-15,9.0,High
ORD119953,RRI,1,2026-01-10,11.0,Medium
ORD131521,HFC,10,2026-01-15,13.0,Medium
ORD148693,WXE,7,2025-11-25,12.0,High
ORD164192,JZT,4,2026-01-15,17.0,High
ORD145572,BKE,9,2026-05-10,20.0,Medium
ORD174923,LRX,10,2025-10-31,18.0,Low
ORD170577,UHR,2,2026-03-07,9.0,Low
ORD123757,ZGM,4,2025-07-15,17.0,High
ORD153913,WOW,9,2025-07-16,15.0,High
ORD117049,LQT,4,2025-10-29,20.0,Medium
ORD121711,RIJ,3,2026-05-26,12.0,Low
ORD161468,NRP,3,2025-06-14,15.0,High
ORD111868,GXL,4,2025-11-19,11.0,Medium
ORD147290,RBX,2,2026-04-08,21.0,High
ORD175886,ZQH,1,2026-04-26,9.0,High
ORD182926,JUG,3,2025-11-23,17.0,High
ORD119736,CWA,4,2026-02-22,20.0,High
ORD176582,WRS,4,2025-10-10,18.0,High
ORD199842,HSD,3,2025-07-06,10.0,High
ORD128542,BES,1,2025-06-16,15.0,High
ORD141534,RNZ,3,2026-01-24,10.0,Medium
ORD147349,DXB,4,2025-12-09,8.0,High
ORD180496,YZD,2,2025-06-13,15.0,High
ORD197254,TIJ,4,2025-08-29,23.0,Low
ORD122668,SPC,4,2026-04-01,7.0,High
ORD175547,LMQ,4,2025-11-10,20.0,High
ORD148314,FNU,5,2025-08-18,8.0,Low
ORD196718,XVX,3,2026-05-05,23.0,High
ORD169836,NUD,4,2025-11-09,11.0,High
ORD172008,OJI,1,2026-02-03,12.0,Medium
ORD139912,GWD,6,2025-11-08,24.0,High
ORD146179,GWD,4,2026-03-20,24.0,High
ORD153571,RYE,4,2025-06-15,16.0,High
ORD185443,QAG,1,2025-07-24,18.0,High
ORD102828,ADM,1,2026-01-11,20.0,High
ORD100995,DXB,3,2025-08-24,8.0,High
ORD192494,GWD,4,2025-09-10,24.0,High
ORD199455,EVW,2,2025-12-18,7.0,High
ORD144423,LAU,7,2025-07-12,5.0,High
ORD114099,SYF,2,2025-09-16,11.0,Low
ORD152816,CXQ,1,2026-05-31,17.0,High
ORD183692,NFQ,3,2025-11-28,10.0,High
ORD199891,XVX,4,2025-07-04,23.0,High
ORD122833,LER,3,2026-03-04,20.0,High
ORD153361,CBB,4,2026-04-01,20.0,High
ORD165179,SPV,5,2025-07-08,6.0,High
ORD129481,JLQ,7,2026-01-06,23.0,High
ORD196009,RBX,3,2025-06-24,21.0,High
ORD190304,VJG,1,2025-08-17,10.0,High
ORD135111,FKQ,1,2026-05-31,13.0,High
ORD123860,PSJ,7,2025-11-21,7.0,High
ORD123032,WFV,3,2026-03-07,6.0,High
ORD177931,NFQ,10,2025-08-10,10.0,High
ORD157583,XIM,2,2026-04-30,12.0,Medium
ORD158720,NUD,1,2025-12-07,11.0,High
ORD130738,CXQ,2,2026-02-17,17.0,High
ORD147852,XVX,4,2025-12-04,23.0,High
ORD108179,UYZ,2,2026-02-07,22.0,Low
ORD172427,RCW,1,2025-08-21,23.0,High
ORD194133,NUD,3,2025-06-01,11.0,High
ORD150842,VJG,6,2025-08-15,10.0,High
ORD192456,LER,1,2026-03-12,20.0,High
ORD136557,IGP,1,2025-10-12,9.0,High
ORD119258,LAU,4,2026-02-03,5.0,High
ORD124408,RNL,6,2025-08-15,19.0,High
ORD112755,PSJ,1,2025-10-01,7.0,High
ORD147341,CBB,4,2025-07-11,20.0,High
ORD116551,OQN,1,2026-03-07,18.0,High
ORD141045,ADM,9,2025-06-09,20.0,High
ORD115786,SCN,3,2026-01-13,20.0,High
ORD159344,KCJ,3,2026-03-21,10.0,High
ORD164636,RCW,10,2026-02-20,23.0,High
ORD130971,NFQ,4,2025-11-19,10.0,High
ORD187320,CZS,4,2026-02-21,6.0,Medium
ORD141136,LPS,10,2025-08-11,25.0,High
ORD125921,XMO,1,2026-05-10,24.0,Medium
ORD120786,FLH,1,2026-03-06,10.0,High
ORD199171,ZQH,1,2025-12-15,9.0,High
ORD156045,RBX,2,2025-07-21,21.0,High
ORD131904,NRZ,1,2025-07-05,18.0,High
ORD156930,RCW,9,2026-04-17,23.0,High
ORD133833,JUG,4,2026-05-12,17.0,High
ORD171153,QAG,5,2025-09-14,18.0,High
ORD120032,CWA,6,2026-03-16,20.0,High
ORD112509,RRI,5,2025-09-15,11.0,Medium
ORD185905,OBP,5,2026-04-24,5.0,Low
ORD107596,HSD,2,2026-03-13,10.0,High
ORD181912,ADM,2,2025-11-10,20.0,High
ORD174899,NRZ,2,2026-03-24,18.0,High
ORD193495,DXB,4,2026-02-12,8.0,High
ORD109103,LAU,4,2025-06-09,5.0,High
ORD150108,HSD,3,2025-08-30,10.0,High
ORD100910,NRZ,4,2026-02-17,18.0,High
ORD149857,OIT,3,2025-06-13,20.0,Medium
ORD162079,YYO,1,2025-09-11,13.0,High
ORD143747,XVX,10,2025-08-13,23.0,High
ORD191312,XVX,5,2025-10-03,23.0,High
ORD194050,LAU,4,2025-09-13,5.0,High
ORD118263,NRZ,10,2026-05-18,18.0,High
ORD171502,PSJ,2,2025-06-30,7.0,High
ORD157481,NRZ,5,2025-08-20,18.0,High
ORD117314,RBX,4,2025-06-21,21.0,High
ORD100062,FJZ,1,2026-04-24,12.0,Medium
ORD194299,SCN,3,2025-10-14,20.0,High
ORD192607,QMW,3,2026-05-25,25.0,High
ORD128372,ZGM,9,2025-06-04,17.0,High
ORD190439,JLQ,4,2026-04-01,23.0,High
ORD116815,NRP,6,2025-08-29,15.0,High
ORD123579,SNC,2,2025-06-25,12.0,High
ORD174665,NRP,4,2025-11-02,15.0,High
ORD141117,UAX,4,2026-02-12,16.0,Medium
ORD188270,SCN,3,2025-11-19,20.0,High
ORD143233,RBX,3,2025-10-20,21.0,High
ORD100648,FLH,5,2025-06-26,10.0,High
ORD184573,LAU,1,2025-11-03,5.0,High
ORD184225,LPS,10,2025-11-16,25.0,High
ORD118111,EVW,1,2025-09-09,7.0,High
ORD171669,IPE,4,2025-11-11,20.0,Medium
ORD160548,IGP,3,2025-06-16,9.0,High
ORD117497,UPP,1,2025-06-19,10.0,Medium
ORD164210,NMS,3,2026-01-08,16.0,Low
ORD181063,TIJ,3,2025-06-07,23.0,Low
ORD176418,LER,10,2026-03-30,20.0,High
ORD179266,ZUW,1,2025-06-16,22.0,Medium
ORD164637,EVW,2,2025-08-12,7.0,High
ORD137273,RBX,3,2025-07-18,21.0,High
ORD139362,CQO,9,2025-09-24,5.0,High
ORD101902,EVW,2,2025-11-29,7.0,High
ORD129112,SPV,3,2026-03-31,6.0,High
ORD132415,XRZ,1,2025-08-22,23.0,Medium
ORD134455,QAG,1,2026-03-14,18.0,High
ORD134509,CWA,1,2026-05-11,20.0,High
ORD195734,KCJ,4,2025-12-30,10.0,High
ORD138006,SPV,8,2026-04-09,6.0,High
ORD123179,OQN,9,2025-10-31,18.0,High
ORD100294,CQO,5,2025-09-11,5.0,High
ORD170990,SNC,4,2026-05-30,12.0,High
ORD146320,FJZ,3,2025-07-19,12.0,Medium
ORD121301,BES,4,2025-09-30,15.0,High
ORD119336,LER,1,2026-04-08,20.0,High
ORD137791,EVW,7,2025-07-28,7.0,High
ORD167787,YZD,3,2025-10-30,15.0,High
ORD131673,ADM,1,2025-09-26,20.0,High
ORD151219,XMO,2,2026-02-06,24.0,Medium
ORD176677,YZD,4,2026-03-23,15.0,High
ORD113313,SPC,2,2025-08-04,7.0,High
ORD157436,OYF,1,2026-02-05,6.0,High
ORD167908,CSM,5,2025-11-18,14.0,Medium
ORD170297,UYZ,7,2025-07-25,22.0,Low
ORD119523,PBM,1,2026-01-29,19.0,Medium
ORD184074,JPK,4,2025-06-16,19.0,Medium
ORD159012,IPE,8,2025-09-16,20.0,Medium
ORD198468,XMO,6,2026-03-23,24.0,Medium
ORD176710,CBB,2,2025-12-24,20.0,High
ORD130175,WOW,2,2025-07-19,15.0,High
ORD136132,LNZ,1,2025-06-21,12.0,Medium
ORD192066,WXE,5,2026-05-29,12.0,High
ORD107432,QIE,3,2026-03-28,7.0,Low
ORD110605,QAG,4,2025-10-21,18.0,High
ORD168464,WXE,3,2026-05-04,12.0,High
ORD191203,LYE,1,2025-10-14,19.0,Low
ORD153440,ARU,3,2026-04-30,21.0,Medium
ORD168256,QMW,1,2025-11-30,25.0,High
ORD189277,OZB,2,2025-10-20,19.0,High
ORD142752,IPE,10,2025-10-12,20.0,Medium
ORD182041,FLH,4,2025-12-28,10.0,High
ORD118994,XMO,1,2026-03-21,24.0,Medium
ORD192936,ADM,3,2026-05-02,20.0,High
ORD176940,CBB,3,2025-12-15,20.0,High
ORD173067,VMG,1,2026-03-16,22.0,Medium
ORD154699,WRS,1,2026-05-10,18.0,High
ORD160110,CBB,8,2025-11-14,20.0,High
ORD133751,RNL,2,2025-07-15,19.0,High
ORD135665,XIM,7,2025-09-29,12.0,Medium
ORD163314,MJP,3,2026-03-31,22.0,Low
ORD134069,VKI,4,2025-08-20,6.0,Medium
ORD152044,YYO,1,2026-05-18,13.0,High
ORD145210,LQT,2,2026-03-13,20.0,Medium
ORD171030,JUC,4,2026-01-09,10.0,Medium
ORD147828,NRP,4,2025-11-12,15.0,High
ORD131103,CXQ,2,2026-04-15,17.0,High
ORD101456,WFV,2,2025-06-28,6.0,High
ORD141826,QJK,1,2025-11-14,23.0,Low
ORD108115,LFP,2,2025-06-19,15.0,Low
ORD150504,LPS,3,2025-12-13,25.0,High
ORD186878,IGP,3,2025-06-17,9.0,High
ORD107010,OVY,3,2025-10-13,8.0,Medium
ORD176021,NFQ,4,2025-09-25,10.0,High
ORD153490,LMQ,10,2025-07-22,20.0,High
ORD112841,CQO,6,2026-04-16,5.0,High
ORD110306,CWA,8,2026-05-26,20.0,High
ORD117444,SNC,1,2025-11-25,12.0,High
ORD136686,VJG,3,2025-09-05,10.0,High
ORD146445,SMS,4,2025-08-14,23.0,Medium
ORD178491,YZD,2,2026-03-04,15.0,High
ORD166353,PKF,1,2026-05-30,16.0,Medium
ORD125358,VJG,5,2025-07-13,10.0,High
ORD164398,FKQ,5,2026-05-23,13.0,High
ORD107670,MBW,4,2026-04-07,9.0,Medium
ORD165897,CGW,2,2025-07-13,11.0,Medium
ORD162791,NRP,2,2025-09-04,15.0,High
ORD193623,LAU,1,2025-06-04,5.0,High
ORD196469,CGW,4,2026-01-01,11.0,Medium
ORD198869,BES,3,2025-07-16,15.0,High
ORD109026,CEG,1,2026-03-27,15.0,High
ORD107616,HSD,8,2026-04-08,10.0,High
ORD139891,BES,1,2026-02-27,15.0,High
ORD115011,JPK,7,2026-04-18,19.0,Medium
ORD194593,WXE,2,2025-08-09,12.0,High
ORD128431,FKQ,3,2025-09-24,13.0,High
ORD114608,SPV,7,2025-07-17,6.0,High
ORD102602,JLQ,3,2026-03-27,23.0,High
ORD121358,XMO,9,2025-08-12,24.0,Medium
ORD123595,FCY,4,2025-07-24,18.0,High
ORD152037,SNY,3,2026-02-22,15.0,Medium
ORD108334,ADM,9,2026-02-18,20.0,High
ORD149703,CAT,9,2025-11-28,12.0,Low
ORD128834,OYF,4,2026-05-08,6.0,High
ORD109855,SPV,2,2026-02-23,6.0,High
ORD149312,OYF,10,2025-09-20,6.0,High
ORD196680,NRZ,4,2025-06-18,18.0,High
ORD143116,YZD,5,2026-05-01,15.0,High
ORD131493,EVW,6,2026-01-05,7.0,High
ORD137313,OZB,1,2025-09-06,19.0,High
ORD140384,VJG,4,2025-11-30,10.0,High
ORD188440,ILE,9,2025-08-13,14.0,Medium
ORD197513,CGW,5,2025-06-25,11.0,Medium
ORD178854,DXB,7,2026-05-30,8.0,High
ORD129890,WXE,7,2026-01-26,12.0,High
ORD148103,MGM,4,2026-04-22,12.0,Low
ORD195835,FLH,2,2026-01-17,10.0,High
ORD177901,OVY,10,2025-07-24,8.0,Medium
ORD130672,CWA,6,2026-04-24,20.0,High
ORD127455,EVW,2,2025-11-24,7.0,High
ORD156375,LMQ,3,2025-07-15,20.0,High
ORD191614,WRS,4,2026-03-13,18.0,High
ORD124139,JZT,8,2026-03-23,17.0,High
ORD197897,NGF,3,2025-07-08,19.0,Low
ORD182385,CQO,4,2026-01-02,5.0,High
ORD142767,EVW,3,2025-11-26,7.0,High
ORD193636,VJG,1,2025-11-08,10.0,High
ORD153322,NFQ,1,2025-08-11,10.0,High
ORD169139,VJG,5,2025-08-12,10.0,High
ORD129520,WRS,4,2025-08-18,18.0,High
ORD162503,ZUW,2,2025-07-05,22.0,Medium
ORD188849,NRP,2,2026-02-16,15.0,High
ORD161451,LPS,6,2026-01-04,25.0,High
ORD143725,SMS,5,2025-12-22,23.0,Medium
ORD145634,NRZ,1,2026-02-16,18.0,High
ORD175681,NFQ,1,2025-08-20,10.0,High
ORD158563,RNL,8,2025-08-18,19.0,High
ORD167728,LPS,6,2026-05-15,25.0,High
ORD185432,FLH,1,2026-05-22,10.0,High
ORD186646,EVW,3,2026-03-02,7.0,High
ORD185615,NRZ,3,2026-05-05,18.0,High
ORD194485,OQN,3,2026-01-05,18.0,High
ORD192154,ADM,10,2026-05-09,20.0,High
ORD158179,CBB,5,2025-11-08,20.0,High
ORD104858,JUG,3,2026-05-11,17.0,High
ORD108982,FKQ,2,2026-03-05,13.0,High
ORD163789,XVX,3,2025-06-13,23.0,High
ORD169243,OZB,6,2025-09-17,19.0,High
ORD153176,RBX,3,2025-07-21,21.0,High
ORD118519,GWD,4,2026-02-14,24.0,High
ORD174095,LQT,2,2026-03-31,20.0,Medium
ORD163777,IFG,3,2026-05-14,23.0,High
ORD123014,IFG,5,2026-05-07,23.0,High
ORD129780,LER,2,2026-05-23,20.0,High
ORD110050,RNL,2,2026-05-22,19.0,High
ORD174845,IFG,7,2025-06-20,23.0,High
ORD146632,OZB,9,2025-11-13,19.0,High
ORD159803,WEK,3,2025-09-09,14.0,Medium
ORD196154,XMO,1,2025-10-19,24.0,Medium
ORD120435,CQO,6,2025-11-23,5.0,High
ORD189021,RBX,8,2026-01-08,21.0,High
ORD145933,SNC,2,2025-12-21,12.0,High
ORD135518,IFG,1,2025-08-12,23.0,High
ORD168769,WAN,7,2025-10-27,25.0,Medium
ORD110021,RBX,1,2026-05-15,21.0,High
ORD135320,MDN,2,2025-07-05,14.0,High
ORD194162,MGM,1,2025-12-16,12.0,Low
ORD195388,ILE,9,2026-05-08,14.0,Medium
ORD101239,QAG,1,2025-12-14,18.0,High
ORD143619,XIM,2,2026-01-28,12.0,Medium
ORD153852,ZQH,10,2026-01-22,9.0,High
ORD116011,XIM,10,2025-12-03,12.0,Medium
ORD166099,SPV,6,2025-12-04,6.0,High
ORD188034,FKQ,1,2025-10-12,13.0,High
ORD149120,WFV,1,2026-01-20,6.0,High
ORD108734,XIM,8,2025-10-21,12.0,Medium
ORD189981,WOW,2,2026-05-27,15.0,High
ORD198361,WEK,2,2025-08-01,14.0,Medium
ORD134527,WXE,1,2025-10-02,12.0,High
ORD101400,QAG,2,2025-12-28,18.0,High
ORD148596,VQB,2,2025-12-01,14.0,Low
ORD185404,OBP,2,2026-02-05,5.0,Low
ORD159338,CQK,3,2025-08-09,7.0,Medium
ORD190797,LPS,1,2026-02-24,25.0,High
ORD144181,DXB,1,2026-05-28,8.0,High
ORD155745,ZUW,8,2025-12-27,22.0,Medium
ORD141626,ZGM,8,2026-01-01,17.0,High
ORD185904,NFQ,4,2026-05-09,10.0,High
ORD196187,SPC,2,2025-06-13,7.0,High
ORD117715,EVW,7,2025-07-23,7.0,High
ORD102260,QMW,3,2026-02-15,25.0,High
ORD164905,TRB,3,2026-04-23,12.0,Medium
ORD150327,KYB,1,2025-07-16,18.0,Medium
ORD124436,BES,8,2026-03-04,15.0,High
ORD164915,QEU,2,2025-11-03,23.0,Medium
ORD188174,FLH,3,2025-06-06,10.0,High
ORD147711,JLQ,1,2025-10-21,23.0,High
ORD121312,SPC,6,2025-11-05,7.0,High
ORD178307,CQO,2,2026-01-23,5.0,High
ORD142552,MDN,4,2025-08-09,14.0,High
ORD128010,VJG,2,2026-05-28,10.0,High
ORD158465,JVR,4,2025-08-22,17.0,Medium
ORD156863,XMO,1,2025-12-06,24.0,Medium
ORD179424,DEW,9,2025-11-22,19.0,Low
ORD179459,OIT,3,2025-06-20,20.0,Medium
ORD184402,IFG,4,2025-07-13,23.0,High
ORD121412,ZQH,6,2026-02-25,9.0,High
ORD191741,IFG,1,2025-12-07,23.0,High
ORD165359,XRZ,7,2025-06-30,23.0,Medium
ORD121561,OYF,7,2025-10-02,6.0,High
ORD135179,OQN,4,2026-02-02,18.0,High
ORD163304,XVX,3,2025-10-04,23.0,High
ORD136854,EVW,3,2026-05-13,7.0,High
ORD188357,JLQ,1,2026-01-08,23.0,High
ORD164801,FLH,3,2025-12-09,10.0,High
ORD145497,LER,2,2026-03-16,20.0,High
ORD147950,YYO,3,2026-01-05,13.0,High
ORD147267,LAU,2,2026-01-03,5.0,High
ORD139877,GIJ,5,2026-04-07,18.0,Low
ORD132358,ADM,10,2026-05-14,20.0,High
ORD125761,GRT,1,2025-11-11,8.0,Medium
ORD135428,LPS,4,2025-10-12,25.0,High
ORD134404,EVW,1,2025-09-29,7.0,High
ORD190764,FKQ,3,2026-04-25,13.0,High
ORD172227,LFP,9,2026-02-24,15.0,Low
ORD153648,QEU,10,2025-07-21,23.0,Medium
ORD174056,WXE,8,2025-08-11,12.0,High
ORD114066,CXQ,4,2025-11-24,17.0,High
ORD112190,KCJ,1,2025-11-13,10.0,High
ORD186664,NNV,2,2025-12-07,12.0,Low
ORD166822,WEK,1,2025-10-26,14.0,Medium
ORD115380,LER,2,2026-04-20,20.0,High
ORD176279,QAG,2,2025-07-19,18.0,High
ORD176764,XVX,3,2026-01-07,23.0,High
ORD111460,SCN,6,2026-01-13,20.0,High
ORD127290,SCN,10,2025-07-28,20.0,High
ORD186792,XVX,1,2025-10-19,23.0,High
ORD189763,QAG,5,2026-04-18,18.0,High
ORD116626,WFV,3,2025-07-17,6.0,High
ORD143423,HSD,4,2025-10-10,10.0,High
ORD180726,WXE,4,2025-12-13,12.0,High
ORD177324,XVX,8,2026-05-03,23.0,High
ORD110102,IGP,3,2025-06-10,9.0,High
ORD173225,RCW,4,2025-11-01,23.0,High
ORD192060,YZD,7,2025-06-23,15.0,High
ORD155783,LPS,6,2026-01-02,25.0,High
ORD183132,DXB,3,2025-10-09,8.0,High
ORD158057,GZE,6,2025-07-12,15.0,Medium
ORD101319,ILE,7,2025-11-07,14.0,Medium
ORD198865,QAG,6,2026-03-12,18.0,High
ORD195803,HSD,3,2025-11-01,10.0,High
ORD193016,FCY,3,2025-10-08,18.0,High
ORD139973,FCY,1,2025-07-17,18.0,High
ORD163344,BES,10,2025-10-29,15.0,High
ORD149301,LPS,1,2025-06-19,25.0,High
ORD137924,CBB,5,2026-03-30,20.0,High
ORD190879,ZGM,2,2025-06-30,17.0,High
ORD176870,EVW,3,2026-05-15,7.0,High
ORD152126,YZD,6,2026-01-04,15.0,High
ORD122550,YZD,4,2026-03-03,15.0,High
ORD171674,LPS,1,2025-08-12,25.0,High
ORD185401,OQN,3,2025-12-17,18.0,High
ORD162196,CWA,6,2025-12-24,20.0,High
ORD177908,QAG,4,2025-07-30,18.0,High
ORD105566,SPG,10,2025-10-07,25.0,Medium
ORD147086,TRB,2,2025-06-21,12.0,Medium
ORD163567,JLQ,10,2025-07-23,23.0,High
ORD108026,RCW,9,2025-12-31,23.0,High
ORD174195,SPV,6,2026-05-31,6.0,High
ORD148769,QMW,4,2025-07-19,25.0,High
ORD128677,FLH,10,2026-03-31,10.0,High
ORD144714,MGM,2,2026-02-13,12.0,Low
ORD158339,RBX,6,2025-11-02,21.0,High
ORD145166,SCN,2,2025-06-19,20.0,High
ORD115530,WFV,10,2025-11-18,6.0,High
ORD198953,WFV,1,2025-11-29,6.0,High
ORD121946,NTQ,2,2025-09-01,10.0,Low
ORD197259,HGC,1,2025-11-16,14.0,Low
ORD188423,BES,10,2026-02-25,15.0,High
ORD141135,JZT,6,2025-06-25,17.0,High
ORD136704,JPK,3,2026-02-14,19.0,Medium
ORD103031,YZD,8,2025-10-12,15.0,High
ORD128512,WRS,4,2025-06-29,18.0,High
ORD101592,CXQ,1,2026-02-05,17.0,High
ORD146214,DRD,3,2025-06-20,17.0,Low
ORD165714,WXE,1,2026-03-19,12.0,High
ORD167818,RBX,6,2025-07-22,21.0,High
ORD199346,NRP,3,2026-05-13,15.0,High
ORD118708,SPV,2,2025-12-31,6.0,High
ORD180849,BES,4,2026-02-05,15.0,High
ORD138520,GWD,4,2026-03-24,24.0,High
ORD119833,CXQ,4,2026-02-25,17.0,High
ORD157320,NUD,1,2025-09-09,11.0,High
ORD133754,LPS,10,2025-06-24,25.0,High
ORD120057,RCW,8,2025-11-24,23.0,High
ORD170810,XVX,2,2025-09-15,23.0,High
ORD119179,NFQ,3,2026-03-28,10.0,High
ORD120202,LMQ,9,2025-07-26,20.0,High
ORD124261,JZT,5,2025-11-08,17.0,High
ORD108812,OYF,1,2025-10-04,6.0,High
ORD125310,SPV,4,2025-06-21,6.0,High
ORD111890,GBF,1,2026-05-20,24.0,Low
ORD102449,ZQH,8,2025-08-14,9.0,High
ORD190260,WRS,1,2026-04-30,18.0,High
ORD174033,RYE,4,2025-12-12,16.0,High
ORD127818,CQK,2,2025-10-08,7.0,Medium
ORD127283,CQK,10,2025-10-31,7.0,Medium
ORD159275,RCW,9,2025-10-11,23.0,High
ORD153200,CBB,1,2026-02-04,20.0,High
ORD156797,CEG,2,2025-12-02,15.0,High
ORD172334,EVW,7,2025-12-15,7.0,High
ORD162349,CWA,2,2025-10-01,20.0,High
ORD186231,PSJ,4,2026-02-05,7.0,High
ORD110535,XJB,2,2026-03-20,8.0,Low
ORD134459,SPV,2,2026-02-22,6.0,High
ORD111431,FKQ,1,2026-03-22,13.0,High
ORD154300,CWA,5,2025-07-10,20.0,High
ORD176336,NUD,3,2025-10-14,11.0,High
ORD145589,FLH,8,2025-07-30,10.0,High
ORD184682,NRP,3,2026-02-24,15.0,High
ORD125766,NFQ,3,2025-12-23,10.0,High
ORD160061,LMQ,4,2025-06-10,20.0,High
ORD151365,FCY,2,2025-11-17,18.0,High
ORD170185,JLQ,4,2025-11-24,23.0,High
ORD144351,NRP,4,2026-01-24,15.0,High
ORD153075,IFG,1,2025-11-13,23.0,High
ORD194438,SCN,4,2026-03-19,20.0,High
ORD126596,CBB,5,2025-08-08,20.0,High
ORD187111,ZGM,9,2026-01-20,17.0,High
ORD194414,RNZ,1,2026-01-12,10.0,Medium
ORD138423,WRS,1,2026-04-24,18.0,High
ORD172035,SPG,9,2025-07-25,25.0,Medium
ORD145679,WRS,2,2026-04-19,18.0,High
ORD185486,BDV,2,2025-11-23,14.0,Low
ORD178531,EJV,2,2025-07-02,17.0,Low
ORD154736,VJG,3,2025-07-26,10.0,High
ORD130461,ZUW,3,2025-09-01,22.0,Medium
ORD153478,QMW,2,2025-09-04,25.0,High
ORD199022,QAG,1,2025-11-23,18.0,High
ORD112807,RCW,1,2026-04-28,23.0,High
ORD142693,KCJ,4,2026-01-05,10.0,High
ORD176865,JLQ,4,2025-10-07,23.0,High
ORD193146,RIJ,4,2025-08-30,12.0,Low
ORD152564,CGW,2,2025-08-04,11.0,Medium
ORD180134,CBB,10,2025-12-23,20.0,High
ORD148661,FJZ,10,2025-12-22,12.0,Medium
ORD189746,PKF,8,2026-02-13,16.0,Medium
ORD159191,NRZ,1,2025-12-08,18.0,High
ORD181471,QMW,4,2025-11-29,25.0,High
ORD118116,NRP,6,2025-08-03,15.0,High
ORD173889,RYE,1,2026-01-24,16.0,High
ORD125526,BKE,4,2025-07-29,20.0,Medium
ORD156575,FCY,3,2025-08-24,18.0,High
ORD110723,NFQ,1,2025-11-04,10.0,High
ORD120417,VKI,4,2025-10-07,6.0,Medium
ORD164853,GZE,2,2026-01-15,15.0,Medium
ORD198608,DIY,5,2025-11-17,12.0,Low
ORD160703,ZGM,1,2025-08-16,17.0,High
ORD137946,ZDV,3,2026-02-11,25.0,Medium
ORD106766,CVO,3,2026-01-13,20.0,Low
ORD100655,RNL,3,2026-03-31,19.0,High
ORD153444,JLQ,3,2025-11-23,23.0,High
ORD111784,HGC,1,2025-10-27,14.0,Low
ORD106570,EVW,2,2025-08-19,7.0,High
ORD188278,QAG,8,2026-04-11,18.0,High
ORD111245,XIM,3,2025-07-12,12.0,Medium
ORD124690,OQN,9,2025-09-22,18.0,High
ORD135167,YYO,1,2025-11-20,13.0,High
ORD142265,QMW,4,2025-12-11,25.0,High
ORD180518,YZD,9,2026-05-30,15.0,High
ORD151063,PSJ,10,2026-04-25,7.0,High
ORD176885,YZD,1,2025-10-28,15.0,High
ORD124378,LAU,2,2026-01-20,5.0,High
ORD188029,CWE,1,2026-05-14,24.0,Low
ORD165169,LQT,2,2026-01-31,20.0,Medium
ORD155055,MWM,4,2025-07-15,14.0,Medium
ORD139896,VJG,7,2025-06-07,10.0,High
ORD135861,WXE,1,2025-12-16,12.0,High
ORD173238,IFG,3,2025-07-19,23.0,High
ORD177970,SNC,6,2025-10-26,12.0,High
ORD133412,PSJ,3,2025-12-08,7.0,High
ORD120883,MDN,5,2025-07-26,14.0,High
ORD161327,NFQ,4,2025-07-09,10.0,High
ORD125894,EVW,1,2025-08-28,7.0,High
ORD179413,YZD,3,2025-09-24,15.0,High
ORD173452,ZQH,3,2025-07-31,9.0,High
ORD169643,FCY,2,2026-04-28,18.0,High
ORD137726,VMG,1,2025-12-11,22.0,Medium
ORD187461,QAG,8,2025-09-11,18.0,High
ORD189197,QAG,7,2025-09-30,18.0,High
ORD150974,NRZ,3,2025-07-14,18.0,High
ORD108822,SPC,7,2025-10-18,7.0,High
ORD102352,EVW,3,2025-12-07,7.0,High
ORD149540,FLH,5,2026-01-10,10.0,High
ORD190205,ADM,1,2026-01-25,20.0,High
ORD165056,SPV,7,2026-05-19,6.0,High
ORD138209,KYB,9,2026-02-08,18.0,Medium
ORD150810,CSM,2,2025-07-23,14.0,Medium
ORD148845,WEK,4,2026-04-13,14.0,Medium
ORD190255,LER,1,2025-06-04,20.0,High
ORD175251,ADM,8,2026-05-22,20.0,High
ORD113410,FLH,3,2026-04-01,10.0,High
ORD101256,LQT,3,2025-11-23,20.0,Medium
ORD167545,ADM,2,2026-05-19,20.0,High
ORD187528,JUG,8,2026-05-21,17.0,High
ORD160959,SYF,7,2026-04-10,11.0,Low
ORD168363,WFV,6,2026-02-13,6.0,High
ORD105127,IGP,4,2026-01-21,9.0,High
ORD178601,NUD,8,2025-06-28,11.0,High
ORD152664,LAU,1,2026-03-09,5.0,High
ORD148703,EVW,2,2025-06-25,7.0,High
ORD140305,ADM,3,2026-03-05,20.0,High
ORD126085,WXE,3,2025-09-04,12.0,High
ORD165373,WXE,3,2025-12-26,12.0,High
ORD144582,CWA,2,2026-04-10,20.0,High
ORD170074,UAX,4,2025-11-08,16.0,Medium
ORD159932,QAG,5,2025-06-25,18.0,High
ORD171277,CXQ,4,2026-03-04,17.0,High
ORD126829,WRS,1,2026-01-24,18.0,High
ORD190938,LPS,10,2025-06-15,25.0,High
ORD147244,IFG,4,2025-07-19,23.0,High
ORD153094,WFV,4,2025-06-03,6.0,High
ORD103260,SCN,3,2025-10-30,20.0,High
ORD118901,WRS,3,2026-05-31,18.0,High
ORD194940,ZGM,2,2026-03-13,17.0,High
ORD159495,WAN,4,2025-10-11,25.0,Medium
ORD108067,FCF,3,2025-12-22,5.0,Low
ORD106083,QAG,3,2025-11-22,18.0,High
ORD189265,IFG,2,2026-05-30,23.0,High
ORD199496,OZB,4,2025-09-26,19.0,High
ORD195514,LER,7,2026-01-11,20.0,High
ORD165156,OQN,2,2025-11-29,18.0,High
ORD152803,ZGM,1,2025-11-26,17.0,High
ORD141490,WRS,4,2025-12-30,18.0,High
ORD123357,IGP,2,2025-10-18,9.0,High
ORD195602,SPC,5,2025-12-22,7.0,High
ORD196163,MDN,3,2026-03-15,14.0,High
ORD158630,CXQ,8,2025-08-01,17.0,High
ORD100751,SCN,5,2025-10-19,20.0,High
ORD180305,SPV,8,2025-11-14,6.0,High
ORD175054,JZT,2,2026-05-20,17.0,High
ORD147233,CQO,2,2025-12-01,5.0,High
ORD102582,RCW,3,2025-06-23,23.0,High
ORD190856,FKQ,4,2026-05-15,13.0,High
ORD106613,RNZ,4,2025-09-27,10.0,Medium
ORD193067,SCN,1,2025-10-11,20.0,High
ORD167828,JLQ,3,2025-07-27,23.0,High
ORD183581,FLH,3,2026-02-05,10.0,High
ORD188780,CQO,1,2025-06-04,5.0,High
ORD139283,NUD,3,2025-12-21,11.0,High
ORD191841,LPS,1,2026-03-26,25.0,High
ORD148979,WXE,1,2025-09-04,12.0,High
ORD135397,VJG,10,2025-08-02,10.0,High
ORD139284,HSD,4,2025-12-18,10.0,High
ORD122183,YYO,2,2026-05-18,13.0,High
ORD174111,MGY,3,2025-09-23,9.0,Low
ORD115765,WEK,2,2025-10-08,14.0,Medium
ORD160906,KRU,9,2025-10-25,16.0,Low
ORD154617,WOW,1,2026-05-06,15.0,High
ORD166151,RRI,3,2025-12-14,11.0,Medium
ORD193295,RCW,10,2026-02-27,23.0,High
ORD136765,QMW,2,2025-07-26,25.0,High
ORD121207,OVY,4,2026-05-01,8.0,Medium
ORD189297,NRP,2,2026-03-22,15.0,High
ORD101622,WOW,4,2026-01-14,15.0,High
ORD115120,SPC,10,2025-06-03,7.0,High
ORD138643,WRS,7,2026-01-23,18.0,High
ORD122909,CBB,10,2026-01-10,20.0,High
ORD149005,RNL,5,2025-12-05,19.0,High
ORD135138,JLQ,4,2026-03-23,23.0,High
ORD104464,JZT,1,2025-10-14,17.0,High
ORD171731,LRX,4,2026-04-19,18.0,Low
ORD173295,FNU,2,2026-04-14,8.0,Low
ORD121015,CQO,4,2026-01-23,5.0,High
ORD161030,QJK,6,2026-01-23,23.0,Low
ORD199055,RCW,1,2026-05-13,23.0,High
ORD101686,QJK,4,2025-12-01,23.0,Low
ORD147802,ADM,9,2026-04-07,20.0,High
ORD186192,WRS,2,2025-08-12,18.0,High
ORD104216,NFQ,10,2025-10-27,10.0,High
ORD117800,RYE,1,2025-10-24,16.0,High
ORD171151,MDN,3,2026-04-18,14.0,High
ORD141060,ZQH,8,2026-03-03,9.0,High
ORD181556,XVX,2,2025-12-06,23.0,High
ORD117871,LER,3,2025-07-26,20.0,High
ORD168864,MBW,2,2025-08-28,9.0,Medium
ORD164920,MGY,1,2025-07-09,9.0,Low
ORD108055,RBX,4,2025-10-09,21.0,High
ORD122262,CQK,1,2026-02-15,7.0,Medium
ORD142586,IFG,6,2025-08-29,23.0,High
ORD194090,KCJ,4,2026-03-28,10.0,High
ORD112734,FKQ,6,2025-08-27,13.0,High
ORD180195,BDV,10,2025-12-17,14.0,Low
ORD196836,THQ,3,2025-11-15,5.0,Low
ORD127024,IGP,3,2025-07-04,9.0,High
ORD144583,LER,4,2026-01-01,20.0,High
ORD131571,QAG,4,2025-10-23,18.0,High
ORD174422,ZQH,6,2025-10-13,9.0,High
ORD176094,SNC,6,2025-11-24,12.0,High
ORD130655,WXE,2,2025-10-26,12.0,High
ORD159584,FCY,3,2025-06-10,18.0,High
ORD198029,UAX,1,2026-02-04,16.0,Medium
ORD194946,PBM,1,2025-10-11,19.0,Medium
ORD172742,OVY,2,2025-12-12,8.0,Medium
ORD166067,QAG,7,2025-06-12,18.0,High
ORD192223,GZE,4,2025-10-28,15.0,Medium
ORD161579,CXQ,1,2025-11-12,17.0,High
ORD102714,WOW,3,2026-03-02,15.0,High
ORD163932,PBM,4,2025-12-27,19.0,Medium
ORD182682,GWD,9,2025-07-27,24.0,High
ORD174653,CWA,9,2026-01-31,20.0,High
ORD102146,NRP,3,2025-10-04,15.0,High
ORD169735,LRX,5,2025-07-26,18.0,Low
ORD151990,SPC,1,2025-10-20,7.0,High
ORD150667,EVW,3,2025-12-06,7.0,High
ORD123098,CBB,3,2025-10-24,20.0,High
ORD165980,MDN,8,2026-02-13,14.0,High
ORD167111,CSM,3,2026-01-07,14.0,Medium
ORD195045,CWA,10,2026-02-26,20.0,High
ORD133133,XRZ,1,2025-12-01,23.0,Medium
ORD131405,ZGM,7,2025-10-24,17.0,High
ORD140791,LAU,1,2025-11-14,5.0,High
ORD142289,LMQ,1,2025-08-23,20.0,High
ORD167461,ZGM,1,2025-07-21,17.0,High
ORD122607,BKE,4,2026-01-11,20.0,Medium
ORD145212,LPS,1,2025-06-13,25.0,High
ORD136480,BRX,4,2025-08-25,15.0,Low
ORD194120,QAG,2,2025-10-22,18.0,High
ORD175145,MYU,1,2025-12-26,11.0,Low
ORD148262,SNC,7,2025-10-24,12.0,High
ORD160165,PBM,2,2025-08-15,19.0,Medium
ORD121201,IFG,2,2025-08-21,23.0,High
ORD143496,VJG,3,2025-07-26,10.0,High
ORD142652,WXE,2,2026-02-03,12.0,High
ORD113827,XVX,4,2025-06-22,23.0,High
ORD140556,LPS,9,2025-08-08,25.0,High
ORD194464,CEG,1,2025-07-05,15.0,High
ORD129770,XVX,6,2025-10-03,23.0,High
ORD143595,PSJ,4,2026-05-23,7.0,High
ORD142156,FCY,2,2025-06-25,18.0,High
ORD100082,HSD,7,2025-09-15,10.0,High
ORD123501,JUG,3,2026-03-25,17.0,High
ORD149574,JLQ,1,2025-10-26,23.0,High
ORD135054,QMW,3,2026-02-18,25.0,High
ORD142404,CQK,5,2025-11-25,7.0,Medium
ORD197248,MBW,1,2026-03-23,9.0,Medium
ORD120656,NFQ,1,2025-08-22,10.0,High
ORD149378,JUC,3,2026-01-14,10.0,Medium
ORD147186,HSD,1,2025-06-30,10.0,High
ORD128656,NRP,4,2025-08-02,15.0,High
ORD123954,SCN,3,2026-04-25,20.0,High
ORD159303,WOW,2,2026-02-19,15.0,High
ORD154138,KCJ,2,2025-12-03,10.0,High
ORD138830,ESQ,4,2025-10-30,13.0,Low
ORD199759,OQN,3,2026-05-11,18.0,High
ORD181514,PSJ,4,2025-11-30,7.0,High
ORD110311,RCW,6,2025-07-13,23.0,High
ORD150029,ZQH,3,2025-07-05,9.0,High
ORD169875,OZB,1,2025-12-12,19.0,High
ORD125509,QEU,1,2025-09-12,23.0,Medium
ORD140106,NRP,7,2026-03-07,15.0,High
ORD119360,SPC,7,2026-01-30,7.0,High
ORD112269,IFG,3,2025-09-07,23.0,High
ORD160725,ZQH,6,2025-09-19,9.0,High
ORD133988,PSJ,8,2025-07-31,7.0,High
ORD122148,WFV,8,2025-10-12,6.0,High
ORD139265,CGW,9,2026-05-28,11.0,Medium
ORD177600,NRZ,2,2026-05-22,18.0,High
ORD140094,RCW,4,2026-02-26,23.0,High
ORD141484,YZD,7,2025-07-02,15.0,High
ORD197825,MDN,4,2026-06-01,14.0,High
ORD151871,BES,1,2025-08-22,15.0,High
ORD162986,LMQ,5,2026-05-27,20.0,High
ORD191739,RBX,2,2025-09-03,21.0,High
ORD177909,XVX,6,2025-06-18,23.0,High
ORD102408,ADM,1,2025-08-01,20.0,High
ORD168173,XVX,1,2025-09-29,23.0,High
ORD127136,JPK,4,2026-04-26,19.0,Medium
ORD109140,EJV,9,2025-10-31,17.0,Low
ORD138590,FCY,4,2026-05-16,18.0,High
ORD171120,FCY,8,2025-06-29,18.0,High
ORD179840,GWD,2,2026-03-03,24.0,High
ORD171770,VMG,3,2025-09-18,22.0,Medium
ORD118778,GXL,4,2025-07-14,11.0,Medium
ORD195644,ZQH,4,2026-02-01,9.0,High
ORD125715,QAG,4,2025-07-14,18.0,High
ORD155057,JLQ,2,2026-04-01,23.0,High
ORD165919,WOW,2,2026-03-19,15.0,High
ORD106602,ESQ,4,2025-11-16,13.0,Low
ORD190888,HSD,8,2026-03-13,10.0,High
ORD110599,XIM,4,2025-07-17,12.0,Medium
ORD150251,CBB,4,2025-06-19,20.0,High
ORD107283,LPS,5,2025-06-04,25.0,High
ORD132342,DXB,1,2025-08-25,8.0,High
ORD109123,CEG,1,2025-12-16,15.0,High
ORD198935,JLQ,4,2025-08-18,23.0,High
ORD113883,ILE,8,2025-07-03,14.0,Medium
ORD188700,WOW,4,2025-09-14,15.0,High
ORD182117,SMS,3,2025-06-23,23.0,Medium
ORD125781,CZS,3,2025-11-01,6.0,Medium
ORD173458,JUG,3,2026-05-09,17.0,High
ORD137047,YYO,6,2026-04-23,13.0,High
ORD145668,JVR,4,2025-10-13,17.0,Medium
ORD137693,EVW,4,2026-05-03,7.0,High
ORD140467,ZGM,7,2026-03-30,17.0,High
ORD156751,WOW,1,2026-02-03,15.0,High
ORD183007,JUG,1,2025-09-12,17.0,High
ORD131288,RCW,1,2026-02-21,23.0,High
ORD159020,JLQ,2,2025-06-27,23.0,High
ORD149348,YZD,10,2025-09-12,15.0,High
ORD163210,LAU,2,2026-01-07,5.0,High
ORD123553,LQT,10,2025-08-16,20.0,Medium
ORD170407,WOW,1,2025-06-06,15.0,High
ORD158863,ILE,1,2025-08-30,14.0,Medium
ORD167420,YZD,1,2026-05-02,15.0,High
ORD120156,WOW,7,2025-10-10,15.0,High
ORD161206,VJG,6,2025-06-02,10.0,High
ORD156789,YOK,3,2026-03-30,14.0,Medium
ORD139999,CZS,4,2025-11-28,6.0,Medium
ORD132665,MBW,3,2025-11-26,9.0,Medium
ORD164842,SPC,3,2026-01-03,7.0,High
ORD116377,CQO,4,2026-03-31,5.0,High
ORD136937,CWA,4,2025-08-18,20.0,High
ORD166729,WFV,2,2026-01-21,6.0,High
ORD194318,VJG,5,2026-03-21,10.0,High
ORD154331,OYF,2,2025-06-23,6.0,High
ORD140839,GBF,8,2025-11-03,24.0,Low
ORD105663,CEG,8,2025-09-06,15.0,High
ORD162181,OVY,1,2025-11-20,8.0,Medium
ORD137533,JZT,2,2025-07-27,17.0,High
ORD115769,OQN,1,2025-10-02,18.0,High
ORD142004,CBB,2,2025-12-08,20.0,High
ORD191025,WAN,9,2025-09-05,25.0,Medium
ORD127893,HSD,3,2025-11-04,10.0,High
ORD166668,VMG,3,2025-06-22,22.0,Medium
ORD104508,LMQ,2,2026-04-13,20.0,High
ORD169932,KCJ,1,2025-06-27,10.0,High
ORD143867,FKQ,3,2025-06-12,13.0,High
ORD198441,DXB,2,2025-12-12,8.0,High
ORD111738,MDN,1,2025-08-16,14.0,High
ORD157745,CQO,1,2025-11-08,5.0,High
ORD110959,LPS,3,2026-01-26,25.0,High
ORD186973,QMW,3,2026-03-10,25.0,High
ORD103551,CXQ,6,2025-09-18,17.0,High
ORD177305,VJG,3,2025-11-17,10.0,High
ORD131424,QMW,3,2025-07-19,25.0,High
ORD102295,EVW,3,2025-06-23,7.0,High
ORD181191,NFQ,1,2025-06-01,10.0,High
ORD115787,YZD,7,2025-10-07,15.0,High
ORD177266,CSM,2,2025-12-26,14.0,Medium
ORD116802,PKF,1,2026-05-07,16.0,Medium
ORD113029,FCY,3,2025-07-24,18.0,High
ORD173835,CGW,1,2026-04-24,11.0,Medium
ORD109426,XVX,1,2025-09-21,23.0,High
ORD164982,QAG,4,2025-10-25,18.0,High
ORD121764,PKF,1,2026-01-11,16.0,Medium
ORD162581,LER,2,2026-01-24,20.0,High
ORD178316,RNL,2,2025-09-03,19.0,High
ORD112411,FKQ,3,2026-04-28,13.0,High
ORD106396,IFG,4,2025-07-30,23.0,High
ORD122892,WOW,2,2026-03-11,15.0,High
ORD187954,FJZ,2,2026-03-11,12.0,Medium
ORD100833,CBB,7,2026-05-15,20.0,High
ORD143755,HGC,1,2026-05-23,14.0,Low
ORD199621,CXQ,2,2025-06-20,17.0,High
ORD132148,CBB,1,2026-03-23,20.0,High
ORD186577,OQN,4,2025-06-01,18.0,High
ORD123388,XIM,6,2025-12-30,12.0,Medium
ORD146829,CBB,2,2025-11-22,20.0,High
ORD180481,XIM,1,2025-11-16,12.0,Medium
ORD113506,KYB,3,2025-09-11,18.0,Medium
ORD176712,QEU,2,2025-08-16,23.0,Medium
ORD191916,BES,8,2026-02-08,15.0,High
ORD197542,LMQ,6,2025-07-03,20.0,High
ORD140734,LPS,2,2025-08-29,25.0,High
ORD133750,QAG,2,2026-01-11,18.0,High
ORD115470,MDN,1,2025-11-18,14.0,High
ORD149484,WFV,3,2025-08-02,6.0,High
ORD175761,QMW,5,2025-12-05,25.0,High
ORD138576,IFG,3,2026-04-10,23.0,High
ORD164125,YYO,5,2025-06-14,13.0,High
ORD101060,ZQH,3,2025-11-10,9.0,High
ORD167588,RYE,8,2025-06-02,16.0,High
ORD123963,MDN,4,2025-06-04,14.0,High
ORD107520,OYF,2,2025-08-29,6.0,High
ORD150551,INT,6,2025-10-24,18.0,Low
ORD185758,IFG,7,2025-09-25,23.0,High
ORD131517,RCW,4,2025-09-02,23.0,High
ORD187241,NRP,3,2026-04-22,15.0,High
ORD185561,RNL,1,2025-09-11,19.0,High
ORD128457,WAN,1,2026-04-08,25.0,Medium
ORD187594,LAU,3,2026-03-01,5.0,High
ORD157018,RNL,4,2025-08-16,19.0,High
ORD139821,BKE,2,2025-10-14,20.0,Medium
ORD178194,SYF,4,2025-10-15,11.0,Low
ORD168597,EOS,4,2025-08-16,25.0,Low
ORD137393,EVW,2,2025-06-13,7.0,High
ORD139023,EJV,1,2026-03-03,17.0,Low
ORD131111,ADM,4,2026-02-08,20.0,High
ORD175196,CEG,2,2026-01-14,15.0,High
ORD137521,NUD,1,2026-04-24,11.0,High
ORD139660,OQN,4,2025-10-31,18.0,High
ORD123294,RCW,1,2025-11-25,23.0,High
ORD130780,IFG,1,2025-11-25,23.0,High
ORD185748,JUG,1,2025-12-27,17.0,High
ORD109035,YYO,2,2026-01-30,13.0,High
ORD154943,JUG,4,2026-04-16,17.0,High
ORD102773,LAU,2,2025-11-17,5.0,High
ORD100525,YZD,4,2026-04-29,15.0,High
ORD116391,IGP,9,2026-03-12,9.0,High
ORD107505,QAG,7,2025-12-12,18.0,High
ORD146392,HSD,4,2026-03-31,10.0,High
ORD144079,OBP,7,2025-11-09,5.0,Low
ORD153037,BES,4,2026-05-14,15.0,High
ORD169444,FKQ,2,2026-05-09,13.0,High
ORD132717,CQO,2,2026-05-02,5.0,High
ORD172672,KCJ,2,2025-06-11,10.0,High
ORD113098,JUG,1,2026-02-23,17.0,High
ORD168549,CWA,10,2026-03-18,20.0,High
ORD163181,WAN,2,2026-04-07,25.0,Medium
ORD199758,EVW,7,2026-05-06,7.0,High
ORD102484,DIY,1,2025-09-30,12.0,Low
ORD175934,JLQ,3,2026-05-28,23.0,High
ORD170763,JVR,4,2026-01-29,17.0,Medium
ORD150940,MDN,7,2025-11-04,14.0,High
ORD185715,BES,1,2025-12-29,15.0,High
ORD139646,ZSI,9,2025-12-11,18.0,Low
ORD134921,XVX,7,2025-11-03,23.0,High
ORD155332,LAU,4,2025-11-05,5.0,High
ORD181141,OZB,3,2025-08-14,19.0,High
ORD193773,NFQ,2,2026-03-29,10.0,High
ORD156934,OYF,3,2026-01-05,6.0,High
ORD137220,GZE,3,2025-12-10,15.0,Medium
ORD195712,NRP,9,2025-11-25,15.0,High
ORD164506,DXB,2,2025-12-25,8.0,High
ORD162003,ADM,1,2025-12-01,20.0,High
ORD161759,NUD,10,2025-11-08,11.0,High
ORD124918,SCN,2,2025-09-01,20.0,High
ORD171532,OQN,4,2025-09-28,18.0,High
ORD129522,LMQ,1,2026-04-21,20.0,High
ORD149433,UYZ,9,2026-05-15,22.0,Low
ORD172850,IFG,2,2026-02-12,23.0,High
ORD182245,NUD,4,2025-12-18,11.0,High
ORD124167,NRZ,9,2025-07-01,18.0,High
ORD110122,CEG,1,2025-12-01,15.0,High
ORD149206,JUG,2,2025-12-08,17.0,High
ORD142054,ROB,4,2026-03-21,15.0,Low
ORD189004,VKI,6,2025-10-05,6.0,Medium
ORD119153,FCY,3,2026-01-14,18.0,High
ORD106014,OZB,10,2026-03-23,19.0,High
ORD125457,WFV,8,2026-05-10,6.0,High
ORD183747,ZGM,9,2026-04-16,17.0,High
ORD128546,RCW,4,2026-02-21,23.0,High
ORD107732,NRP,1,2025-12-24,15.0,High
ORD183051,JLQ,10,2026-05-18,23.0,High
ORD175319,OZB,2,2025-12-12,19.0,High
ORD112432,BES,2,2025-07-16,15.0,High
ORD126524,JVR,4,2025-08-18,17.0,Medium
ORD103925,RBX,1,2025-06-19,21.0,High
ORD195595,FLH,5,2025-12-20,10.0,High
ORD135633,GWD,6,2026-01-28,24.0,High
ORD197181,FKQ,1,2025-08-23,13.0,High
ORD179436,XJB,3,2026-02-24,8.0,Low
ORD175673,EJV,2,2026-04-15,17.0,Low
ORD127298,OYF,2,2025-06-18,6.0,High
ORD173086,CXQ,1,2026-02-17,17.0,High
ORD179987,TRB,6,2025-11-19,12.0,Medium
ORD193983,LQT,2,2025-10-25,20.0,Medium
ORD111948,MGM,4,2025-07-22,12.0,Low
ORD123707,PSJ,3,2025-10-31,7.0,High
ORD128331,SMS,4,2025-08-18,23.0,Medium
ORD130876,NUD,1,2025-10-10,11.0,High
ORD173583,NUD,3,2025-08-27,11.0,High
ORD157111,FCY,2,2025-09-15,18.0,High
ORD168376,WFV,3,2025-09-12,6.0,High
ORD130692,UAX,4,2025-07-12,16.0,Medium
ORD159622,ILE,4,2025-10-16,14.0,Medium
ORD171102,CXQ,3,2026-05-30,17.0,High
ORD135930,SPV,1,2025-08-24,6.0,High
ORD142511,JVR,2,2026-01-25,17.0,Medium
ORD153641,ZGM,3,2026-03-20,17.0,High
ORD190067,DXB,4,2025-06-21,8.0,High
ORD158133,FLH,8,2025-07-30,10.0,High
ORD128287,NUD,2,2025-11-03,11.0,High
ORD127980,OYF,4,2026-03-01,6.0,High
ORD101668,FLH,3,2026-04-10,10.0,High
ORD161415,FFE,4,2025-08-26,5.0,Medium
ORD138846,RBX,1,2026-04-19,21.0,High
ORD155567,ARU,9,2025-08-30,21.0,Medium
ORD190589,CWE,2,2026-01-12,24.0,Low
ORD141305,OZB,1,2025-07-20,19.0,High
ORD104663,CWA,1,2026-04-22,20.0,High
ORD182644,LPS,6,2025-12-05,25.0,High
ORD148135,XVX,3,2025-12-05,23.0,High
ORD197175,ZGM,3,2026-01-22,17.0,High
ORD193969,JUC,10,2026-05-13,10.0,Medium
ORD157644,BES,2,2026-04-05,15.0,High
ORD125708,SMS,1,2026-03-08,23.0,Medium
ORD179860,PBM,3,2025-10-05,19.0,Medium
ORD113067,LNZ,3,2026-03-01,12.0,Medium
ORD163000,XIM,5,2026-01-12,12.0,Medium
ORD141865,OZB,3,2025-12-24,19.0,High
ORD115291,LPS,2,2025-11-03,25.0,High
ORD101869,CBB,3,2025-12-11,20.0,High
ORD140802,SNY,6,2026-04-14,15.0,Medium
ORD148298,QIE,3,2026-05-05,7.0,Low
ORD172482,FLH,8,2025-08-26,10.0,High
ORD114707,GZE,2,2025-06-18,15.0,Medium
ORD126882,NUD,1,2026-01-07,11.0,High
ORD150255,NRP,1,2026-01-28,15.0,High
ORD189782,LAU,1,2025-12-21,5.0,High
ORD116826,OQN,8,2025-08-19,18.0,High
ORD142944,EVW,3,2026-01-06,7.0,High
ORD192538,EVW,4,2025-07-13,7.0,High
ORD126312,NRZ,10,2026-04-17,18.0,High
ORD146206,ROB,4,2025-08-02,15.0,Low
ORD126258,FCY,1,2025-08-02,18.0,High
ORD178714,SCN,4,2026-03-28,20.0,High
ORD124184,YZD,1,2026-05-23,15.0,High
ORD124394,OYF,3,2026-02-10,6.0,High
ORD198025,BES,1,2025-08-08,15.0,High
ORD148881,QJK,3,2025-10-08,23.0,Low
ORD115599,KCJ,2,2026-01-14,10.0,High
ORD181077,NGF,4,2025-07-02,19.0,Low
ORD136519,ZSI,4,2025-09-18,18.0,Low
ORD196527,RIJ,1,2026-05-25,12.0,Low
ORD131515,AFY,4,2025-11-20,16.0,Low
ORD144026,BES,3,2025-06-14,15.0,High
ORD125242,CQO,2,2025-09-08,5.0,High
ORD165498,ILE,5,2026-02-15,14.0,Medium
ORD155929,CWA,1,2025-08-12,20.0,High
ORD192674,MDN,1,2025-07-05,14.0,High
ORD121249,QMW,10,2026-04-20,25.0,High
ORD139583,TRB,7,2025-12-20,12.0,Medium
ORD185567,UAX,3,2025-12-27,16.0,Medium
ORD152998,GWD,2,2026-05-06,24.0,High
ORD190206,CXQ,1,2026-03-31,17.0,High
ORD160608,JUC,9,2026-05-09,10.0,Medium
ORD119021,SNC,4,2025-12-11,12.0,High
ORD115612,OBP,2,2026-03-28,5.0,Low
ORD109267,NMS,10,2026-01-13,16.0,Low
ORD122147,YZD,8,2025-11-30,15.0,High
ORD109756,LAU,1,2026-02-11,5.0,High
ORD139817,ZQH,7,2025-06-23,9.0,High
ORD172325,WXE,5,2025-08-31,12.0,High
ORD101616,LYE,2,2025-11-07,19.0,Low
ORD107652,CWA,3,2025-09-03,20.0,High
ORD163534,JZT,2,2025-06-25,17.0,High
ORD144814,FCY,3,2025-07-14,18.0,High
ORD134976,SMS,1,2025-08-29,23.0,Medium
ORD166838,QAG,2,2025-10-17,18.0,High
ORD198179,CEG,1,2025-08-11,15.0,High
ORD156078,CQK,9,2025-06-08,7.0,Medium
ORD193882,JLQ,4,2025-09-05,23.0,High
ORD139960,FLH,10,2025-11-17,10.0,High
ORD179839,HSD,2,2026-01-31,10.0,High
ORD196066,SNC,3,2025-09-17,12.0,High
ORD151269,LPS,7,2026-05-16,25.0,High
ORD182793,PSJ,6,2026-01-05,7.0,High
ORD132866,CQK,4,2026-03-17,7.0,Medium
ORD132779,DXB,10,2026-01-15,8.0,High
ORD111655,WOW,7,2026-04-17,15.0,High
ORD155384,CEG,7,2025-12-08,15.0,High
ORD101944,NUD,3,2026-01-27,11.0,High
ORD128155,DXB,3,2025-10-21,8.0,High
ORD169147,SNY,1,2025-08-16,15.0,Medium
ORD116403,DEW,4,2026-03-28,19.0,Low
ORD148286,HFC,3,2026-05-02,13.0,Medium
ORD155690,CQK,10,2025-10-25,7.0,Medium
ORD154213,YYO,4,2025-12-07,13.0,High
ORD196241,RYE,5,2025-10-07,16.0,High
ORD182337,NRP,3,2026-02-01,15.0,High
ORD117457,ZGM,9,2025-12-09,17.0,High
ORD156582,LQT,4,2025-11-07,20.0,Medium
ORD109007,RBX,3,2025-07-07,21.0,High
ORD124232,ILE,2,2025-10-11,14.0,Medium
ORD168860,NRP,3,2026-03-26,15.0,High
ORD155752,JZT,9,2025-10-10,17.0,High
ORD120882,OYF,2,2025-07-01,6.0,High
ORD128054,WRS,3,2025-12-19,18.0,High
ORD184032,QAG,6,2026-01-25,18.0,High
ORD127738,XVX,7,2025-06-13,23.0,High
ORD176522,HSD,4,2025-08-04,10.0,High
ORD106276,ZUW,3,2025-11-13,22.0,Medium
ORD144653,LPS,1,2026-02-06,25.0,High
ORD131899,FCY,7,2025-10-29,18.0,High
ORD171815,SPC,8,2026-01-13,7.0,High
ORD123739,NFQ,3,2025-11-08,10.0,High
ORD189052,WOW,9,2025-06-18,15.0,High
ORD150501,HFC,5,2026-04-19,13.0,Medium
ORD196597,PSJ,8,2025-06-17,7.0,High
ORD177924,VJG,3,2025-08-16,10.0,High
ORD126547,CXQ,3,2025-08-28,17.0,High
ORD160736,NRP,4,2026-04-13,15.0,High
ORD189001,LQT,8,2026-02-05,20.0,Medium
ORD165736,JUG,2,2026-01-06,17.0,High
ORD139351,ROB,6,2025-10-22,15.0,Low
ORD131069,SPV,3,2025-09-09,6.0,High
ORD191153,DRD,8,2025-12-24,17.0,Low
ORD188996,NFQ,3,2025-11-06,10.0,High
ORD158165,MDN,2,2026-05-09,14.0,High
ORD170505,SNC,3,2025-12-02,12.0,High
ORD165927,SCN,6,2026-01-29,20.0,High
ORD108540,IGP,3,2025-12-26,9.0,High
ORD131468,NRZ,2,2026-02-28,18.0,High
ORD168169,QAG,8,2026-04-26,18.0,High
ORD178402,JLQ,3,2026-01-24,23.0,High
ORD170705,GRT,3,2026-01-10,8.0,Medium
ORD182015,CWA,1,2025-09-01,20.0,High
ORD144343,NRP,6,2025-08-15,15.0,High
ORD101982,WRS,3,2025-12-30,18.0,High
ORD128669,OVY,1,2025-08-23,8.0,Medium
ORD185967,NFQ,4,2026-05-19,10.0,High
ORD166946,IGP,6,2026-02-02,9.0,High
ORD199462,SNC,1,2026-04-18,12.0,High
ORD134292,WRS,3,2025-06-29,18.0,High
ORD170336,CQO,3,2026-05-12,5.0,High
ORD153407,SNC,3,2025-12-03,12.0,High
ORD198316,TIJ,2,2026-05-11,23.0,Low
ORD154921,YOK,3,2025-06-20,14.0,Medium
ORD119011,RCW,1,2025-08-12,23.0,High
ORD168462,LAU,1,2025-12-04,5.0,High
ORD198516,CQK,8,2026-03-29,7.0,Medium
ORD179082,MYU,4,2026-04-06,11.0,Low
ORD184692,WXE,4,2025-08-03,12.0,High
ORD107198,NRP,2,2026-02-20,15.0,High
ORD128125,OIT,9,2025-12-24,20.0,Medium
ORD161386,SNC,7,2026-02-13,12.0,High
ORD153717,OZB,4,2026-04-02,19.0,High
ORD132706,ARU,2,2026-01-22,21.0,Medium
ORD178497,JUG,6,2025-06-28,17.0,High
ORD109569,EJV,7,2025-06-11,17.0,Low
ORD197308,OQN,2,2026-05-17,18.0,High
ORD184757,JLQ,6,2026-05-24,23.0,High
ORD176743,WFV,1,2025-09-08,6.0,High
ORD102756,CGW,7,2025-06-16,11.0,Medium
ORD191712,CBB,4,2025-08-08,20.0,High
ORD130349,KCJ,2,2026-04-21,10.0,High
ORD119278,YYO,2,2026-05-28,13.0,High
ORD150820,QAG,2,2026-02-05,18.0,High
ORD118548,NTQ,1,2026-03-04,10.0,Low
ORD159969,ARU,4,2026-04-30,21.0,Medium
ORD181637,MGM,3,2025-12-05,12.0,Low
ORD150971,MWM,2,2025-11-18,14.0,Medium
ORD105704,SPV,8,2025-08-12,6.0,High
ORD172043,JLQ,2,2025-10-09,23.0,High
ORD132044,CGW,4,2026-03-26,11.0,Medium
ORD133188,JUC,1,2026-05-12,10.0,Medium
ORD170087,CZS,6,2025-12-22,6.0,Medium
ORD124388,PSJ,4,2026-02-24,7.0,High
ORD128358,BES,4,2025-09-10,15.0,High
ORD113906,QAG,4,2026-02-22,18.0,High
ORD119527,ESQ,9,2025-07-25,13.0,Low
ORD115452,RYE,2,2025-09-06,16.0,High
ORD125385,YZD,3,2025-10-12,15.0,High
ORD110165,IGP,1,2026-01-17,9.0,High
ORD139388,OBP,1,2026-04-16,5.0,Low
ORD131581,FLH,6,2025-07-05,10.0,High
ORD172394,QAG,3,2025-08-25,18.0,High
ORD157050,HSD,2,2025-10-23,10.0,High
ORD109628,JVR,2,2025-11-20,17.0,Medium
ORD186017,PBM,3,2025-11-16,19.0,Medium
ORD133161,ZDV,2,2025-12-23,25.0,Medium
ORD126841,NUD,1,2025-12-07,11.0,High
ORD101511,IGP,4,2025-11-06,9.0,High
ORD173186,WFV,1,2026-05-10,6.0,High
ORD160305,MJP,7,2025-07-16,22.0,Low
ORD161387,AFY,4,2026-05-14,16.0,Low
ORD160510,CXQ,3,2026-02-11,17.0,High
ORD152525,NFQ,3,2025-07-20,10.0,High
ORD115049,GBF,1,2026-05-16,24.0,Low
ORD131585,QIE,3,2026-03-27,7.0,Low
ORD123166,EVW,8,2025-11-16,7.0,High
ORD104892,NRP,8,2025-10-09,15.0,High
ORD109656,SPC,7,2026-04-10,7.0,High
ORD110380,NRZ,1,2026-05-22,18.0,High
ORD122974,MDN,1,2025-10-20,14.0,High
ORD189556,RYE,1,2025-08-03,16.0,High
ORD148946,VKI,1,2025-06-12,6.0,Medium
ORD199486,MZV,3,2025-09-26,8.0,Medium
ORD101449,ADM,3,2025-07-19,20.0,High
ORD137127,RBX,1,2025-08-28,21.0,High
ORD138518,QAG,5,2025-11-09,18.0,High
ORD156283,JPK,10,2025-09-10,19.0,Medium
ORD179992,ZGM,3,2026-01-19,17.0,High
ORD117234,WXE,6,2025-08-09,12.0,High
ORD170960,CAT,1,2025-12-05,12.0,Low
ORD199394,SPV,6,2026-03-13,6.0,High
ORD110750,NUD,8,2025-09-03,11.0,High
ORD194357,CBB,1,2025-10-27,20.0,High
ORD163058,WRS,3,2026-05-06,18.0,High
ORD162779,NFQ,1,2025-11-16,10.0,High
ORD144153,MDN,6,2025-11-13,14.0,High
ORD100321,NUD,4,2025-12-10,11.0,High
ORD107636,LAU,1,2025-06-13,5.0,High
ORD179599,FCY,3,2025-08-31,18.0,High
ORD117521,PSJ,7,2025-10-02,7.0,High
ORD148195,FKQ,3,2025-12-01,13.0,High
ORD116313,HFC,3,2025-08-19,13.0,Medium
ORD153891,CQK,7,2025-12-23,7.0,Medium
ORD140223,JPK,6,2026-03-04,19.0,Medium
ORD187635,LER,3,2025-11-15,20.0,High
ORD162553,FJZ,4,2026-03-03,12.0,Medium
ORD107038,GXL,2,2025-10-02,11.0,Medium
ORD156614,SPV,4,2026-01-19,6.0,High
ORD174385,MBW,1,2025-12-03,9.0,Medium
ORD156540,IGP,2,2026-02-04,9.0,High
ORD127952,RYE,2,2025-09-15,16.0,High
ORD186622,ARU,1,2025-06-29,21.0,Medium
ORD136559,SPC,5,2025-08-12,7.0,High
ORD157906,SNC,2,2026-04-23,12.0,High
ORD188788,TRB,3,2026-05-02,12.0,Medium
ORD129087,LFP,3,2025-12-19,15.0,Low
ORD185276,SCN,2,2025-11-20,20.0,High
ORD156295,JVR,4,2025-08-01,17.0,Medium
ORD142131,KCJ,2,2025-07-04,10.0,High
ORD169422,IWO,3,2025-11-09,17.0,Low
ORD179576,WFV,3,2025-10-19,6.0,High
ORD156236,LMQ,2,2026-05-31,20.0,High
ORD175767,WXE,2,2026-03-24,12.0,High
ORD101316,YYO,1,2025-09-02,13.0,High
ORD167352,FJZ,4,2025-06-26,12.0,Medium
ORD193167,WRS,3,2026-05-22,18.0,High
ORD135695,VJG,4,2025-10-18,10.0,High
ORD142855,LER,1,2025-08-03,20.0,High
ORD164994,SYF,4,2025-12-18,11.0,Low
ORD152437,OZB,2,2026-03-13,19.0,High
ORD179699,OJI,3,2026-04-11,12.0,Medium
ORD192162,CXQ,6,2025-08-14,17.0,High
ORD167372,HSD,7,2026-04-13,10.0,High
ORD171509,LQT,1,2025-08-21,20.0,Medium
ORD114144,RCW,2,2026-05-12,23.0,High
ORD144790,ADM,3,2026-03-05,20.0,High
ORD151995,JPK,10,2025-12-03,19.0,Medium
ORD123002,UPP,3,2025-08-14,10.0,Medium
ORD180871,OYF,9,2025-08-17,6.0,High
ORD188880,PSJ,10,2025-09-07,7.0,High
ORD194985,RYE,2,2026-03-07,16.0,High
ORD160455,LMQ,1,2025-11-15,20.0,High
ORD151083,ADM,2,2025-12-03,20.0,High
ORD168637,CBB,3,2025-09-09,20.0,High
ORD152976,GZE,7,2025-06-01,15.0,Medium
ORD184134,RNL,7,2025-09-28,19.0,High
ORD165601,JVR,1,2025-07-12,17.0,Medium
ORD139319,NTQ,2,2026-02-05,10.0,Low
ORD188294,LMQ,1,2025-08-19,20.0,High
ORD184629,OYF,3,2025-12-29,6.0,High
ORD152523,NNV,5,2026-05-16,12.0,Low
ORD101879,OJI,2,2026-01-19,12.0,Medium
ORD109499,RYE,5,2025-10-19,16.0,High
ORD148800,OZB,7,2026-02-13,19.0,High
ORD113558,CSM,4,2025-07-14,14.0,Medium
ORD130594,FCY,5,2025-07-18,18.0,High
ORD182724,ZDV,3,2026-05-26,25.0,Medium
ORD193783,XVX,1,2026-05-13,23.0,High
ORD189423,QIE,8,2025-09-28,7.0,Low
ORD116952,MDN,9,2026-02-05,14.0,High
ORD119511,QAG,7,2025-11-06,18.0,High
ORD131706,PBM,2,2025-12-12,19.0,Medium
ORD191319,QMW,1,2025-10-23,25.0,High
ORD141014,BKE,7,2026-02-07,20.0,Medium
ORD129768,CBB,1,2026-05-01,20.0,High
ORD174769,NUD,4,2025-11-13,11.0,High
ORD149625,RBX,8,2025-07-15,21.0,High
ORD146765,XJB,2,2026-05-21,8.0,Low
ORD111839,RNL,6,2025-07-31,19.0,High
ORD171852,OZB,3,2025-09-13,19.0,High
ORD139219,CEG,1,2026-02-17,15.0,High
ORD150837,CBB,10,2025-09-17,20.0,High
ORD144862,JLQ,6,2026-04-29,23.0,High
ORD188312,CEG,1,2025-12-13,15.0,High
ORD182699,RNZ,1,2025-09-22,10.0,Medium
ORD176578,ZGM,4,2026-05-04,17.0,High
ORD185823,NMS,4,2026-04-05,16.0,Low
ORD191545,EVW,2,2025-11-18,7.0,High
ORD189813,RRI,2,2025-07-27,11.0,Medium
ORD122955,VMG,3,2025-11-04,22.0,Medium
ORD143171,SNY,3,2025-08-26,15.0,Medium
ORD115758,TIJ,4,2026-01-20,23.0,Low
ORD142561,TIJ,10,2026-02-05,23.0,Low
ORD157659,GWD,1,2025-12-09,24.0,High
ORD150415,ADM,9,2026-03-19,20.0,High
ORD185375,SNC,1,2026-02-25,12.0,High
ORD141493,BKE,2,2025-07-27,20.0,Medium
ORD106072,XVX,2,2025-09-10,23.0,High
ORD118832,XVX,2,2026-04-24,23.0,High
ORD119404,NUD,1,2025-09-13,11.0,High
ORD115708,GWD,1,2026-02-01,24.0,High
ORD177209,NUD,3,2025-12-24,11.0,High
ORD195710,PSJ,6,2026-03-26,7.0,High
ORD183283,SPC,7,2025-12-11,7.0,High
ORD143740,TIJ,3,2025-06-21,23.0,Low
ORD150168,RBX,8,2026-05-14,21.0,High
ORD194578,QMW,1,2026-02-07,25.0,High
ORD103375,ZGM,3,2026-02-21,17.0,High
ORD146930,DXB,3,2026-01-03,8.0,High
ORD177143,WRS,4,2026-02-11,18.0,High
ORD152270,GYW,4,2025-07-14,24.0,Low
ORD102725,CBB,6,2025-11-16,20.0,High
ORD128233,VJG,2,2026-01-25,10.0,High
ORD126375,FFE,8,2026-05-30,5.0,Medium
ORD185974,ZQH,9,2025-11-18,9.0,High
ORD115948,EVW,10,2025-06-07,7.0,High
ORD199237,IFG,3,2025-10-12,23.0,High
ORD109612,CBB,4,2026-04-29,20.0,High
ORD173416,JZT,10,2025-08-21,17.0,High
ORD143347,ZQH,9,2025-10-16,9.0,High
ORD149042,SMS,7,2026-03-26,23.0,Medium
ORD150395,RNL,2,2026-04-06,19.0,High
ORD125441,SMS,3,2025-07-01,23.0,Medium
ORD102034,NRP,1,2025-10-19,15.0,High
ORD105540,JZT,1,2025-08-04,17.0,High
ORD104846,VJG,9,2025-10-16,10.0,High
ORD161702,EVW,8,2026-03-16,7.0,High
ORD128364,IFG,9,2025-10-23,23.0,High
ORD100737,PSJ,1,2025-09-21,7.0,High
ORD129257,JLQ,4,2026-02-25,23.0,High
ORD146068,ADM,2,2025-09-20,20.0,High
ORD104755,WRS,5,2026-02-13,18.0,High
ORD117354,RBX,3,2025-08-18,21.0,High
ORD123493,RNL,10,2026-01-16,19.0,High
ORD174476,DEW,4,2025-06-01,19.0,Low
ORD196464,XMO,10,2025-12-09,24.0,Medium
ORD111778,ARU,5,2026-04-08,21.0,Medium
ORD127542,WRS,2,2025-11-17,18.0,High
ORD143383,QMW,6,2025-10-17,25.0,High
ORD120706,WXE,2,2025-10-24,12.0,High
ORD141203,CXQ,10,2026-04-18,17.0,High
ORD159398,NUD,4,2025-11-30,11.0,High
ORD109488,NFQ,3,2026-05-14,10.0,High
ORD130102,NRZ,9,2025-07-16,18.0,High
ORD157125,PSJ,1,2026-01-11,7.0,High
ORD135429,ZGM,4,2026-05-21,17.0,High
ORD101541,WFV,9,2026-04-17,6.0,High
ORD190548,FLH,9,2026-02-07,10.0,High
ORD151147,OQN,4,2025-06-08,18.0,High
ORD174262,GZE,10,2026-02-15,15.0,Medium
ORD196179,CGW,6,2026-05-16,11.0,Medium
ORD185783,WFV,3,2026-02-18,6.0,High
ORD117858,WRS,6,2025-07-01,18.0,High
ORD128326,HGC,4,2026-01-15,14.0,Low
ORD168900,YYO,3,2025-10-10,13.0,High
ORD197309,DXB,3,2025-12-03,8.0,High
ORD103566,IFG,9,2026-02-15,23.0,High
ORD159664,ADM,8,2025-06-18,20.0,High
ORD189690,MDN,7,2025-12-06,14.0,High
ORD178477,KCJ,1,2025-09-21,10.0,High
ORD187469,WFV,2,2025-09-06,6.0,High
ORD112405,NRZ,1,2026-05-27,18.0,High
ORD134204,HFC,10,2026-04-24,13.0,Medium
ORD143843,XVX,4,2026-05-17,23.0,High
ORD187085,JLQ,2,2026-01-25,23.0,High
ORD115038,OYF,1,2026-04-13,6.0,High
ORD163069,RBX,1,2026-05-08,21.0,High
ORD192402,CXQ,8,2026-05-31,17.0,High
ORD182882,NFQ,9,2025-06-26,10.0,High
ORD154111,FLH,2,2025-11-04,10.0,High
ORD120104,DXB,2,2026-02-09,8.0,High
ORD174822,VGB,10,2026-04-15,6.0,Low
ORD198761,RYE,2,2026-01-03,16.0,High
ORD142382,MBW,2,2026-01-02,9.0,Medium
ORD168275,PSJ,6,2026-02-23,7.0,High
ORD118571,EGB,1,2025-06-02,13.0,Low
ORD133333,OYF,6,2025-07-22,6.0,High
ORD184607,RNL,7,2026-03-30,19.0,High
ORD104621,LRX,6,2026-04-24,18.0,Low
ORD137179,LER,3,2026-03-04,20.0,High
ORD100505,ZQH,4,2026-04-15,9.0,High
ORD127631,ESQ,2,2026-05-19,13.0,Low
ORD136182,LNZ,2,2025-10-23,12.0,Medium
ORD160768,FLH,10,2025-09-04,10.0,High
ORD120098,CWE,6,2025-12-27,24.0,Low
ORD185314,FFE,4,2026-05-26,5.0,Medium
ORD164911,WOW,4,2025-08-20,15.0,High
ORD192082,IFG,4,2026-05-12,23.0,High
ORD198249,MDN,3,2026-05-29,14.0,High
ORD105752,NRP,3,2026-05-17,15.0,High
ORD140317,RBX,7,2026-05-16,21.0,High
ORD183279,PSJ,2,2025-06-10,7.0,High
ORD123853,OVY,1,2025-11-05,8.0,Medium
ORD184827,LAU,2,2025-08-09,5.0,High
ORD125458,NGF,7,2026-03-26,19.0,Low
ORD178632,QMW,6,2025-07-09,25.0,High
ORD144911,LMQ,2,2025-07-05,20.0,High
ORD181741,LMQ,4,2026-03-06,20.0,High
ORD163199,XVX,2,2025-08-07,23.0,High
ORD159840,ZQH,2,2025-07-19,9.0,High
ORD148544,SNC,2,2026-01-11,12.0,High
ORD152636,JUG,4,2025-11-01,17.0,High
ORD184092,OYF,4,2026-04-03,6.0,High
ORD145151,GXL,3,2025-07-29,11.0,Medium
ORD188090,CBB,3,2025-06-19,20.0,High
ORD179490,NUD,4,2026-04-09,11.0,High
ORD198882,JLQ,4,2026-04-01,23.0,High
ORD198918,RBX,6,2026-02-18,21.0,High
ORD113805,NTQ,1,2025-10-01,10.0,Low
ORD105996,ADM,3,2025-10-03,20.0,High
ORD106753,IFG,2,2026-03-27,23.0,High
ORD152550,SNC,1,2026-01-16,12.0,High
ORD106263,LPS,4,2026-03-04,25.0,High
ORD190336,CBB,3,2025-10-14,20.0,High
ORD157197,PSJ,1,2026-03-04,7.0,High
ORD163637,CWA,3,2025-12-09,20.0,High
ORD185617,CEG,6,2025-12-28,15.0,High
ORD125264,JPK,8,2025-07-28,19.0,Medium
ORD113455,OYF,4,2025-07-09,6.0,High
ORD187563,GZE,8,2026-01-20,15.0,Medium
ORD152552,PSJ,4,2026-01-13,7.0,High
ORD122425,VQB,3,2025-10-24,14.0,Low
ORD101403,LAU,2,2026-03-24,5.0,High
ORD127716,BKE,2,2026-04-28,20.0,Medium
ORD162687,SPV,4,2025-06-27,6.0,High
ORD169206,MGY,5,2026-04-15,9.0,Low
ORD140147,RYE,1,2026-04-23,16.0,High
ORD140933,FKQ,4,2025-10-24,13.0,High
ORD136412,GWD,3,2025-12-16,24.0,High
ORD186305,DXB,2,2026-03-13,8.0,High
ORD105887,ZGM,7,2025-09-19,17.0,High
ORD100314,NRP,2,2026-02-06,15.0,High
ORD103810,LNZ,4,2025-06-22,12.0,Medium
ORD197062,CEG,4,2026-02-18,15.0,High
ORD174175,WFV,4,2026-01-21,6.0,High
ORD117640,NUD,2,2025-10-01,11.0,High
ORD168694,YYO,4,2025-12-20,13.0,High
ORD128860,RNL,10,2025-10-17,19.0,High
ORD146894,CWA,3,2026-04-19,20.0,High
ORD166601,QAG,2,2026-01-20,18.0,High
ORD185362,FLH,10,2025-09-17,10.0,High
ORD140771,ZDV,7,2026-05-22,25.0,Medium
ORD156172,LMQ,9,2026-02-18,20.0,High
ORD195739,ADM,1,2026-01-19,20.0,High
ORD149750,JUC,3,2025-09-21,10.0,Medium
ORD106285,JLQ,8,2025-08-01,23.0,High
ORD158747,LPS,3,2025-08-29,25.0,High
ORD146754,FKQ,2,2026-01-23,13.0,High
ORD187276,DXB,5,2025-06-21,8.0,High
ORD158990,WXE,7,2025-09-10,12.0,High
ORD177402,SPG,1,2026-01-09,25.0,Medium
ORD109040,SNC,2,2025-08-09,12.0,High
ORD112071,IFG,1,2026-05-23,23.0,High
ORD140553,MDN,3,2025-12-18,14.0,High
ORD108752,CQK,3,2025-07-25,7.0,Medium
ORD186861,MDN,7,2025-11-02,14.0,High
ORD142540,QAG,9,2026-01-16,18.0,High
ORD166781,LPS,1,2026-01-12,25.0,High
ORD148299,FKQ,3,2025-10-23,13.0,High
ORD194157,WRS,2,2026-05-21,18.0,High
ORD106565,LQT,3,2025-07-22,20.0,Medium
ORD191653,MDN,3,2025-06-26,14.0,High
ORD194267,SCN,6,2026-04-03,20.0,High
ORD126125,QAG,4,2026-03-20,18.0,High
ORD187488,MYU,1,2025-08-30,11.0,Low
ORD183262,SPC,9,2026-04-26,7.0,High
ORD129667,BES,1,2025-08-02,15.0,High
ORD140224,GYW,7,2026-03-04,24.0,Low
ORD160002,YBM,6,2025-06-20,5.0,Low
ORD180392,OYF,1,2025-07-22,6.0,High
ORD130999,BES,5,2025-11-19,15.0,High
ORD141139,NFQ,3,2025-06-10,10.0,High
ORD112434,YYO,1,2025-07-19,13.0,High
ORD191399,VJG,8,2025-08-29,10.0,High
ORD136611,XMO,1,2025-08-27,24.0,Medium
ORD184039,OBP,2,2025-12-12,5.0,Low
ORD146893,PKF,4,2025-08-14,16.0,Medium
ORD145170,WXE,6,2025-08-03,12.0,High
ORD125545,YZD,2,2026-03-29,15.0,High
ORD145927,WOW,3,2026-04-06,15.0,High
ORD110589,NNV,3,2025-10-10,12.0,Low
ORD193135,MDN,4,2026-03-29,14.0,High
ORD131390,CQO,8,2026-03-29,5.0,High
ORD161032,FLH,2,2026-05-28,10.0,High
ORD156838,WFV,4,2026-01-26,6.0,High
ORD112031,RCW,3,2026-02-04,23.0,High
ORD123741,JPK,9,2025-12-12,19.0,Medium
ORD134746,UHR,6,2025-10-07,9.0,Low
ORD169846,RNL,1,2026-04-27,19.0,High
ORD180030,CGW,1,2026-03-14,11.0,Medium
ORD194904,JVR,4,2025-07-08,17.0,Medium
ORD129220,IPE,8,2026-01-05,20.0,Medium
ORD148228,WXE,3,2025-11-07,12.0,High
ORD145258,LPS,10,2025-08-15,25.0,High
ORD114257,WRS,1,2025-10-29,18.0,High
ORD158397,XMO,3,2025-06-09,24.0,Medium
ORD138503,OQN,1,2025-11-26,18.0,High
ORD154763,VJG,3,2025-09-23,10.0,High
ORD143646,JLQ,4,2025-07-06,23.0,High
ORD179025,GWD,10,2025-11-27,24.0,High
ORD115542,OYF,4,2026-01-24,6.0,High
ORD136282,SPG,7,2025-08-25,25.0,Medium
ORD124350,LYE,2,2025-12-10,19.0,Low
ORD186103,FCY,2,2026-04-29,18.0,High
ORD198061,MDN,10,2025-09-19,14.0,High
ORD165749,VMG,4,2026-03-07,22.0,Medium
ORD161370,JLQ,4,2025-11-10,23.0,High
ORD127578,PBM,4,2025-09-07,19.0,Medium
ORD187931,IPE,3,2025-09-29,20.0,Medium
ORD116520,SPV,8,2025-09-28,6.0,High
ORD153581,CQK,2,2025-06-02,7.0,Medium
ORD117071,JLQ,1,2026-02-21,23.0,High
ORD190465,OZB,5,2025-11-22,19.0,High
ORD181459,ESQ,5,2026-02-22,13.0,Low
ORD141738,SPC,3,2025-11-02,7.0,High
ORD155328,HFC,5,2025-10-17,13.0,Medium
ORD140853,QMW,8,2026-02-24,25.0,High
ORD128821,CWA,10,2026-04-26,20.0,High
